function_id,software_unit_id,source_path,line,qualified_name,visibility,signature,parameter_contract,return_contract,responsibility,algorithm_summary,preconditions,postconditions,explicit_exceptions,side_effects,concurrency,call_dependencies,branch_points,line_span,risk,architecture_id,requirement_ids,test_references,verification_disposition,design_status
FUN-188C32A8D7,UNIT-13CCE7FD07,app.py,29,_ensure_streamlit_runtime,internal,(),无显式输入参数,无返回值（None）,确保Streamlit 运行时上下文；无返回值（None）。,按源码执行顺序经过 `get_script_run_ctx` → `print` → `SystemExit`；包含 2 个条件、循环、异常或模式匹配分支，分支结果汇入返回或状态更新。,无需调用方提供显式参数；所属软件单元已经初始化并满足关联需求约束,无返回值（None）；静态扫描未发现直接外部副作用,SystemExit,未检测到直接副作用,在调用方线程同步执行,get_script_run_ctx;print;SystemExit,2,17,low,ARC-APP,SWR-CORE-002;SWR-UI-001;SWR-CFG-001,,静态分析与组件级验证,已按实现建立基线
FUN-DCCDACE066,UNIT-B2A1584DAD,run_app.py,27,load_dotenv,public,(path: Path),`path`（Path）：文件或目录路径,无返回值（None）,加载.env 环境变量；无返回值（None）。,按源码执行顺序经过 `path.is_file` → `print` → `splitlines` → `path.read_text` → `raw.strip` → `line.startswith` → `line.split` → `key.strip`；包含 4 个条件、循环、异常或模式匹配分支，分支结果汇入返回或状态更新。,调用方提供满足参数类型、取值语义和默认值约定的输入；所属软件单元已经初始化并满足关联需求约束,无返回值（None）；静态扫描未发现直接外部副作用,未发现显式 raise,未检测到直接副作用,在调用方线程同步执行,path.is_file;print;splitlines;path.read_text;raw.strip;line.startswith;line.split;key.strip;val.strip;len,4,15,medium,ARC-APP,SWR-CORE-002;SWR-UI-001;SWR-CFG-001,,静态分析与组件级验证,已按实现建立基线
FUN-79CFC89B7C,UNIT-B2A1584DAD,run_app.py,44,init_dev_env,public,(),无显式输入参数,无返回值（None）,初始化开发环境变量；可能影响共享状态；无返回值（None）。,按源码执行顺序经过 `os.environ.setdefault`；不包含显式控制分支。,无需调用方提供显式参数；所属软件单元已经初始化并满足关联需求约束,无返回值（None）；可观察变化限于共享状态,未发现显式 raise,共享状态变更,在调用方线程同步执行,os.environ.setdefault,0,5,medium,ARC-APP,SWR-CORE-002;SWR-UI-001;SWR-CFG-001,,静态分析与组件级验证,已按实现建立基线
FUN-ACD09C876B,UNIT-B2A1584DAD,run_app.py,51,ensure_streamlit_config,public,(),无显式输入参数,无返回值（None）,确保Streamlit 配置文件；可能影响文件系统；无返回值（None）。,按源码执行顺序经过 `cfg_dir.mkdir` → `config_path.is_file` → `config_path.write_text` → `cred_path.is_file` → `cred_path.write_text`；包含 2 个条件、循环、异常或模式匹配分支，分支结果汇入返回或状态更新。,无需调用方提供显式参数；所属软件单元已经初始化并满足关联需求约束；相关路径满足读取或写入权限及目录边界,无返回值（None）；可观察变化限于文件系统,未发现显式 raise,文件系统读写,在调用方线程同步执行,cfg_dir.mkdir;config_path.is_file;config_path.write_text;cred_path.is_file;cred_path.write_text,2,15,medium,ARC-APP,SWR-CORE-002;SWR-UI-001;SWR-CFG-001,,静态分析与组件级验证,已按实现建立基线
FUN-8991377FD4,UNIT-B2A1584DAD,run_app.py,68,_python_is_usable,internal,(candidate: Path),`candidate`（Path）：由调用方提供的 `candidate` 输入对象,返回 `bool` 类型结果,判断Python 解释器可用性；返回 `bool` 类型结果。,按源码执行顺序经过 `subprocess.run`；包含 1 个条件、循环、异常或模式匹配分支，分支结果汇入返回或状态更新。,调用方提供满足参数类型、取值语义和默认值约定的输入；所属软件单元已经初始化并满足关联需求约束,返回 `bool` 类型结果；静态扫描未发现直接外部副作用,未发现显式 raise,未检测到直接副作用,在调用方线程同步执行,subprocess.run;str,1,12,low,ARC-APP,SWR-CORE-002;SWR-UI-001;SWR-CFG-001,,静态分析与组件级验证,已按实现建立基线
FUN-50C4F81DD9,UNIT-B2A1584DAD,run_app.py,82,resolve_python,public,(),无显式输入参数,返回 `Path | str` 类型结果,解析并选择Python 解释器；返回 `Path | str` 类型结果。,按源码执行顺序经过 `candidate.is_file` → `_python_is_usable`；包含 3 个条件、循环、异常或模式匹配分支，分支结果汇入返回或状态更新。,无需调用方提供显式参数；所属软件单元已经初始化并满足关联需求约束,返回 `Path | str` 类型结果；静态扫描未发现直接外部副作用,未发现显式 raise,未检测到直接副作用,在调用方线程同步执行,candidate.is_file;_python_is_usable,3,6,medium,ARC-APP,SWR-CORE-002;SWR-UI-001;SWR-CFG-001,,静态分析与组件级验证,已按实现建立基线
FUN-40C14BB01B,UNIT-B2A1584DAD,run_app.py,90,_pids_listening_on_port,internal,(port: int),`port`（int）：监听端口,返回 `list[int]` 类型结果,构建监听指定端口的进程标识集合；返回 `list[int]` 类型结果。,按源码执行顺序经过 `os.getpid` → `subprocess.check_output` → `out.splitlines` → `line.upper` → `line.split` → `pids.append` → `out.split` → `token.isdigit`；包含 13 个条件、循环、异常或模式匹配分支，分支结果汇入返回或状态更新。,调用方提供满足参数类型、取值语义和默认值约定的输入；所属软件单元已经初始化并满足关联需求约束,返回 `list[int]` 类型结果；静态扫描未发现直接外部副作用,未发现显式 raise,未检测到直接副作用,在调用方线程同步执行,os.getpid;subprocess.check_output;out.splitlines;line.upper;line.split;int;pids.append;out.split;token.isdigit,13,42,medium,ARC-APP,SWR-CORE-002;SWR-UI-001;SWR-CFG-001,,静态分析与组件级验证,已按实现建立基线
FUN-EFEA1102A6,UNIT-B2A1584DAD,run_app.py,134,_command_line_for_pid,internal,(pid: int),`pid`（int）：进程标识,返回 `str` 类型结果,生成指定进程的命令行文本；返回 `str` 类型结果。,按源码执行顺序经过 `strip` → `subprocess.check_output`；包含 3 个条件、循环、异常或模式匹配分支，分支结果汇入返回或状态更新。,调用方提供满足参数类型、取值语义和默认值约定的输入；所属软件单元已经初始化并满足关联需求约束,返回 `str` 类型结果；静态扫描未发现直接外部副作用,未发现显式 raise,未检测到直接副作用,在调用方线程同步执行,strip;subprocess.check_output;str,3,25,low,ARC-APP,SWR-CORE-002;SWR-UI-001;SWR-CFG-001,,静态分析与组件级验证,已按实现建立基线
FUN-5F95C44360,UNIT-B2A1584DAD,run_app.py,161,_is_project_streamlit_pid,internal,"(pid: int, root: Path)",`pid`（int）：进程标识；`root`（Path）：项目根目录,返回 `bool` 类型结果,判断本项目 Streamlit 进程；返回 `bool` 类型结果。,按源码执行顺序经过 `lower` → `_command_line_for_pid`；包含 1 个条件、循环、异常或模式匹配分支，分支结果汇入返回或状态更新。,调用方提供满足参数类型、取值语义和默认值约定的输入；所属软件单元已经初始化并满足关联需求约束,返回 `bool` 类型结果；静态扫描未发现直接外部副作用,未发现显式 raise,未检测到直接副作用,在调用方线程同步执行,lower;_command_line_for_pid;str,1,6,low,ARC-APP,SWR-CORE-002;SWR-UI-001;SWR-CFG-001,,静态分析与组件级验证,已按实现建立基线
FUN-E5E889737F,UNIT-B2A1584DAD,run_app.py,169,_streamlit_pids,internal,(root: Path),`root`（Path）：项目根目录,返回 `list[int]` 类型结果,构建本项目 Streamlit 进程标识集合；返回 `list[int]` 类型结果。,按源码执行顺序经过 `os.getpid` → `lower` → `root_marker.replace` → `chr` → `subprocess.check_output` → `out.splitlines` → `line.strip` → `line.isdigit`；包含 9 个条件、循环、异常或模式匹配分支，分支结果汇入返回或状态更新。,调用方提供满足参数类型、取值语义和默认值约定的输入；所属软件单元已经初始化并满足关联需求约束,返回 `list[int]` 类型结果；静态扫描未发现直接外部副作用,未发现显式 raise,未检测到直接副作用,在调用方线程同步执行,os.getpid;lower;str;root_marker.replace;chr;subprocess.check_output;out.splitlines;line.strip;line.isdigit;int;pids.append,9,46,medium,ARC-APP,SWR-CORE-002;SWR-UI-001;SWR-CFG-001,,静态分析与组件级验证,已按实现建立基线
FUN-2F41B39115,UNIT-B2A1584DAD,run_app.py,217,_terminate_pid,internal,(pid: int),`pid`（int）：进程标识,无返回值（None）,终止`pid`；无返回值（None）。,按源码执行顺序经过 `subprocess.run` → `os.kill`；包含 3 个条件、循环、异常或模式匹配分支，分支结果汇入返回或状态更新。,调用方提供满足参数类型、取值语义和默认值约定的输入；所属软件单元已经初始化并满足关联需求约束,无返回值（None）；静态扫描未发现直接外部副作用,未发现显式 raise,未检测到直接副作用,在调用方线程同步执行,subprocess.run;str;os.kill,3,16,low,ARC-APP,SWR-CORE-002;SWR-UI-001;SWR-CFG-001,,静态分析与组件级验证,已按实现建立基线
FUN-93AFB64487,UNIT-B2A1584DAD,run_app.py,235,stop_stale_streamlit,public,(port: int),`port`（int）：监听端口,无返回值（None）,停止遗留 Streamlit 进程；无返回值（None）。,按源码执行顺序经过 `_pids_listening_on_port` → `_is_project_streamlit_pid` → `targets.append` → `print` → `_terminate_pid`；包含 4 个条件、循环、异常或模式匹配分支，分支结果汇入返回或状态更新。,调用方提供满足参数类型、取值语义和默认值约定的输入；所属软件单元已经初始化并满足关联需求约束,无返回值（None）；静态扫描未发现直接外部副作用,未发现显式 raise,未检测到直接副作用,在调用方线程同步执行,_pids_listening_on_port;_is_project_streamlit_pid;targets.append;print;_terminate_pid,4,16,medium,ARC-APP,SWR-CORE-002;SWR-UI-001;SWR-CFG-001,,静态分析与组件级验证,已按实现建立基线
FUN-5749848613,UNIT-B2A1584DAD,run_app.py,253,parse_args,public,(),无显式输入参数,返回 `argparse.Namespace` 类型结果,解析命令行参数；返回 `argparse.Namespace` 类型结果。,按源码执行顺序经过 `argparse.ArgumentParser` → `parser.add_argument` → `parser.parse_args`；不包含显式控制分支。,无需调用方提供显式参数；所属软件单元已经初始化并满足关联需求约束,返回 `argparse.Namespace` 类型结果；静态扫描未发现直接外部副作用,未发现显式 raise,未检测到直接副作用,在调用方线程同步执行,argparse.ArgumentParser;parser.add_argument;parser.parse_args,0,9,medium,ARC-APP,SWR-CORE-002;SWR-UI-001;SWR-CFG-001,,静态分析与组件级验证,已按实现建立基线
FUN-8C169563E6,UNIT-B2A1584DAD,run_app.py,264,main,public,(),无显式输入参数,返回 `int` 类型结果,执行 `run_app.py` 的主流程；可能影响共享状态；返回 `int` 类型结果。,按源码执行顺序经过 `os.chdir` → `parse_args` → `init_dev_env` → `load_dotenv` → `ensure_streamlit_config` → `os.environ.get` → `stop_stale_streamlit` → `resolve_python`；包含 4 个条件、循环、异常或模式匹配分支，分支结果汇入返回或状态更新。,无需调用方提供显式参数；所属软件单元已经初始化并满足关联需求约束,返回 `int` 类型结果；可观察变化限于共享状态,未发现显式 raise,共享状态变更,在调用方线程同步执行,os.chdir;parse_args;init_dev_env;load_dotenv;ensure_streamlit_config;int;os.environ.get;stop_stale_streamlit;resolve_python;subprocess.run;str;print;subprocess.call,4,49,medium,ARC-APP,SWR-CORE-002;SWR-UI-001;SWR-CFG-001,,静态分析与组件级验证,已按实现建立基线
FUN-BE28BB75D8,UNIT-DE82D6E44B,scripts/check_aspice_assets.py,68,stable_id,public,"(prefix: str, value: str)",`prefix`（str）：由 `prefix` 表示的文本或标识；`value`（str）：待处理值,返回 `str` 类型结果,生成稳定标识文本；返回 `str` 类型结果。,按源码执行顺序经过 `upper` → `hexdigest` → `hashlib.sha1` → `value.encode`；不包含显式控制分支。,调用方提供满足参数类型、取值语义和默认值约定的输入；所属软件单元已经初始化并满足关联需求约束,返回 `str` 类型结果；静态扫描未发现直接外部副作用,未发现显式 raise,未检测到直接副作用,在调用方线程同步执行,upper;hexdigest;hashlib.sha1;value.encode,0,3,medium,ARC-TOOLS,SWR-NFR-003;SWR-NFR-004,,静态分析与组件级验证,已按实现建立基线
FUN-04A944FECE,UNIT-DE82D6E44B,scripts/check_aspice_assets.py,73,read_yaml,public,(path: Path),`path`（Path）：文件或目录路径,"返回 `dict[str, Any]` 类型结果","读取YAML 数据；返回 `dict[str, Any]` 类型结果。",按源码执行顺序经过 `yaml.safe_load` → `path.read_text` → `isinstance` → `ValueError` → `path.relative_to`；包含 1 个条件、循环、异常或模式匹配分支，分支结果汇入返回或状态更新。,调用方提供满足参数类型、取值语义和默认值约定的输入；所属软件单元已经初始化并满足关联需求约束,"返回 `dict[str, Any]` 类型结果；静态扫描未发现直接外部副作用",ValueError,未检测到直接副作用,在调用方线程同步执行,yaml.safe_load;path.read_text;isinstance;ValueError;path.relative_to,1,5,medium,ARC-TOOLS,SWR-NFR-003;SWR-NFR-004,,静态分析与组件级验证,已按实现建立基线
FUN-6D47944494,UNIT-DE82D6E44B,scripts/check_aspice_assets.py,80,rel,public,(path: Path),`path`（Path）：文件或目录路径,返回 `str` 类型结果,生成仓库相对路径文本；返回 `str` 类型结果。,按源码执行顺序经过 `as_posix` → `path.relative_to`；不包含显式控制分支。,调用方提供满足参数类型、取值语义和默认值约定的输入；所属软件单元已经初始化并满足关联需求约束,返回 `str` 类型结果；静态扫描未发现直接外部副作用,未发现显式 raise,未检测到直接副作用,在调用方线程同步执行,as_posix;path.relative_to,0,2,medium,ARC-TOOLS,SWR-NFR-003;SWR-NFR-004,,静态分析与组件级验证,已按实现建立基线
FUN-6175EF47CC,UNIT-DE82D6E44B,scripts/check_aspice_assets.py,84,source_files,public,(),无显式输入参数,返回 `list[Path]` 类型结果,构建受审源码文件清单；返回 `list[Path]` 类型结果。,按源码执行顺序经过 `sorted` → `ROOT.rglob` → `any` → `path.relative_to` → `casefold` → `rel`；不包含显式控制分支。,无需调用方提供显式参数；所属软件单元已经初始化并满足关联需求约束,返回 `list[Path]` 类型结果；静态扫描未发现直接外部副作用,未发现显式 raise,未检测到直接副作用,在调用方线程同步执行,sorted;ROOT.rglob;any;path.relative_to;casefold;rel,0,9,medium,ARC-TOOLS,SWR-NFR-003;SWR-NFR-004,,静态分析与组件级验证,已按实现建立基线
FUN-7B527C5C90,UNIT-DE82D6E44B,scripts/check_aspice_assets.py,95,document_files,public,(),无显式输入参数,返回 `list[Path]` 类型结果,构建受控文档清单；返回 `list[Path]` 类型结果。,按源码执行顺序经过 `rglob` → `path.is_file` → `paths.update` → `path.exists` → `ROOT.glob` → `sorted` → `casefold` → `rel`；包含 1 个条件、循环、异常或模式匹配分支，分支结果汇入返回或状态更新。,无需调用方提供显式参数；所属软件单元已经初始化并满足关联需求约束,返回 `list[Path]` 类型结果；静态扫描未发现直接外部副作用,未发现显式 raise,未检测到直接副作用,在调用方线程同步执行,rglob;path.is_file;paths.update;path.exists;ROOT.glob;sorted;casefold;rel,1,7,medium,ARC-TOOLS,SWR-NFR-003;SWR-NFR-004,,静态分析与组件级验证,已按实现建立基线
FUN-5AE4FDB3FC,UNIT-DE82D6E44B,scripts/check_aspice_assets.py,104,document_classification,public,(path: Path),`path`（Path）：文件或目录路径,"返回 `tuple[str, str, str, str]` 类型结果","构建`document_classification`；返回 `tuple[str, str, str, str]` 类型结果。",按源码执行顺序经过 `rel` → `path_str.startswith` → `path.suffix.lower`；包含 29 个条件、循环、异常或模式匹配分支，分支结果汇入返回或状态更新。,调用方提供满足参数类型、取值语义和默认值约定的输入；所属软件单元已经初始化并满足关联需求约束,"返回 `tuple[str, str, str, str]` 类型结果；静态扫描未发现直接外部副作用",未发现显式 raise,未检测到直接副作用,在调用方线程同步执行,rel;path_str.startswith;path.suffix.lower,29,71,medium,ARC-TOOLS,SWR-NFR-003;SWR-NFR-004,,静态分析与组件级验证,已按实现建立基线
FUN-64EED0D566,UNIT-DE82D6E44B,scripts/check_aspice_assets.py,177,document_title,public,(path: Path),`path`（Path）：文件或目录路径,返回 `str` 类型结果,生成`document_title`文本；返回 `str` 类型结果。,按源码执行顺序经过 `path.exists` → `path.suffix.lower` → `path.read_text` → `re.search` → `strip` → `match.group` → `replace` → `path.stem.replace`；包含 2 个条件、循环、异常或模式匹配分支，分支结果汇入返回或状态更新。,调用方提供满足参数类型、取值语义和默认值约定的输入；所属软件单元已经初始化并满足关联需求约束,返回 `str` 类型结果；静态扫描未发现直接外部副作用,未发现显式 raise,未检测到直接副作用,在调用方线程同步执行,path.exists;path.suffix.lower;path.read_text;re.search;strip;match.group;replace;path.stem.replace,2,7,medium,ARC-TOOLS,SWR-NFR-003;SWR-NFR-004,,静态分析与组件级验证,已按实现建立基线
FUN-3F6353D53B,UNIT-DE82D6E44B,scripts/check_aspice_assets.py,186,markdown_anchors,public,(path: Path),`path`（Path）：文件或目录路径,返回 `set[str]` 类型结果,构建`markdown_anchors`；返回 `set[str]` 类型结果。,按源码执行顺序经过 `path.read_text` → `match.group` → `EXPLICIT_ANCHOR_RE.finditer` → `defaultdict` → `HEADING_RE.finditer` → `lower` → `strip` → `re.sub`；包含 3 个条件、循环、异常或模式匹配分支，分支结果汇入返回或状态更新。,调用方提供满足参数类型、取值语义和默认值约定的输入；所属软件单元已经初始化并满足关联需求约束,返回 `set[str]` 类型结果；静态扫描未发现直接外部副作用,未发现显式 raise,未检测到直接副作用,在调用方线程同步执行,path.read_text;match.group;EXPLICIT_ANCHOR_RE.finditer;defaultdict;HEADING_RE.finditer;lower;strip;re.sub;anchors.add,3,15,medium,ARC-TOOLS,SWR-NFR-003;SWR-NFR-004,,静态分析与组件级验证,已按实现建立基线
FUN-383EEFC7A5,UNIT-DE82D6E44B,scripts/check_aspice_assets.py,203,markdown_files,public,(),无显式输入参数,返回 `list[Path]` 类型结果,构建`markdown_files`；返回 `list[Path]` 类型结果。,按源码执行顺序经过 `sorted` → `ROOT.rglob` → `any` → `path.relative_to`；不包含显式控制分支。,无需调用方提供显式参数；所属软件单元已经初始化并满足关联需求约束,返回 `list[Path]` 类型结果；静态扫描未发现直接外部副作用,未发现显式 raise,未检测到直接副作用,在调用方线程同步执行,sorted;ROOT.rglob;any;path.relative_to,0,7,medium,ARC-TOOLS,SWR-NFR-003;SWR-NFR-004,,静态分析与组件级验证,已按实现建立基线
FUN-D254CAE005,UNIT-DE82D6E44B,scripts/check_aspice_assets.py,212,validate_markdown_links,public,(),无显式输入参数,返回 `list[str]` 类型结果,验证`markdown_links`；可能影响共享状态；返回 `list[str]` 类型结果。,按源码执行顺序经过 `markdown_files` → `source.read_text` → `MARKDOWN_LINK_RE.finditer` → `strip` → `split` → `match.group` → `raw_target.startswith` → `raw_target.partition`；包含 8 个条件、循环、异常或模式匹配分支，分支结果汇入返回或状态更新。,无需调用方提供显式参数；所属软件单元已经初始化并满足关联需求约束,返回 `list[str]` 类型结果；可观察变化限于共享状态,未发现显式 raise,共享状态变更,在调用方线程同步执行,markdown_files;source.read_text;MARKDOWN_LINK_RE.finditer;strip;split;match.group;raw_target.startswith;raw_target.partition;resolve;unquote;text.count;match.start;target.is_relative_to;errors.append;rel;target.exists;target.suffix.lower;anchor_cache.setdefault;markdown_anchors,8,27,medium,ARC-TOOLS,SWR-NFR-003;SWR-NFR-004,,静态分析与组件级验证,已按实现建立基线
FUN-FC561D92DB,UNIT-DE82D6E44B,scripts/check_aspice_assets.py,241,build_document_register,public,(),无显式输入参数,"返回 `list[dict[str, str]]` 类型结果","构建文档登记表；返回 `list[dict[str, str]]` 类型结果。",按源码执行顺序经过 `document_files` → `document_classification` → `rows.append` → `stable_id` → `rel` → `document_title`；包含 3 个条件、循环、异常或模式匹配分支，分支结果汇入返回或状态更新。,无需调用方提供显式参数；所属软件单元已经初始化并满足关联需求约束,"返回 `list[dict[str, str]]` 类型结果；静态扫描未发现直接外部副作用",未发现显式 raise,未检测到直接副作用,在调用方线程同步执行,document_files;document_classification;rows.append;stable_id;rel;document_title,3,20,medium,ARC-TOOLS,SWR-NFR-003;SWR-NFR-004,,静态分析与组件级验证,已按实现建立基线
FUN-3C97CAEE46,UNIT-DE82D6E44B,scripts/check_aspice_assets.py,263,component_for,public,(path: Path),`path`（Path）：文件或目录路径,返回 `str` 类型结果,生成源码所属架构组件文本；返回 `str` 类型结果。,按源码执行顺序经过 `rel` → `value.startswith`；包含 9 个条件、循环、异常或模式匹配分支，分支结果汇入返回或状态更新。,调用方提供满足参数类型、取值语义和默认值约定的输入；所属软件单元已经初始化并满足关联需求约束,返回 `str` 类型结果；静态扫描未发现直接外部副作用,未发现显式 raise,未检测到直接副作用,在调用方线程同步执行,rel;value.startswith,9,21,medium,ARC-TOOLS,SWR-NFR-003;SWR-NFR-004,,静态分析与组件级验证,已按实现建立基线
FUN-F9F01026C2,UNIT-DE82D6E44B,scripts/check_aspice_assets.py,286,module_doc,public,"(tree: ast.AST, component_name: str, source_path: str)",`tree`（ast.AST）：由调用方提供的 `tree` 输入对象；`component_name`（str）：对象名称；`source_path`（str）：文件或目录路径,返回 `str` 类型结果,生成模块职责说明文本；返回 `str` 类型结果。,按源码执行顺序经过 `ast.get_docstring` → `rstrip` → `doc.splitlines` → `re.search` → `getattr` → `isinstance` → `node.name.startswith` → `join`；包含 2 个条件、循环、异常或模式匹配分支，分支结果汇入返回或状态更新。,调用方提供满足参数类型、取值语义和默认值约定的输入；所属软件单元已经初始化并满足关联需求约束,返回 `str` 类型结果；静态扫描未发现直接外部副作用,未发现显式 raise,未检测到直接副作用,在调用方线程同步执行,ast.get_docstring;rstrip;doc.splitlines;re.search;getattr;isinstance;node.name.startswith;join,2,12,medium,ARC-TOOLS,SWR-NFR-003;SWR-NFR-004,,静态分析与组件级验证,已按实现建立基线
FUN-D410BE7A27,UNIT-DE82D6E44B,scripts/check_aspice_assets.py,300,build_units,public,"(arch: dict[str, Any])","`arch`（dict[str, Any]）：软件架构模型","返回 `tuple[list[dict[str, str]], list[dict[str, str]]]` 类型结果","构建软件单元清单；返回 `tuple[list[dict[str, str]], list[dict[str, str]]]` 类型结果。",按源码执行顺序经过 `source_files` → `rel` → `component_for` → `ast.parse` → `path.read_text` → `stable_id` → `join` → `units.append`；包含 8 个条件、循环、异常或模式匹配分支，分支结果汇入返回或状态更新。,调用方提供满足参数类型、取值语义和默认值约定的输入；所属软件单元已经初始化并满足关联需求约束,"返回 `tuple[list[dict[str, str]], list[dict[str, str]]]` 类型结果；静态扫描未发现直接外部副作用",未发现显式 raise,未检测到直接副作用,在调用方线程同步执行,source_files;rel;component_for;ast.parse;path.read_text;stable_id;join;units.append;module_doc;ast.walk;ast.iter_child_nodes;isinstance;parents.get;owners.append;reversed;functions.append;str;node.name.startswith;sorted;int,8,58,medium,ARC-TOOLS,SWR-NFR-003;SWR-NFR-004,,静态分析与组件级验证,已按实现建立基线
FUN-2CEB1F60F7,UNIT-DE82D6E44B,scripts/check_aspice_assets.py,360,build_trace_rows,public,"(reqs: dict[str, Any], units: list[dict[str, str]])","`reqs`（dict[str, Any]）：由 `reqs` 表示的键值映射；`units`（list[dict[str, str]]）：由 `units` 表示的输入集合","返回 `list[dict[str, str]]` 类型结果","构建追溯记录；返回 `list[dict[str, str]]` 类型结果。",按源码执行顺序经过 `defaultdict` → `append` → `sorted` → `rows.append` → `join`；包含 2 个条件、循环、异常或模式匹配分支，分支结果汇入返回或状态更新。,调用方提供满足参数类型、取值语义和默认值约定的输入；所属软件单元已经初始化并满足关联需求约束,"返回 `list[dict[str, str]]` 类型结果；静态扫描未发现直接外部副作用",未发现显式 raise,未检测到直接副作用,在调用方线程同步执行,defaultdict;append;sorted;rows.append;join,2,19,medium,ARC-TOOLS,SWR-NFR-003;SWR-NFR-004,,静态分析与组件级验证,已按实现建立基线
FUN-BEAE13CF69,UNIT-DE82D6E44B,scripts/check_aspice_assets.py,381,dependency_outputs,public,"(report: dict[str, Any])","`report`（dict[str, Any]）：分析报告","返回 `tuple[str, str]` 类型结果","构建依赖锁与 SBOM 产物；返回 `tuple[str, str]` 类型结果。",按源码执行顺序经过 `sorted` → `report.get` → `lower` → `get` → `item.get` → `archive.get` → `hashes.get` → `lock_lines.append`；包含 3 个条件、循环、异常或模式匹配分支，分支结果汇入返回或状态更新。,调用方提供满足参数类型、取值语义和默认值约定的输入；所属软件单元已经初始化并满足关联需求约束,"返回 `tuple[str, str]` 类型结果；静态扫描未发现直接外部副作用",未发现显式 raise,未检测到直接副作用,在调用方线程同步执行,sorted;report.get;lower;get;item.get;archive.get;hashes.get;lock_lines.append;replace;name.lower;components.append;join;json.dumps,3,35,medium,ARC-TOOLS,SWR-NFR-003;SWR-NFR-004,,静态分析与组件级验证,已按实现建立基线
FUN-C861D95E3C,UNIT-DE82D6E44B,scripts/check_aspice_assets.py,418,csv_text,public,"(rows: list[dict[str, str]])","`rows`（list[dict[str, str]]）：记录行集合",返回 `str` 类型结果,生成CSV 文本文本；返回 `str` 类型结果。,按源码执行顺序经过 `ValueError` → `io.StringIO` → `csv.DictWriter` → `writer.writeheader` → `writer.writerows` → `buffer.getvalue`；包含 1 个条件、循环、异常或模式匹配分支，分支结果汇入返回或状态更新。,调用方提供满足参数类型、取值语义和默认值约定的输入；所属软件单元已经初始化并满足关联需求约束,返回 `str` 类型结果；静态扫描未发现直接外部副作用,ValueError,未检测到直接副作用,在调用方线程同步执行,ValueError;io.StringIO;csv.DictWriter;list;writer.writeheader;writer.writerows;buffer.getvalue,1,8,medium,ARC-TOOLS,SWR-NFR-003;SWR-NFR-004,,静态分析与组件级验证,已按实现建立基线
FUN-CEE22C60CC,UNIT-DE82D6E44B,scripts/check_aspice_assets.py,428,process_index,public,"(rows: list[dict[str, str]])","`rows`（list[dict[str, str]]）：记录行集合",返回 `str` 类型结果,生成ASPICE 过程文档索引文本；返回 `str` 类型结果。,按源码执行顺序经过 `defaultdict` → `append` → `sorted` → `lines.extend` → `startswith` → `removeprefix` → `lines.append` → `join`；包含 5 个条件、循环、异常或模式匹配分支，分支结果汇入返回或状态更新。,调用方提供满足参数类型、取值语义和默认值约定的输入；所属软件单元已经初始化并满足关联需求约束,返回 `str` 类型结果；静态扫描未发现直接外部副作用,未发现显式 raise,未检测到直接副作用,在调用方线程同步执行,defaultdict;append;sorted;lines.extend;startswith;removeprefix;lines.append;join,5,24,medium,ARC-TOOLS,SWR-NFR-003;SWR-NFR-004,,静态分析与组件级验证,已按实现建立基线
FUN-E18BB2DFA3,UNIT-DE82D6E44B,scripts/check_aspice_assets.py,454,expected_outputs,public,(),无显式输入参数,"返回 `dict[Path, str]` 类型结果","构建预期生成产物；返回 `dict[Path, str]` 类型结果。",按源码执行顺序经过 `read_yaml` → `build_document_register` → `build_units` → `build_trace_rows` → `PIP_REPORT_PATH.exists` → `report_path.exists` → `ValueError` → `json.loads`；包含 3 个条件、循环、异常或模式匹配分支，分支结果汇入返回或状态更新。,无需调用方提供显式参数；所属软件单元已经初始化并满足关联需求约束,"返回 `dict[Path, str]` 类型结果；静态扫描未发现直接外部副作用",ValueError,未检测到直接副作用,在调用方线程同步执行,read_yaml;build_document_register;build_units;build_trace_rows;PIP_REPORT_PATH.exists;report_path.exists;ValueError;json.loads;report_path.read_text;dependency_outputs;csv_text;process_index;json.dumps,3,23,medium,ARC-TOOLS,SWR-NFR-003;SWR-NFR-004,,静态分析与组件级验证,已按实现建立基线
FUN-3C81471A20,UNIT-DE82D6E44B,scripts/check_aspice_assets.py,479,validate_model,public,"(*, allow_generated_missing: bool=False)",`allow_generated_missing`（bool）：控制对应行为是否启用的布尔值；默认值 `False`,返回 `list[str]` 类型结果,验证ASPICE 数据模型；返回 `list[str]` 类型结果。,按源码执行顺序经过 `read_yaml` → `reqs.get` → `arch.get` → `ver.get` → `errors.append` → `req_map.items` → `req.get` → `get`；包含 26 个条件、循环、异常或模式匹配分支，分支结果汇入返回或状态更新。,调用方提供满足参数类型、取值语义和默认值约定的输入；所属软件单元已经初始化并满足关联需求约束,返回 `list[str]` 类型结果；静态扫描未发现直接外部副作用,未发现显式 raise,未检测到直接副作用,在调用方线程同步执行,read_yaml;reqs.get;arch.get;ver.get;len;errors.append;req_map.items;req.get;get;reverse_ver.get;arch_map.items;component.get;arch_map.values;item.get;any;reverse_ver.items;cm.get;item_path.exists,26,64,medium,ARC-TOOLS,SWR-NFR-003;SWR-NFR-004,,静态分析与组件级验证,已按实现建立基线
FUN-F855325A7A,UNIT-DE82D6E44B,scripts/check_aspice_assets.py,545,write_outputs,public,"(outputs: dict[Path, str])","`outputs`（dict[Path, str]）：由 `outputs` 表示的键值映射",无返回值（None）,写入生成产物；可能影响文件系统；无返回值（None）。,按源码执行顺序经过 `ASPICE.mkdir` → `outputs.items` → `path.parent.mkdir` → `path.write_text`；包含 1 个条件、循环、异常或模式匹配分支，分支结果汇入返回或状态更新。,调用方提供满足参数类型、取值语义和默认值约定的输入；所属软件单元已经初始化并满足关联需求约束；相关路径满足读取或写入权限及目录边界,无返回值（None）；可观察变化限于文件系统,未发现显式 raise,文件系统读写,在调用方线程同步执行,ASPICE.mkdir;outputs.items;path.parent.mkdir;path.write_text,1,5,medium,ARC-TOOLS,SWR-NFR-003;SWR-NFR-004,,静态分析与组件级验证,已按实现建立基线
FUN-E57502A017,UNIT-DE82D6E44B,scripts/check_aspice_assets.py,552,check_outputs,public,"(outputs: dict[Path, str])","`outputs`（dict[Path, str]）：由 `outputs` 表示的键值映射",返回 `list[str]` 类型结果,检查生成产物；返回 `list[str]` 类型结果。,按源码执行顺序经过 `outputs.items` → `path.exists` → `errors.append` → `rel` → `path.read_text` → `build_document_register` → `document_files` → `sorted`；包含 5 个条件、循环、异常或模式匹配分支，分支结果汇入返回或状态更新。,调用方提供满足参数类型、取值语义和默认值约定的输入；所属软件单元已经初始化并满足关联需求约束,返回 `list[str]` 类型结果；静态扫描未发现直接外部副作用,未发现显式 raise,未检测到直接副作用,在调用方线程同步执行,outputs.items;path.exists;errors.append;rel;path.read_text;build_document_register;document_files;sorted;exists;errors.extend;validate_markdown_links,5,23,medium,ARC-TOOLS,SWR-NFR-003;SWR-NFR-004,,静态分析与组件级验证,已按实现建立基线
FUN-4AA307B1B4,UNIT-DE82D6E44B,scripts/check_aspice_assets.py,577,main,public,(),无显式输入参数,返回 `int` 类型结果,执行 `scripts/check_aspice_assets.py` 的主流程；返回 `int` 类型结果。,按源码执行顺序经过 `argparse.ArgumentParser` → `parser.add_mutually_exclusive_group` → `group.add_argument` → `parser.parse_args` → `validate_model` → `expected_outputs` → `print` → `join`；包含 3 个条件、循环、异常或模式匹配分支，分支结果汇入返回或状态更新。,无需调用方提供显式参数；所属软件单元已经初始化并满足关联需求约束,返回 `int` 类型结果；静态扫描未发现直接外部副作用,未发现显式 raise,未检测到直接副作用,在调用方线程同步执行,argparse.ArgumentParser;parser.add_mutually_exclusive_group;group.add_argument;parser.parse_args;validate_model;expected_outputs;print;join;write_outputs;len;errors.extend;check_outputs;build_units;read_yaml;document_files,3,27,medium,ARC-TOOLS,SWR-NFR-003;SWR-NFR-004,,静态分析与组件级验证,已按实现建立基线
FUN-8EFE0F5793,UNIT-D4B396B36E,scripts/check_mt5_connection.py,19,main,public,(),无显式输入参数,返回 `int` 类型结果,执行 `scripts/check_mt5_connection.py` 的主流程；返回 `int` 类型结果。,按源码执行顺序经过 `MT5Config` → `get_mt5_provider` → `print` → `provider.account_info` → `info.get` → `provider.shutdown`；包含 2 个条件、循环、异常或模式匹配分支，分支结果汇入返回或状态更新。,无需调用方提供显式参数；所属软件单元已经初始化并满足关联需求约束,返回 `int` 类型结果；静态扫描未发现直接外部副作用,未发现显式 raise,未检测到直接副作用,在调用方线程同步执行,MT5Config;get_mt5_provider;print;provider.account_info;info.get;provider.shutdown,2,27,medium,ARC-TOOLS,SWR-NFR-003;SWR-NFR-004,,静态分析与组件级验证,已按实现建立基线
FUN-406938AB22,UNIT-B4A1ACCFA2,scripts/compare_pa_5m_tv.py,26,main,public,(),无显式输入参数,无返回值（None）,执行 `scripts/compare_pa_5m_tv.py` 的主流程；可能影响外部接口；无返回值（None）。,按源码执行顺序经过 `fetch_all_data` → `enrich` → `fetched.raw.items` → `print` → `analyze_dgt_price_action` → `build_price_action_summaries` → `vp.get` → `lvl.get`；包含 4 个条件、循环、异常或模式匹配分支，分支结果汇入返回或状态更新。,无需调用方提供显式参数；所属软件单元已经初始化并满足关联需求约束；外部客户端、凭据、网络和超时策略已按运行配置准备,无返回值（None）；可观察变化限于外部接口,未发现显式 raise,外部接口 I/O,在调用方线程同步执行,fetch_all_data;enrich;fetched.raw.items;float;print;analyze_dgt_price_action;build_price_action_summaries;vp.get;lvl.get;analyze_timeframe;round,4,29,high,ARC-TOOLS,SWR-NFR-003;SWR-NFR-004,,静态分析与组件级验证,已按实现建立基线
FUN-F2014EBC32,UNIT-2781538FF5,scripts/export_sample_report.py,14,build_sample,public,(),无显式输入参数,返回 `dict` 类型结果,构建`sample`；返回 `dict` 类型结果。,直接通过表达式、字段访问或常量完成处理；不包含显式控制分支。,无需调用方提供显式参数；所属软件单元已经初始化并满足关联需求约束,返回 `dict` 类型结果；静态扫描未发现直接外部副作用,未发现显式 raise,未检测到直接副作用,在调用方线程同步执行,none,0,65,medium,ARC-TOOLS,SWR-NFR-003;SWR-NFR-004,,静态分析与组件级验证,已按实现建立基线
FUN-8B24CEF8E4,UNIT-2781538FF5,scripts/export_sample_report.py,81,main,public,(),无显式输入参数,返回 `int` 类型结果,执行 `scripts/export_sample_report.py` 的主流程；可能影响文件系统；返回 `int` 类型结果。,按源码执行顺序经过 `OUTPUT.parent.mkdir` → `OUTPUT.write_text` → `json.dumps` → `build_sample` → `print` → `as_posix` → `OUTPUT.relative_to`；不包含显式控制分支。,无需调用方提供显式参数；所属软件单元已经初始化并满足关联需求约束；相关路径满足读取或写入权限及目录边界,返回 `int` 类型结果；可观察变化限于文件系统,未发现显式 raise,文件系统读写,在调用方线程同步执行,OUTPUT.parent.mkdir;OUTPUT.write_text;json.dumps;build_sample;print;as_posix;OUTPUT.relative_to,0,5,medium,ARC-TOOLS,SWR-NFR-003;SWR-NFR-004,,静态分析与组件级验证,已按实现建立基线
FUN-8E0AE30E6F,UNIT-44DA65110B,scripts/generate_aspice_readable_docs.py,27,_yaml,internal,(name: str),`name`（str）：对象名称,"返回 `dict[str, Any]` 类型结果","构建YAML 数据；返回 `dict[str, Any]` 类型结果。",按源码执行顺序经过 `yaml.safe_load` → `read_text` → `isinstance` → `ValueError`；包含 1 个条件、循环、异常或模式匹配分支，分支结果汇入返回或状态更新。,调用方提供满足参数类型、取值语义和默认值约定的输入；所属软件单元已经初始化并满足关联需求约束,"返回 `dict[str, Any]` 类型结果；静态扫描未发现直接外部副作用",ValueError,未检测到直接副作用,在调用方线程同步执行,yaml.safe_load;read_text;isinstance;ValueError,1,5,low,ARC-TOOLS,SWR-NFR-003;SWR-NFR-004,,静态分析与组件级验证,已按实现建立基线
FUN-B8135DDCB1,UNIT-44DA65110B,scripts/generate_aspice_readable_docs.py,34,_csv,internal,(name: str),`name`（str）：对象名称,"返回 `list[dict[str, str]]` 类型结果","构建CSV 数据；返回 `list[dict[str, str]]` 类型结果。",按源码执行顺序经过 `open` → `csv.DictReader`；不包含显式控制分支。,调用方提供满足参数类型、取值语义和默认值约定的输入；所属软件单元已经初始化并满足关联需求约束,"返回 `list[dict[str, str]]` 类型结果；静态扫描未发现直接外部副作用",未发现显式 raise,未检测到直接副作用,在调用方线程同步执行,open;list;csv.DictReader,0,3,low,ARC-TOOLS,SWR-NFR-003;SWR-NFR-004,,静态分析与组件级验证,已按实现建立基线
FUN-211336C6AE,UNIT-44DA65110B,scripts/generate_aspice_readable_docs.py,39,_cell,internal,(value: object),`value`（object）：待处理值,返回 `str` 类型结果,生成`cell`文本；返回 `str` 类型结果。,按源码执行顺序经过 `isinstance` → `join` → `strip` → `replace` → `text.replace`；包含 2 个条件、循环、异常或模式匹配分支，分支结果汇入返回或状态更新。,调用方提供满足参数类型、取值语义和默认值约定的输入；所属软件单元已经初始化并满足关联需求约束,返回 `str` 类型结果；静态扫描未发现直接外部副作用,未发现显式 raise,未检测到直接副作用,在调用方线程同步执行,isinstance;join;str;strip;replace;text.replace,2,7,low,ARC-TOOLS,SWR-NFR-003;SWR-NFR-004,,静态分析与组件级验证,已按实现建立基线
FUN-36E6A8909A,UNIT-44DA65110B,scripts/generate_aspice_readable_docs.py,48,_list,internal,(value: str),`value`（str）：待处理值,返回 `str` 类型结果,生成`list`文本；返回 `str` 类型结果。,按源码执行顺序经过 `join` → `value.split`；不包含显式控制分支。,调用方提供满足参数类型、取值语义和默认值约定的输入；所属软件单元已经初始化并满足关联需求约束,返回 `str` 类型结果；静态扫描未发现直接外部副作用,未发现显式 raise,未检测到直接副作用,在调用方线程同步执行,join;value.split,0,2,low,ARC-TOOLS,SWR-NFR-003;SWR-NFR-004,,静态分析与组件级验证,已按实现建立基线
FUN-0AD419AB09,UNIT-44DA65110B,scripts/generate_aspice_readable_docs.py,52,_anchor,internal,(value: str),`value`（str）：待处理值,返回 `str` 类型结果,生成Markdown 锚点文本；返回 `str` 类型结果。,按源码执行顺序经过 `replace` → `value.lower`；不包含显式控制分支。,调用方提供满足参数类型、取值语义和默认值约定的输入；所属软件单元已经初始化并满足关联需求约束,返回 `str` 类型结果；静态扫描未发现直接外部副作用,未发现显式 raise,未检测到直接副作用,在调用方线程同步执行,replace;value.lower,0,2,low,ARC-TOOLS,SWR-NFR-003;SWR-NFR-004,,静态分析与组件级验证,已按实现建立基线
FUN-2631F769A2,UNIT-44DA65110B,scripts/generate_aspice_readable_docs.py,56,_req_links,internal,"(values: list[str] | str, prefix: str='')",`values`（list[str] | str）：待处理值集合；`prefix`（str）：由 `prefix` 表示的文本或标识；默认值 `''`,返回 `str` 类型结果,生成`req_links`文本；返回 `str` 类型结果。,按源码执行顺序经过 `values.split` → `isinstance` → `join` → `_anchor`；包含 1 个条件、循环、异常或模式匹配分支，分支结果汇入返回或状态更新。,调用方提供满足参数类型、取值语义和默认值约定的输入；所属软件单元已经初始化并满足关联需求约束,返回 `str` 类型结果；静态扫描未发现直接外部副作用,未发现显式 raise,未检测到直接副作用,在调用方线程同步执行,values.split;isinstance;join;_anchor,1,3,low,ARC-TOOLS,SWR-NFR-003;SWR-NFR-004,,静态分析与组件级验证,已按实现建立基线
FUN-532EC35635,UNIT-44DA65110B,scripts/generate_aspice_readable_docs.py,61,_arch_links,internal,"(values: list[str] | str, prefix: str='')",`values`（list[str] | str）：待处理值集合；`prefix`（str）：由 `prefix` 表示的文本或标识；默认值 `''`,返回 `str` 类型结果,生成`arch_links`文本；返回 `str` 类型结果。,按源码执行顺序经过 `values.split` → `isinstance` → `join` → `_anchor`；包含 1 个条件、循环、异常或模式匹配分支，分支结果汇入返回或状态更新。,调用方提供满足参数类型、取值语义和默认值约定的输入；所属软件单元已经初始化并满足关联需求约束,返回 `str` 类型结果；静态扫描未发现直接外部副作用,未发现显式 raise,未检测到直接副作用,在调用方线程同步执行,values.split;isinstance;join;_anchor,1,3,low,ARC-TOOLS,SWR-NFR-003;SWR-NFR-004,,静态分析与组件级验证,已按实现建立基线
FUN-A9D2621B2A,UNIT-44DA65110B,scripts/generate_aspice_readable_docs.py,66,_measure_links,internal,"(values: list[str] | str, prefix: str='')",`values`（list[str] | str）：待处理值集合；`prefix`（str）：由 `prefix` 表示的文本或标识；默认值 `''`,返回 `str` 类型结果,生成`measure_links`文本；返回 `str` 类型结果。,按源码执行顺序经过 `values.split` → `isinstance` → `item.startswith` → `rendered.append` → `_anchor` → `join`；包含 5 个条件、循环、异常或模式匹配分支，分支结果汇入返回或状态更新。,调用方提供满足参数类型、取值语义和默认值约定的输入；所属软件单元已经初始化并满足关联需求约束,返回 `str` 类型结果；静态扫描未发现直接外部副作用,未发现显式 raise,未检测到直接副作用,在调用方线程同步执行,values.split;isinstance;item.startswith;rendered.append;_anchor;join,5,9,low,ARC-TOOLS,SWR-NFR-003;SWR-NFR-004,,静态分析与组件级验证,已按实现建立基线
FUN-0AEE39F96B,UNIT-44DA65110B,scripts/generate_aspice_readable_docs.py,77,_test_links,internal,"(value: list[str] | str, root_prefix: str='../../')",`value`（list[str] | str）：待处理值；`root_prefix`（str）：由 `root_prefix` 表示的文本或标识；默认值 `'../../'`,返回 `str` 类型结果,生成`test_links`文本；返回 `str` 类型结果。,按源码执行顺序经过 `value.split` → `isinstance` → `join`；包含 1 个条件、循环、异常或模式匹配分支，分支结果汇入返回或状态更新。,调用方提供满足参数类型、取值语义和默认值约定的输入；所属软件单元已经初始化并满足关联需求约束,返回 `str` 类型结果；静态扫描未发现直接外部副作用,未发现显式 raise,未检测到直接副作用,在调用方线程同步执行,value.split;isinstance;join,1,3,low,ARC-TOOLS,SWR-NFR-003;SWR-NFR-004,,静态分析与组件级验证,已按实现建立基线
FUN-84D7EE0257,UNIT-44DA65110B,scripts/generate_aspice_readable_docs.py,82,_table,internal,"(headers: list[str], rows: list[list[object]])",`headers`（list[str]）：表头或 HTTP 头字段；`rows`（list[list[object]]）：记录行集合,返回 `list[str]` 类型结果,构建`table`；返回 `list[str]` 类型结果。,按源码执行顺序经过 `join` → `lines.extend` → `_cell`；不包含显式控制分支。,调用方提供满足参数类型、取值语义和默认值约定的输入；所属软件单元已经初始化并满足关联需求约束,返回 `list[str]` 类型结果；静态扫描未发现直接外部副作用,未发现显式 raise,未检测到直接副作用,在调用方线程同步执行,join;lines.extend;_cell,0,7,low,ARC-TOOLS,SWR-NFR-003;SWR-NFR-004,,静态分析与组件级验证,已按实现建立基线
FUN-6A04465AF3,UNIT-44DA65110B,scripts/generate_aspice_readable_docs.py,91,_front,internal,"(title: str, process: str, purpose: str)",`title`（str）：由 `title` 表示的文本或标识；`process`（str）：由 `process` 表示的文本或标识；`purpose`（str）：由 `purpose` 表示的文本或标识,返回 `list[str]` 类型结果,构建`front`；返回 `list[str]` 类型结果。,直接通过表达式、字段访问或常量完成处理；不包含显式控制分支。,调用方提供满足参数类型、取值语义和默认值约定的输入；所属软件单元已经初始化并满足关联需求约束,返回 `list[str]` 类型结果；静态扫描未发现直接外部副作用,未发现显式 raise,未检测到直接副作用,在调用方线程同步执行,none,0,14,low,ARC-TOOLS,SWR-NFR-003;SWR-NFR-004,,静态分析与组件级验证,已按实现建立基线
FUN-1839614189,UNIT-44DA65110B,scripts/generate_aspice_readable_docs.py,107,_requirements_doc,internal,"(reqs: dict[str, Any])","`reqs`（dict[str, Any]）：由 `reqs` 表示的键值映射",返回 `str` 类型结果,生成`requirements_doc`文本；返回 `str` 类型结果。,按源码执行顺序经过 `_front` → `defaultdict` → `_table` → `sorted` → `lower` → `_anchor` → `_arch_links` → `_measure_links`；包含 2 个条件、循环、异常或模式匹配分支，分支结果汇入返回或状态更新。,调用方提供满足参数类型、取值语义和默认值约定的输入；所属软件单元已经初始化并满足关联需求约束,返回 `str` 类型结果；静态扫描未发现直接外部副作用,未发现显式 raise,未检测到直接副作用,在调用方线程同步执行,_front;len;defaultdict;_table;sorted;lower;_anchor;_arch_links;_measure_links;join,2,42,medium,ARC-TOOLS,SWR-NFR-003;SWR-NFR-004,,静态分析与组件级验证,已按实现建立基线
FUN-C0E8B72578,UNIT-44DA65110B,scripts/generate_aspice_readable_docs.py,151,_architecture_diagrams,internal,(),无显式输入参数,返回 `list[str]` 类型结果,构建`architecture_diagrams`；返回 `list[str]` 类型结果。,直接通过表达式、字段访问或常量完成处理；不包含显式控制分支。,无需调用方提供显式参数；所属软件单元已经初始化并满足关联需求约束,返回 `list[str]` 类型结果；静态扫描未发现直接外部副作用,未发现显式 raise,未检测到直接副作用,在调用方线程同步执行,none,0,75,medium,ARC-TOOLS,SWR-NFR-003;SWR-NFR-004,,静态分析与组件级验证,已按实现建立基线
FUN-73CD1D7B70,UNIT-44DA65110B,scripts/generate_aspice_readable_docs.py,229,_architecture_doc,internal,"(arch: dict[str, Any], units: list[dict[str, str]])","`arch`（dict[str, Any]）：软件架构模型；`units`（list[dict[str, str]]）：由 `units` 表示的输入集合",返回 `str` 类型结果,生成`architecture_doc`文本；返回 `str` 类型结果。,按源码执行顺序经过 `defaultdict` → `append` → `_front` → `_table` → `_architecture_diagrams` → `_anchor` → `join` → `enumerate`；包含 5 个条件、循环、异常或模式匹配分支，分支结果汇入返回或状态更新。,调用方提供满足参数类型、取值语义和默认值约定的输入；所属软件单元已经初始化并满足关联需求约束,返回 `str` 类型结果；静态扫描未发现直接外部副作用,未发现显式 raise,未检测到直接副作用,在调用方线程同步执行,defaultdict;append;_front;_table;len;_architecture_diagrams;_anchor;join;enumerate;_req_links;interface_kind_names.get,5,65,medium,ARC-TOOLS,SWR-NFR-003;SWR-NFR-004,,静态分析与组件级验证,已按实现建立基线
FUN-CCCB5498F5,UNIT-44DA65110B,scripts/generate_aspice_readable_docs.py,296,_design_outputs,internal,"(arch: dict[str, Any], units: list[dict[str, str]], functions: list[dict[str, str]], verification: dict[str, dict[str, str]])","`arch`（dict[str, Any]）：软件架构模型；`units`（list[dict[str, str]]）：由 `units` 表示的输入集合；`functions`（list[dict[str, str]]）：由 `functions` 表示的输入集合；`verification`（dict[str, dict[str, str]]）：验证证据或验证配置","返回 `dict[Path, str]` 类型结果","构建`design_outputs`；返回 `dict[Path, str]` 类型结果。",按源码执行顺序经过 `defaultdict` → `append` → `_front` → `sorted` → `casefold` → `sum` → `component_rows.append` → `_req_links`；包含 4 个条件、循环、异常或模式匹配分支，分支结果汇入返回或状态更新。,调用方提供满足参数类型、取值语义和默认值约定的输入；所属软件单元已经初始化并满足关联需求约束,"返回 `dict[Path, str]` 类型结果；静态扫描未发现直接外部副作用",未发现显式 raise,未检测到直接副作用,在调用方线程同步执行,defaultdict;append;_front;len;sorted;casefold;sum;component_rows.append;_req_links;_anchor;_table;_measure_links;_unit_section;int;join,4,91,medium,ARC-TOOLS,SWR-NFR-003;SWR-NFR-004,,静态分析与组件级验证,已按实现建立基线
FUN-4E2EB68AF0,UNIT-44DA65110B,scripts/generate_aspice_readable_docs.py,389,_unit_section,internal,"(unit: dict[str, str], functions: list[dict[str, str]], verification: dict[str, str], component_name: str, *, root_prefix: str='../../', aspice_prefix: str='')","`unit`（dict[str, str]）：由 `unit` 表示的键值映射；`functions`（list[dict[str, str]]）：由 `functions` 表示的输入集合；`verification`（dict[str, str]）：验证证据或验证配置；`component_name`（str）：对象名称；`root_prefix`（str）：由 `root_prefix` 表示的文本或标识；默认值 `'../../'`；`aspice_prefix`（str）：由 `aspice_prefix` 表示的文本或标识；默认值 `''`",返回 `list[str]` 类型结果,构建`unit_section`；返回 `list[str]` 类型结果。,按源码执行顺序经过 `_anchor` → `_table` → `_req_links` → `_measure_links` → `_test_links` → `lines.append` → `join` → `get`；包含 4 个条件、循环、异常或模式匹配分支，分支结果汇入返回或状态更新。,调用方提供满足参数类型、取值语义和默认值约定的输入；所属软件单元已经初始化并满足关联需求约束,返回 `list[str]` 类型结果；静态扫描未发现直接外部副作用,未发现显式 raise,未检测到直接副作用,在调用方线程同步执行,_anchor;_table;_req_links;_measure_links;_test_links;lines.append;join;get;replace;_list,4,85,medium,ARC-TOOLS,SWR-NFR-003;SWR-NFR-004,,静态分析与组件级验证,已按实现建立基线
FUN-34BBF83058,UNIT-44DA65110B,scripts/generate_aspice_readable_docs.py,476,_unit_verification_doc,internal,"(arch: dict[str, Any], rows: list[dict[str, str]])","`arch`（dict[str, Any]）：软件架构模型；`rows`（list[dict[str, str]]）：记录行集合",返回 `str` 类型结果,生成`unit_verification_doc`文本；返回 `str` 类型结果。,按源码执行顺序经过 `defaultdict` → `append` → `sum` → `_front` → `_table` → `_anchor` → `_measure_links` → `_test_links`；包含 2 个条件、循环、异常或模式匹配分支，分支结果汇入返回或状态更新。,调用方提供满足参数类型、取值语义和默认值约定的输入；所属软件单元已经初始化并满足关联需求约束,返回 `str` 类型结果；静态扫描未发现直接外部副作用,未发现显式 raise,未检测到直接副作用,在调用方线程同步执行,defaultdict;append;sum;int;_front;len;_table;_anchor;_measure_links;_test_links;sorted;casefold;join,2,24,low,ARC-TOOLS,SWR-NFR-003;SWR-NFR-004,,静态分析与组件级验证,已按实现建立基线
FUN-BE2FD65386,UNIT-44DA65110B,scripts/generate_aspice_readable_docs.py,502,_integration_doc,internal,"(plan: dict[str, Any], measures: dict[str, Any])","`plan`（dict[str, Any]）：由 `plan` 表示的键值映射；`measures`（dict[str, Any]）：由 `measures` 表示的键值映射",返回 `str` 类型结果,生成`integration_doc`文本；返回 `str` 类型结果。,按源码执行顺序经过 `_front` → `defaultdict` → `append` → `measure_items.setdefault` → `measure_items.items` → `join` → `_anchor` → `enumerate`；包含 7 个条件、循环、异常或模式匹配分支，分支结果汇入返回或状态更新。,调用方提供满足参数类型、取值语义和默认值约定的输入；所属软件单元已经初始化并满足关联需求约束,返回 `str` 类型结果；静态扫描未发现直接外部副作用,未发现显式 raise,未检测到直接副作用,在调用方线程同步执行,_front;defaultdict;append;measure_items.setdefault;measure_items.items;join;_anchor;enumerate;_table;_req_links;_test_links;_measure_links,7,34,low,ARC-TOOLS,SWR-NFR-003;SWR-NFR-004,,静态分析与组件级验证,已按实现建立基线
FUN-2336FFB14C,UNIT-44DA65110B,scripts/generate_aspice_readable_docs.py,538,_qualification_doc,internal,"(measures: dict[str, Any], coverage: list[dict[str, str]])","`measures`（dict[str, Any]）：由 `measures` 表示的键值映射；`coverage`（list[dict[str, str]]）：由 `coverage` 表示的输入集合",返回 `str` 类型结果,生成`qualification_doc`文本；返回 `str` 类型结果。,按源码执行顺序经过 `sum` → `_front` → `_table` → `policy.items` → `_anchor` → `_req_links` → `_arch_links` → `_measure_links`；包含 1 个条件、循环、异常或模式匹配分支，分支结果汇入返回或状态更新。,调用方提供满足参数类型、取值语义和默认值约定的输入；所属软件单元已经初始化并满足关联需求约束,返回 `str` 类型结果；静态扫描未发现直接外部副作用,未发现显式 raise,未检测到直接副作用,在调用方线程同步执行,sum;_front;_table;policy.items;_anchor;len;_req_links;_arch_links;_measure_links;join,1,24,low,ARC-TOOLS,SWR-NFR-003;SWR-NFR-004,,静态分析与组件级验证,已按实现建立基线
FUN-009EFEB3D5,UNIT-44DA65110B,scripts/generate_aspice_readable_docs.py,564,_configuration_doc,internal,"(cm: dict[str, Any])","`cm`（dict[str, Any]）：由 `cm` 表示的键值映射",返回 `str` 类型结果,生成`configuration_doc`文本；返回 `str` 类型结果。,按源码执行顺序经过 `json.loads` → `read_text` → `sbom.get` → `_front` → `_table` → `items` → `item.get` → `join`；不包含显式控制分支。,调用方提供满足参数类型、取值语义和默认值约定的输入；所属软件单元已经初始化并满足关联需求约束,返回 `str` 类型结果；静态扫描未发现直接外部副作用,未发现显式 raise,未检测到直接副作用,在调用方线程同步执行,json.loads;read_text;sbom.get;_front;_table;items;len;item.get;join,0,16,low,ARC-TOOLS,SWR-NFR-003;SWR-NFR-004,,静态分析与组件级验证,已按实现建立基线
FUN-48FE08D05F,UNIT-44DA65110B,scripts/generate_aspice_readable_docs.py,582,_traceability_doc,internal,"(reqs: dict[str, Any], coverage: list[dict[str, str]])","`reqs`（dict[str, Any]）：由 `reqs` 表示的键值映射；`coverage`（list[dict[str, str]]）：由 `coverage` 表示的输入集合",返回 `str` 类型结果,生成`traceability_doc`文本；返回 `str` 类型结果。,按源码执行顺序经过 `_front` → `_table` → `_req_links` → `_arch_links` → `_measure_links` → `join`；不包含显式控制分支。,调用方提供满足参数类型、取值语义和默认值约定的输入；所属软件单元已经初始化并满足关联需求约束,返回 `str` 类型结果；静态扫描未发现直接外部副作用,未发现显式 raise,未检测到直接副作用,在调用方线程同步执行,_front;_table;_req_links;_arch_links;_measure_links;join,0,8,low,ARC-TOOLS,SWR-NFR-003;SWR-NFR-004,,静态分析与组件级验证,已按实现建立基线
FUN-A614F5B1A4,UNIT-44DA65110B,scripts/generate_aspice_readable_docs.py,592,expected_outputs,public,(),无显式输入参数,"返回 `dict[Path, str]` 类型结果","构建预期生成产物；返回 `dict[Path, str]` 类型结果。",按源码执行顺序经过 `_yaml` → `_csv` → `_design_outputs` → `_requirements_doc` → `_architecture_doc` → `_unit_verification_doc` → `_integration_doc` → `_qualification_doc`；不包含显式控制分支。,无需调用方提供显式参数；所属软件单元已经初始化并满足关联需求约束,"返回 `dict[Path, str]` 类型结果；静态扫描未发现直接外部副作用",未发现显式 raise,未检测到直接副作用,在调用方线程同步执行,_yaml;_csv;_design_outputs;_requirements_doc;_architecture_doc;_unit_verification_doc;_integration_doc;_qualification_doc;_configuration_doc;_traceability_doc,0,20,medium,ARC-TOOLS,SWR-NFR-003;SWR-NFR-004,,静态分析与组件级验证,已按实现建立基线
FUN-1EA9F2053E,UNIT-44DA65110B,scripts/generate_aspice_readable_docs.py,614,main,public,(),无显式输入参数,返回 `int` 类型结果,执行 `scripts/generate_aspice_readable_docs.py` 的主流程；可能影响文件系统；返回 `int` 类型结果。,按源码执行顺序经过 `argparse.ArgumentParser` → `parser.add_mutually_exclusive_group` → `mode.add_argument` → `parser.parse_args` → `expected_outputs` → `outputs.items` → `path.parent.mkdir` → `path.write_text`；包含 5 个条件、循环、异常或模式匹配分支，分支结果汇入返回或状态更新。,无需调用方提供显式参数；所属软件单元已经初始化并满足关联需求约束；相关路径满足读取或写入权限及目录边界,返回 `int` 类型结果；可观察变化限于文件系统,未发现显式 raise,文件系统读写,在调用方线程同步执行,argparse.ArgumentParser;parser.add_mutually_exclusive_group;mode.add_argument;parser.parse_args;expected_outputs;outputs.items;path.parent.mkdir;path.write_text;path.exists;errors.append;as_posix;path.relative_to;path.read_text;print;join;len,5,22,medium,ARC-TOOLS,SWR-NFR-003;SWR-NFR-004,,静态分析与组件级验证,已按实现建立基线
FUN-39773424A2,UNIT-70EE096332,scripts/generate_aspice_software_evidence.py,42,_rel,internal,(path: Path),`path`（Path）：文件或目录路径,返回 `str` 类型结果,生成仓库相对路径文本；返回 `str` 类型结果。,按源码执行顺序经过 `as_posix` → `path.relative_to`；不包含显式控制分支。,调用方提供满足参数类型、取值语义和默认值约定的输入；所属软件单元已经初始化并满足关联需求约束,返回 `str` 类型结果；静态扫描未发现直接外部副作用,未发现显式 raise,未检测到直接副作用,在调用方线程同步执行,as_posix;path.relative_to,0,2,low,ARC-TOOLS,SWR-NFR-003;SWR-NFR-004,,静态分析与组件级验证,已按实现建立基线
FUN-DD062CFF6E,UNIT-70EE096332,scripts/generate_aspice_software_evidence.py,46,_stable_id,internal,"(prefix: str, value: str)",`prefix`（str）：由 `prefix` 表示的文本或标识；`value`（str）：待处理值,返回 `str` 类型结果,生成稳定标识文本；返回 `str` 类型结果。,按源码执行顺序经过 `upper` → `hexdigest` → `hashlib.sha1` → `value.encode`；不包含显式控制分支。,调用方提供满足参数类型、取值语义和默认值约定的输入；所属软件单元已经初始化并满足关联需求约束,返回 `str` 类型结果；静态扫描未发现直接外部副作用,未发现显式 raise,未检测到直接副作用,在调用方线程同步执行,upper;hexdigest;hashlib.sha1;value.encode,0,3,low,ARC-TOOLS,SWR-NFR-003;SWR-NFR-004,,静态分析与组件级验证,已按实现建立基线
FUN-BED0DE409D,UNIT-70EE096332,scripts/generate_aspice_software_evidence.py,51,_source_files,internal,(),无显式输入参数,返回 `list[Path]` 类型结果,构建受审源码文件清单；返回 `list[Path]` 类型结果。,按源码执行顺序经过 `sorted` → `ROOT.rglob` → `any` → `path.relative_to` → `casefold` → `_rel`；不包含显式控制分支。,无需调用方提供显式参数；所属软件单元已经初始化并满足关联需求约束,返回 `list[Path]` 类型结果；静态扫描未发现直接外部副作用,未发现显式 raise,未检测到直接副作用,在调用方线程同步执行,sorted;ROOT.rglob;any;path.relative_to;casefold;_rel,0,9,low,ARC-TOOLS,SWR-NFR-003;SWR-NFR-004,,静态分析与组件级验证,已按实现建立基线
FUN-86730C4FBC,UNIT-70EE096332,scripts/generate_aspice_software_evidence.py,62,_test_corpus,internal,(),无显式输入参数,"返回 `dict[str, str]` 类型结果","构建`test_corpus`；返回 `dict[str, str]` 类型结果。",按源码执行顺序经过 `_rel` → `path.read_text` → `sorted` → `rglob` → `casefold`；不包含显式控制分支。,无需调用方提供显式参数；所属软件单元已经初始化并满足关联需求约束,"返回 `dict[str, str]` 类型结果；静态扫描未发现直接外部副作用",未发现显式 raise,未检测到直接副作用,在调用方线程同步执行,_rel;path.read_text;sorted;rglob;casefold,0,8,low,ARC-TOOLS,SWR-NFR-003;SWR-NFR-004,,静态分析与组件级验证,已按实现建立基线
FUN-D937D4A0BB,UNIT-70EE096332,scripts/generate_aspice_software_evidence.py,72,_token_references,internal,"(token: str, corpus: dict[str, str])","`token`（str）：标记或认证令牌；`corpus`（dict[str, str]）：由 `corpus` 表示的键值映射",返回 `list[str]` 类型结果,构建`token_references`；返回 `list[str]` 类型结果。,按源码执行顺序经过 `re.compile` → `re.escape` → `corpus.items` → `pattern.search`；不包含显式控制分支。,调用方提供满足参数类型、取值语义和默认值约定的输入；所属软件单元已经初始化并满足关联需求约束,返回 `list[str]` 类型结果；静态扫描未发现直接外部副作用,未发现显式 raise,未检测到直接副作用,在调用方线程同步执行,re.compile;re.escape;corpus.items;pattern.search,0,3,low,ARC-TOOLS,SWR-NFR-003;SWR-NFR-004,,静态分析与组件级验证,已按实现建立基线
FUN-C81B19F40E,UNIT-70EE096332,scripts/generate_aspice_software_evidence.py,77,_component_for,internal,(path: str),`path`（str）：文件或目录路径,返回 `str` 类型结果,生成源码所属架构组件文本；返回 `str` 类型结果。,按源码执行顺序经过 `path.startswith`；包含 3 个条件、循环、异常或模式匹配分支，分支结果汇入返回或状态更新。,调用方提供满足参数类型、取值语义和默认值约定的输入；所属软件单元已经初始化并满足关联需求约束,返回 `str` 类型结果；静态扫描未发现直接外部副作用,未发现显式 raise,未检测到直接副作用,在调用方线程同步执行,path.startswith,3,16,low,ARC-TOOLS,SWR-NFR-003;SWR-NFR-004,,静态分析与组件级验证,已按实现建立基线
FUN-6E9B981DFB,UNIT-70EE096332,scripts/generate_aspice_software_evidence.py,95,_qualname,internal,"(node: ast.FunctionDef | ast.AsyncFunctionDef, parents: dict[ast.AST, ast.AST])","`node`（ast.FunctionDef | ast.AsyncFunctionDef）：AST 或结构节点；`parents`（dict[ast.AST, ast.AST]）：由 `parents` 表示的键值映射",返回 `str` 类型结果,生成`qualname`文本；返回 `str` 类型结果。,按源码执行顺序经过 `parents.get` → `isinstance` → `owners.append` → `join` → `reversed`；包含 2 个条件、循环、异常或模式匹配分支，分支结果汇入返回或状态更新。,调用方提供满足参数类型、取值语义和默认值约定的输入；所属软件单元已经初始化并满足关联需求约束,返回 `str` 类型结果；静态扫描未发现直接外部副作用,未发现显式 raise,未检测到直接副作用,在调用方线程同步执行,parents.get;isinstance;owners.append;join;reversed,2,8,low,ARC-TOOLS,SWR-NFR-003;SWR-NFR-004,,静态分析与组件级验证,已按实现建立基线
FUN-97FBBAC4CF,UNIT-70EE096332,scripts/generate_aspice_software_evidence.py,105,_call_name,internal,(call: ast.Call),`call`（ast.Call）：由调用方提供的 `call` 输入对象,返回 `str` 类型结果,生成`call_name`文本；返回 `str` 类型结果。,按源码执行顺序经过 `isinstance` → `parts.append` → `join` → `reversed`；包含 2 个条件、循环、异常或模式匹配分支，分支结果汇入返回或状态更新。,调用方提供满足参数类型、取值语义和默认值约定的输入；所属软件单元已经初始化并满足关联需求约束,返回 `str` 类型结果；静态扫描未发现直接外部副作用,未发现显式 raise,未检测到直接副作用,在调用方线程同步执行,isinstance;parts.append;join;reversed,2,9,low,ARC-TOOLS,SWR-NFR-003;SWR-NFR-004,,静态分析与组件级验证,已按实现建立基线
FUN-721B31EE97,UNIT-70EE096332,scripts/generate_aspice_software_evidence.py,212,_argument_nodes,internal,(node: ast.FunctionDef | ast.AsyncFunctionDef),`node`（ast.FunctionDef | ast.AsyncFunctionDef）：AST 或结构节点,返回 `list[ast.arg]` 类型结果,构建`argument_nodes`；返回 `list[ast.arg]` 类型结果。,直接通过表达式、字段访问或常量完成处理；不包含显式控制分支。,调用方提供满足参数类型、取值语义和默认值约定的输入；所属软件单元已经初始化并满足关联需求约束,返回 `list[ast.arg]` 类型结果；静态扫描未发现直接外部副作用,未发现显式 raise,未检测到直接副作用,在调用方线程同步执行,none,0,2,low,ARC-TOOLS,SWR-NFR-003;SWR-NFR-004,,静态分析与组件级验证,已按实现建立基线
FUN-9031BDAADF,UNIT-70EE096332,scripts/generate_aspice_software_evidence.py,216,_argument_purpose,internal,"(name: str, annotation: str)",`name`（str）：对象名称；`annotation`（str）：由 `annotation` 表示的文本或标识,返回 `str` 类型结果,生成`argument_purpose`文本；返回 `str` 类型结果。,按源码执行顺序经过 `name.split` → `name.endswith` → `name.startswith` → `any`；包含 14 个条件、循环、异常或模式匹配分支，分支结果汇入返回或状态更新。,调用方提供满足参数类型、取值语义和默认值约定的输入；所属软件单元已经初始化并满足关联需求约束,返回 `str` 类型结果；静态扫描未发现直接外部副作用,未发现显式 raise,未检测到直接副作用,在调用方线程同步执行,name.split;name.endswith;name.startswith;any,14,31,medium,ARC-TOOLS,SWR-NFR-003;SWR-NFR-004,,静态分析与组件级验证,已按实现建立基线
FUN-20592A303D,UNIT-70EE096332,scripts/generate_aspice_software_evidence.py,249,_parameter_contract,internal,(node: ast.FunctionDef | ast.AsyncFunctionDef),`node`（ast.FunctionDef | ast.AsyncFunctionDef）：AST 或结构节点,返回 `str` 类型结果,生成`parameter_contract`文本；返回 `str` 类型结果。,按源码执行顺序经过 `zip` → `defaults.update` → `_argument_nodes` → `ast.unparse` → `_argument_purpose` → `parts.append` → `join`；包含 7 个条件、循环、异常或模式匹配分支，分支结果汇入返回或状态更新。,调用方提供满足参数类型、取值语义和默认值约定的输入；所属软件单元已经初始化并满足关联需求约束,返回 `str` 类型结果；静态扫描未发现直接外部副作用,未发现显式 raise,未检测到直接副作用,在调用方线程同步执行,zip;len;defaults.update;_argument_nodes;ast.unparse;_argument_purpose;parts.append;join,7,22,low,ARC-TOOLS,SWR-NFR-003;SWR-NFR-004,,静态分析与组件级验证,已按实现建立基线
FUN-88961FC4AF,UNIT-70EE096332,scripts/generate_aspice_software_evidence.py,273,_precondition_contract,internal,"(parameter_contract: str, effects: list[str])",`parameter_contract`（str）：由 `parameter_contract` 表示的文本或标识；`effects`（list[str]）：由 `effects` 表示的输入集合,返回 `str` 类型结果,生成`precondition_contract`文本；返回 `str` 类型结果。,按源码执行顺序经过 `clauses.insert` → `clauses.append` → `join`；包含 3 个条件、循环、异常或模式匹配分支，分支结果汇入返回或状态更新。,调用方提供满足参数类型、取值语义和默认值约定的输入；所属软件单元已经初始化并满足关联需求约束,返回 `str` 类型结果；静态扫描未发现直接外部副作用,未发现显式 raise,未检测到直接副作用,在调用方线程同步执行,clauses.insert;clauses.append;join,3,11,low,ARC-TOOLS,SWR-NFR-003;SWR-NFR-004,,静态分析与组件级验证,已按实现建立基线
FUN-ADDD854580,UNIT-70EE096332,scripts/generate_aspice_software_evidence.py,286,_postcondition_contract,internal,"(return_contract: str, effects: list[str])",`return_contract`（str）：由 `return_contract` 表示的文本或标识；`effects`（list[str]）：由 `effects` 表示的输入集合,返回 `str` 类型结果,生成`postcondition_contract`文本；返回 `str` 类型结果。,按源码执行顺序经过 `clauses.append` → `join`；包含 1 个条件、循环、异常或模式匹配分支，分支结果汇入返回或状态更新。,调用方提供满足参数类型、取值语义和默认值约定的输入；所属软件单元已经初始化并满足关联需求约束,返回 `str` 类型结果；静态扫描未发现直接外部副作用,未发现显式 raise,未检测到直接副作用,在调用方线程同步执行,clauses.append;join,1,8,low,ARC-TOOLS,SWR-NFR-003;SWR-NFR-004,,静态分析与组件级验证,已按实现建立基线
FUN-DA094680BA,UNIT-70EE096332,scripts/generate_aspice_software_evidence.py,296,_return_contract,internal,(node: ast.FunctionDef | ast.AsyncFunctionDef),`node`（ast.FunctionDef | ast.AsyncFunctionDef）：AST 或结构节点,返回 `str` 类型结果,生成`return_contract`文本；返回 `str` 类型结果。,按源码执行顺序经过 `ast.unparse` → `any` → `isinstance` → `ast.walk`；包含 3 个条件、循环、异常或模式匹配分支，分支结果汇入返回或状态更新。,调用方提供满足参数类型、取值语义和默认值约定的输入；所属软件单元已经初始化并满足关联需求约束,返回 `str` 类型结果；静态扫描未发现直接外部副作用,未发现显式 raise,未检测到直接副作用,在调用方线程同步执行,ast.unparse;any;isinstance;ast.walk,3,6,low,ARC-TOOLS,SWR-NFR-003;SWR-NFR-004,,静态分析与组件级验证,已按实现建立基线
FUN-5AA8FA151C,UNIT-70EE096332,scripts/generate_aspice_software_evidence.py,304,_target_label,internal,(tokens: list[str]),`tokens`（list[str]）：由 `tokens` 表示的输入集合,返回 `str` 类型结果,生成`target_label`文本；返回 `str` 类型结果。,按源码执行顺序经过 `join` → `TARGET_LABELS.get`；包含 1 个条件、循环、异常或模式匹配分支，分支结果汇入返回或状态更新。,调用方提供满足参数类型、取值语义和默认值约定的输入；所属软件单元已经初始化并满足关联需求约束,返回 `str` 类型结果；静态扫描未发现直接外部副作用,未发现显式 raise,未检测到直接副作用,在调用方线程同步执行,join;TARGET_LABELS.get,1,3,low,ARC-TOOLS,SWR-NFR-003;SWR-NFR-004,,静态分析与组件级验证,已按实现建立基线
FUN-BA8BDD7096,UNIT-70EE096332,scripts/generate_aspice_software_evidence.py,309,_inferred_purpose,internal,"(node: ast.FunctionDef | ast.AsyncFunctionDef, return_contract: str, source_path: str)",`node`（ast.FunctionDef | ast.AsyncFunctionDef）：AST 或结构节点；`return_contract`（str）：由 `return_contract` 表示的文本或标识；`source_path`（str）：文件或目录路径,返回 `str` 类型结果,生成`inferred_purpose`文本；返回 `str` 类型结果。,按源码执行顺序经过 `node.name.strip` → `re.split` → `tokens.index` → `_target_label` → `any` → `next` → `enumerate` → `token.lower`；包含 16 个条件、循环、异常或模式匹配分支，分支结果汇入返回或状态更新。,调用方提供满足参数类型、取值语义和默认值约定的输入；所属软件单元已经初始化并满足关联需求约束,返回 `str` 类型结果；静态扫描未发现直接外部副作用,未发现显式 raise,未检测到直接副作用,在调用方线程同步执行,node.name.strip;re.split;tokens.index;_target_label;any;next;enumerate;token.lower;lower;ACTION_ONLY_TARGETS.get;return_contract.startswith,16,41,medium,ARC-TOOLS,SWR-NFR-003;SWR-NFR-004,,静态分析与组件级验证,已按实现建立基线
FUN-3857213E2A,UNIT-70EE096332,scripts/generate_aspice_software_evidence.py,352,_chinese_responsibility,internal,"(node: ast.FunctionDef | ast.AsyncFunctionDef, calls: list[str], effects: list[str], return_contract: str, source_path: str)",`node`（ast.FunctionDef | ast.AsyncFunctionDef）：AST 或结构节点；`calls`（list[str]）：由 `calls` 表示的输入集合；`effects`（list[str]）：由 `effects` 表示的输入集合；`return_contract`（str）：由 `return_contract` 表示的文本或标识；`source_path`（str）：文件或目录路径,返回 `str` 类型结果,生成`chinese_responsibility`文本；返回 `str` 类型结果。,按源码执行顺序经过 `ast.get_docstring` → `rstrip` → `doc.splitlines` → `re.match` → `_inferred_purpose` → `details.append` → `join`；包含 3 个条件、循环、异常或模式匹配分支，分支结果汇入返回或状态更新。,调用方提供满足参数类型、取值语义和默认值约定的输入；所属软件单元已经初始化并满足关联需求约束,返回 `str` 类型结果；静态扫描未发现直接外部副作用,未发现显式 raise,未检测到直接副作用,在调用方线程同步执行,ast.get_docstring;rstrip;doc.splitlines;re.match;_inferred_purpose;details.append;join,3,19,low,ARC-TOOLS,SWR-NFR-003;SWR-NFR-004,,静态分析与组件级验证,已按实现建立基线
FUN-825228F28A,UNIT-70EE096332,scripts/generate_aspice_software_evidence.py,373,_algorithm_summary,internal,"(calls: list[str], branches: int)",`calls`（list[str]）：由 `calls` 表示的输入集合；`branches`（int）：由 `branches` 表示的数值参数,返回 `str` 类型结果,生成`algorithm_summary`文本；返回 `str` 类型结果。,按源码执行顺序经过 `join`；包含 2 个条件、循环、异常或模式匹配分支，分支结果汇入返回或状态更新。,调用方提供满足参数类型、取值语义和默认值约定的输入；所属软件单元已经初始化并满足关联需求约束,返回 `str` 类型结果；静态扫描未发现直接外部副作用,未发现显式 raise,未检测到直接副作用,在调用方线程同步执行,join,2,13,low,ARC-TOOLS,SWR-NFR-003;SWR-NFR-004,,静态分析与组件级验证,已按实现建立基线
FUN-DF98642ACC,UNIT-70EE096332,scripts/generate_aspice_software_evidence.py,388,_node_contract,internal,"(node: ast.FunctionDef | ast.AsyncFunctionDef, source_path: str)",`node`（ast.FunctionDef | ast.AsyncFunctionDef）：AST 或结构节点；`source_path`（str）：文件或目录路径,"返回 `dict[str, str | int]` 类型结果","构建`node_contract`；返回 `dict[str, str | int]` 类型结果。",按源码执行顺序经过 `ast.unparse` → `_return_contract` → `sorted` → `ast.walk` → `isinstance` → `getattr` → `dict.fromkeys` → `_call_name`；包含 7 个条件、循环、异常或模式匹配分支，分支结果汇入返回或状态更新。,调用方提供满足参数类型、取值语义和默认值约定的输入；所属软件单元已经初始化并满足关联需求约束,"返回 `dict[str, str | int]` 类型结果；静态扫描未发现直接外部副作用",未发现显式 raise,未检测到直接副作用,在调用方线程同步执行,ast.unparse;_return_contract;sorted;ast.walk;isinstance;getattr;list;dict.fromkeys;_call_name;sum;lower;join;re.search;effects.append;any;_chinese_responsibility;max;_parameter_contract;_algorithm_summary;_precondition_contract,7,50,medium,ARC-TOOLS,SWR-NFR-003;SWR-NFR-004,,静态分析与组件级验证,已按实现建立基线
FUN-966D638362,UNIT-70EE096332,scripts/generate_aspice_software_evidence.py,440,_risk,internal,"(path: str, name: str, contract: dict[str, str | int])","`path`（str）：文件或目录路径；`name`（str）：对象名称；`contract`（dict[str, str | int]）：由 `contract` 表示的键值映射",返回 `str` 类型结果,生成风险结果文本；返回 `str` 类型结果。,按源码执行顺序经过 `re.search` → `startswith` → `name.split`；包含 2 个条件、循环、异常或模式匹配分支，分支结果汇入返回或状态更新。,调用方提供满足参数类型、取值语义和默认值约定的输入；所属软件单元已经初始化并满足关联需求约束,返回 `str` 类型结果；静态扫描未发现直接外部副作用,未发现显式 raise,未检测到直接副作用,在调用方线程同步执行,re.search;str;int;startswith;name.split,2,8,low,ARC-TOOLS,SWR-NFR-003;SWR-NFR-004,,静态分析与组件级验证,已按实现建立基线
FUN-840DD814AD,UNIT-70EE096332,scripts/generate_aspice_software_evidence.py,450,_csv,internal,"(rows: list[dict[str, object]])","`rows`（list[dict[str, object]]）：记录行集合",返回 `str` 类型结果,生成CSV 数据文本；返回 `str` 类型结果。,按源码执行顺序经过 `io.StringIO` → `csv.DictWriter` → `writer.writeheader` → `writer.writerows` → `buffer.getvalue`；不包含显式控制分支。,调用方提供满足参数类型、取值语义和默认值约定的输入；所属软件单元已经初始化并满足关联需求约束,返回 `str` 类型结果；静态扫描未发现直接外部副作用,未发现显式 raise,未检测到直接副作用,在调用方线程同步执行,io.StringIO;csv.DictWriter;list;writer.writeheader;writer.writerows;buffer.getvalue,0,6,low,ARC-TOOLS,SWR-NFR-003;SWR-NFR-004,,静态分析与组件级验证,已按实现建立基线
FUN-6B5F339E4D,UNIT-70EE096332,scripts/generate_aspice_software_evidence.py,458,expected_outputs,public,(),无显式输入参数,"返回 `tuple[dict[Path, str], dict[str, int]]` 类型结果","构建预期生成产物；返回 `tuple[dict[Path, str], dict[str, int]]` 类型结果。",按源码执行顺序经过 `yaml.safe_load` → `ARCH_PATH.read_text` → `REQ_PATH.read_text` → `RESULT_PATH.read_text` → `_test_corpus` → `defaultdict` → `_source_files` → `_rel`；包含 17 个条件、循环、异常或模式匹配分支，分支结果汇入返回或状态更新。,无需调用方提供显式参数；所属软件单元已经初始化并满足关联需求约束,"返回 `tuple[dict[Path, str], dict[str, int]]` 类型结果；静态扫描未发现直接外部副作用",未发现显式 raise,未检测到直接副作用,在调用方线程同步执行,yaml.safe_load;ARCH_PATH.read_text;REQ_PATH.read_text;RESULT_PATH.read_text;_test_corpus;defaultdict;_source_files;_rel;_stable_id;_component_for;ast.parse;source.read_text;ast.walk;ast.iter_child_nodes;replace;path.removesuffix;update;_token_references;isinstance;_qualname,17,139,medium,ARC-TOOLS,SWR-NFR-003;SWR-NFR-004,,静态分析与组件级验证,已按实现建立基线
FUN-9C060DBC51,UNIT-70EE096332,scripts/generate_aspice_software_evidence.py,599,main,public,(),无显式输入参数,返回 `int` 类型结果,执行 `scripts/generate_aspice_software_evidence.py` 的主流程；可能影响文件系统；返回 `int` 类型结果。,按源码执行顺序经过 `argparse.ArgumentParser` → `parser.add_mutually_exclusive_group` → `mode.add_argument` → `parser.parse_args` → `expected_outputs` → `outputs.items` → `path.write_text` → `path.exists`；包含 7 个条件、循环、异常或模式匹配分支，分支结果汇入返回或状态更新。,无需调用方提供显式参数；所属软件单元已经初始化并满足关联需求约束；相关路径满足读取或写入权限及目录边界,返回 `int` 类型结果；可观察变化限于文件系统,未发现显式 raise,文件系统读写,在调用方线程同步执行,argparse.ArgumentParser;parser.add_mutually_exclusive_group;mode.add_argument;parser.parse_args;expected_outputs;outputs.items;path.write_text;path.exists;errors.append;_rel;path.read_text;print;join,7,26,medium,ARC-TOOLS,SWR-NFR-003;SWR-NFR-004,,静态分析与组件级验证,已按实现建立基线
FUN-000D721083,UNIT-37E036C51B,scripts/inspect_archive.py,16,_cmd_list,internal,(args: argparse.Namespace),`args`（argparse.Namespace）：由调用方提供的 `args` 输入对象,返回 `int` 类型结果,计算`cmd_list`；返回 `int` 类型结果。,按源码执行顺序经过 `list_archives` → `print` → `archive_label`；包含 2 个条件、循环、异常或模式匹配分支，分支结果汇入返回或状态更新。,调用方提供满足参数类型、取值语义和默认值约定的输入；所属软件单元已经初始化并满足关联需求约束,返回 `int` 类型结果；静态扫描未发现直接外部副作用,未发现显式 raise,未检测到直接副作用,在调用方线程同步执行,list_archives;print;archive_label,2,10,low,ARC-TOOLS,SWR-NFR-003;SWR-NFR-004,,静态分析与组件级验证,已按实现建立基线
FUN-747A7A71CA,UNIT-37E036C51B,scripts/inspect_archive.py,28,_cmd_inspect,internal,(args: argparse.Namespace),`args`（argparse.Namespace）：由调用方提供的 `args` 输入对象,返回 `int` 类型结果,计算`cmd_inspect`；返回 `int` 类型结果。,按源码执行顺序经过 `inspect_run_archive` → `print` → `json.dumps`；包含 1 个条件、循环、异常或模式匹配分支，分支结果汇入返回或状态更新。,调用方提供满足参数类型、取值语义和默认值约定的输入；所属软件单元已经初始化并满足关联需求约束,返回 `int` 类型结果；静态扫描未发现直接外部副作用,未发现显式 raise,未检测到直接副作用,在调用方线程同步执行,inspect_run_archive;print;json.dumps,1,14,low,ARC-TOOLS,SWR-NFR-003;SWR-NFR-004,,静态分析与组件级验证,已按实现建立基线
FUN-63AE1E91D4,UNIT-37E036C51B,scripts/inspect_archive.py,44,_cmd_validate,internal,(args: argparse.Namespace),`args`（argparse.Namespace）：由调用方提供的 `args` 输入对象,返回 `int` 类型结果,验证`cmd`；返回 `int` 类型结果。,按源码执行顺序经过 `normalized` → `RunConfig` → `load_replay_bundle` → `print` → `json.dumps` → `get` → `report.get` → `sorted`；不包含显式控制分支。,调用方提供满足参数类型、取值语义和默认值约定的输入；所属软件单元已经初始化并满足关联需求约束,返回 `int` 类型结果；静态扫描未发现直接外部副作用,未发现显式 raise,未检测到直接副作用,在调用方线程同步执行,normalized;RunConfig;load_replay_bundle;print;json.dumps;get;report.get;sorted;enriched.keys;analyses.keys;bool,0,21,low,ARC-TOOLS,SWR-NFR-003;SWR-NFR-004,,静态分析与组件级验证,已按实现建立基线
FUN-E505B92782,UNIT-37E036C51B,scripts/inspect_archive.py,67,_cmd_export,internal,(args: argparse.Namespace),`args`（argparse.Namespace）：由调用方提供的 `args` 输入对象,返回 `int` 类型结果,导出`cmd`；可能影响文件系统；返回 `int` 类型结果。,按源码执行顺序经过 `export_archive_zip` → `Path` → `out.write_bytes` → `print`；不包含显式控制分支。,调用方提供满足参数类型、取值语义和默认值约定的输入；所属软件单元已经初始化并满足关联需求约束；相关路径满足读取或写入权限及目录边界,返回 `int` 类型结果；可观察变化限于文件系统,未发现显式 raise,文件系统读写,在调用方线程同步执行,export_archive_zip;Path;out.write_bytes;print;len,0,8,low,ARC-TOOLS,SWR-NFR-003;SWR-NFR-004,,静态分析与组件级验证,已按实现建立基线
FUN-CA79779A11,UNIT-37E036C51B,scripts/inspect_archive.py,77,_cmd_import,internal,(args: argparse.Namespace),`args`（argparse.Namespace）：由调用方提供的 `args` 输入对象,返回 `int` 类型结果,导入`cmd`；返回 `int` 类型结果。,按源码执行顺序经过 `read_bytes` → `Path` → `import_archive_zip` → `print`；不包含显式控制分支。,调用方提供满足参数类型、取值语义和默认值约定的输入；所属软件单元已经初始化并满足关联需求约束,返回 `int` 类型结果；静态扫描未发现直接外部副作用,未发现显式 raise,未检测到直接副作用,在调用方线程同步执行,read_bytes;Path;import_archive_zip;print,0,7,low,ARC-TOOLS,SWR-NFR-003;SWR-NFR-004,,静态分析与组件级验证,已按实现建立基线
FUN-80A2A844CA,UNIT-37E036C51B,scripts/inspect_archive.py,86,main,public,(),无显式输入参数,返回 `int` 类型结果,执行 `scripts/inspect_archive.py` 的主流程；返回 `int` 类型结果。,按源码执行顺序经过 `argparse.ArgumentParser` → `parser.add_subparsers` → `sub.add_parser` → `list_p.add_argument` → `list_p.set_defaults` → `inspect_p.add_argument` → `inspect_p.set_defaults` → `validate_p.add_argument`；不包含显式控制分支。,无需调用方提供显式参数；所属软件单元已经初始化并满足关联需求约束,返回 `int` 类型结果；静态扫描未发现直接外部副作用,未发现显式 raise,未检测到直接副作用,在调用方线程同步执行,argparse.ArgumentParser;parser.add_subparsers;sub.add_parser;list_p.add_argument;list_p.set_defaults;inspect_p.add_argument;inspect_p.set_defaults;validate_p.add_argument;validate_p.set_defaults;export_p.add_argument;export_p.set_defaults;import_p.add_argument;import_p.set_defaults;parser.parse_args;args.func,0,29,medium,ARC-TOOLS,SWR-NFR-003;SWR-NFR-004,,静态分析与组件级验证,已按实现建立基线
FUN-FDEC2F3B6B,UNIT-8F71F01664,scripts/show_utf8.py,16,parse_args,public,(),无显式输入参数,返回 `argparse.Namespace` 类型结果,解析命令行参数；返回 `argparse.Namespace` 类型结果。,按源码执行顺序经过 `argparse.ArgumentParser` → `parser.add_argument` → `parser.parse_args`；不包含显式控制分支。,无需调用方提供显式参数；所属软件单元已经初始化并满足关联需求约束,返回 `argparse.Namespace` 类型结果；静态扫描未发现直接外部副作用,未发现显式 raise,未检测到直接副作用,在调用方线程同步执行,argparse.ArgumentParser;parser.add_argument;parser.parse_args,0,6,medium,ARC-TOOLS,SWR-NFR-003;SWR-NFR-004,,静态分析与组件级验证,已按实现建立基线
FUN-9302F1289E,UNIT-8F71F01664,scripts/show_utf8.py,24,main,public,(),无显式输入参数,返回 `int` 类型结果,执行 `scripts/show_utf8.py` 的主流程；返回 `int` 类型结果。,按源码执行顺序经过 `sys.stdout.reconfigure` → `parse_args` → `Path` → `path.read_text` → `text.splitlines` → `max` → `min` → `range`；包含 1 个条件、循环、异常或模式匹配分支，分支结果汇入返回或状态更新。,无需调用方提供显式参数；所属软件单元已经初始化并满足关联需求约束,返回 `int` 类型结果；静态扫描未发现直接外部副作用,未发现显式 raise,未检测到直接副作用,在调用方线程同步执行,sys.stdout.reconfigure;parse_args;Path;path.read_text;text.splitlines;max;min;len;range;print,1,11,medium,ARC-TOOLS,SWR-NFR-003;SWR-NFR-004,,静态分析与组件级验证,已按实现建立基线
FUN-2E85C86A01,UNIT-C913C2495C,scripts/test_live_fetch.py,20,_block,internal,"(title: str, body: object)",`title`（str）：由 `title` 表示的文本或标识；`body`（object）：由调用方提供的 `body` 输入对象,无返回值（None）,执行`block`处理；无返回值（None）。,按源码执行顺序经过 `print` → `isinstance` → `json.dumps`；包含 1 个条件、循环、异常或模式匹配分支，分支结果汇入返回或状态更新。,调用方提供满足参数类型、取值语义和默认值约定的输入；所属软件单元已经初始化并满足关联需求约束,无返回值（None）；静态扫描未发现直接外部副作用,未发现显式 raise,未检测到直接副作用,在调用方线程同步执行,print;isinstance;json.dumps,1,8,low,ARC-TOOLS,SWR-NFR-003;SWR-NFR-004,,静态分析与组件级验证,已按实现建立基线
FUN-9C22B2B4E5,UNIT-C913C2495C,scripts/test_live_fetch.py,30,main,public,(),无显式输入参数,返回 `int` 类型结果,执行 `scripts/test_live_fetch.py` 的主流程；可能影响外部接口；返回 `int` 类型结果。,按源码执行顺序经过 `print` → `fetch_dxy_impact` → `_block` → `fetch_jin10_bundle` → `fetch_jin10_quote` → `fetch_jin10_kline` → `fetch_social_sentiment` → `merge_external`；包含 1 个条件、循环、异常或模式匹配分支，分支结果汇入返回或状态更新。,无需调用方提供显式参数；所属软件单元已经初始化并满足关联需求约束；外部客户端、凭据、网络和超时策略已按运行配置准备,返回 `int` 类型结果；可观察变化限于外部接口,未发现显式 raise,外部接口 I/O,在调用方线程同步执行,print;fetch_dxy_impact;_block;fetch_jin10_bundle;len;fetch_jin10_quote;fetch_jin10_kline;fetch_social_sentiment;merge_external;fetch_external;NewsDataSource;FundamentalsDataSource;SocialDataSource;sum;dxy_refs.get;bool;social_refs.get,1,72,high,ARC-TOOLS,SWR-NFR-003;SWR-NFR-004,,静态分析与组件级验证,已按实现建立基线
FUN-C3BB71E51C,UNIT-F6D48540E6,src/advice/audit.py,8,audit_advice,public,(packet: AdvicePacket),`packet`（AdvicePacket）：由调用方提供的 `packet` 输入对象,返回 `AdviceAudit` 类型结果,生成`audit_advice`结果；返回 `AdviceAudit` 类型结果。,按源码执行顺序经过 `violations.append` → `warnings.append` → `AdviceAudit` → `any` → `max` → `sorted` → `join`；包含 18 个条件、循环、异常或模式匹配分支，分支结果汇入返回或状态更新。,调用方提供满足参数类型、取值语义和默认值约定的输入；所属软件单元已经初始化并满足关联需求约束,返回 `AdviceAudit` 类型结果；静态扫描未发现直接外部副作用,未发现显式 raise,未检测到直接副作用,在调用方线程同步执行,violations.append;warnings.append;AdviceAudit;any;max;sorted;set;join,18,49,high,ARC-ADVICE,SWR-CORE-001;SWR-DATA-002;SWR-DATA-003;SWR-ADV-001;SWR-ADV-002;SWR-ADV-003;SWR-ADV-004;SWR-LLM-001;SWR-LLM-002;SWR-REP-001;SWR-UI-002;SWR-NFR-001;SWR-NFR-002,tests/integration/test_offline_report_contract.py;tests/unit/test_advice_v2.py,直接动态测试,已按实现建立基线
FUN-1F215990AC,UNIT-56F8FF3B61,src/advice/engine.py,28,_bias,internal,(ctx: MarketContext),`ctx`（MarketContext）：运行上下文,"返回 `tuple[str, str, list[str]]` 类型结果","构建`bias`；返回 `tuple[str, str, list[str]]` 类型结果。",按源码执行顺序经过 `getattr` → `ctx.analyses.get` → `_trend_cn`；包含 5 个条件、循环、异常或模式匹配分支，分支结果汇入返回或状态更新。,调用方提供满足参数类型、取值语义和默认值约定的输入；所属软件单元已经初始化并满足关联需求约束,"返回 `tuple[str, str, list[str]]` 类型结果；静态扫描未发现直接外部副作用",未发现显式 raise,未检测到直接副作用,在调用方线程同步执行,getattr;ctx.analyses.get;_trend_cn,5,19,high,ARC-ADVICE,SWR-CORE-001;SWR-DATA-002;SWR-DATA-003;SWR-ADV-001;SWR-ADV-002;SWR-ADV-003;SWR-ADV-004;SWR-LLM-001;SWR-LLM-002;SWR-REP-001;SWR-UI-002;SWR-NFR-001;SWR-NFR-002,,静态分析与组件级验证,已按实现建立基线
FUN-01C7DD3B96,UNIT-56F8FF3B61,src/advice/engine.py,49,_trend_cn,internal,(value: str),`value`（str）：待处理值,返回 `str` 类型结果,生成`trend_cn`文本；返回 `str` 类型结果。,按源码执行顺序经过 `get`；不包含显式控制分支。,调用方提供满足参数类型、取值语义和默认值约定的输入；所属软件单元已经初始化并满足关联需求约束,返回 `str` 类型结果；静态扫描未发现直接外部副作用,未发现显式 raise,未检测到直接副作用,在调用方线程同步执行,get,0,2,high,ARC-ADVICE,SWR-CORE-001;SWR-DATA-002;SWR-DATA-003;SWR-ADV-001;SWR-ADV-002;SWR-ADV-003;SWR-ADV-004;SWR-LLM-001;SWR-LLM-002;SWR-REP-001;SWR-UI-002;SWR-NFR-001;SWR-NFR-002,,静态分析与组件级验证,已按实现建立基线
FUN-777CD0539B,UNIT-56F8FF3B61,src/advice/engine.py,53,_level_bounds,internal,"(row: dict[str, Any])","`row`（dict[str, Any]）：当前记录行","返回 `tuple[float, float]` 类型结果","构建`level_bounds`；返回 `tuple[float, float]` 类型结果。",按源码执行顺序经过 `row.get` → `min` → `max`；包含 2 个条件、循环、异常或模式匹配分支，分支结果汇入返回或状态更新。,调用方提供满足参数类型、取值语义和默认值约定的输入；所属软件单元已经初始化并满足关联需求约束,"返回 `tuple[float, float]` 类型结果；静态扫描未发现直接外部副作用",未发现显式 raise,未检测到直接副作用,在调用方线程同步执行,float;row.get;min;max,2,5,high,ARC-ADVICE,SWR-CORE-001;SWR-DATA-002;SWR-DATA-003;SWR-ADV-001;SWR-ADV-002;SWR-ADV-003;SWR-ADV-004;SWR-LLM-001;SWR-LLM-002;SWR-REP-001;SWR-UI-002;SWR-NFR-001;SWR-NFR-002,,静态分析与组件级验证,已按实现建立基线
FUN-1452F32FB1,UNIT-56F8FF3B61,src/advice/engine.py,60,_source_family,internal,"(row: dict[str, Any])","`row`（dict[str, Any]）：当前记录行",返回 `str` 类型结果,生成`source_family`文本；返回 `str` 类型结果。,按源码执行顺序经过 `row.get` → `source.split`；不包含显式控制分支。,调用方提供满足参数类型、取值语义和默认值约定的输入；所属软件单元已经初始化并满足关联需求约束,返回 `str` 类型结果；静态扫描未发现直接外部副作用,未发现显式 raise,未检测到直接副作用,在调用方线程同步执行,str;row.get;source.split,0,3,high,ARC-ADVICE,SWR-CORE-001;SWR-DATA-002;SWR-DATA-003;SWR-ADV-001;SWR-ADV-002;SWR-ADV-003;SWR-ADV-004;SWR-LLM-001;SWR-LLM-002;SWR-REP-001;SWR-UI-002;SWR-NFR-001;SWR-NFR-002,,静态分析与组件级验证,已按实现建立基线
FUN-51FA733F1A,UNIT-56F8FF3B61,src/advice/engine.py,65,_evidence_id,internal,"(row: dict[str, Any], index: int)","`row`（dict[str, Any]）：当前记录行；`index`（int）：由 `index` 表示的数值参数",返回 `str` 类型结果,生成`evidence_id`文本；返回 `str` 类型结果。,按源码执行顺序经过 `row.get` → `_source_family`；不包含显式控制分支。,调用方提供满足参数类型、取值语义和默认值约定的输入；所属软件单元已经初始化并满足关联需求约束,返回 `str` 类型结果；静态扫描未发现直接外部副作用,未发现显式 raise,未检测到直接副作用,在调用方线程同步执行,str;row.get;_source_family;float,0,5,high,ARC-ADVICE,SWR-CORE-001;SWR-DATA-002;SWR-DATA-003;SWR-ADV-001;SWR-ADV-002;SWR-ADV-003;SWR-ADV-004;SWR-LLM-001;SWR-LLM-002;SWR-REP-001;SWR-UI-002;SWR-NFR-001;SWR-NFR-002,,静态分析与组件级验证,已按实现建立基线
FUN-617ACCC6A0,UNIT-56F8FF3B61,src/advice/engine.py,72,_cluster_levels,internal,"(rows: list[dict[str, Any]], *, tolerance: float)","`rows`（list[dict[str, Any]]）：记录行集合；`tolerance`（float）：数值比较容差","返回 `list[list[dict[str, Any]]]` 类型结果","构建`cluster_levels`；返回 `list[list[dict[str, Any]]]` 类型结果。",按源码执行顺序经过 `sorted` → `item.get` → `row.get` → `next` → `abs` → `sum` → `x.get` → `clusters.append`；包含 2 个条件、循环、异常或模式匹配分支，分支结果汇入返回或状态更新。,调用方提供满足参数类型、取值语义和默认值约定的输入；所属软件单元已经初始化并满足关联需求约束,"返回 `list[list[dict[str, Any]]]` 类型结果；静态扫描未发现直接外部副作用",未发现显式 raise,未检测到直接副作用,在调用方线程同步执行,sorted;float;item.get;row.get;next;abs;sum;x.get;len;clusters.append;matched.append,2,22,high,ARC-ADVICE,SWR-CORE-001;SWR-DATA-002;SWR-DATA-003;SWR-ADV-001;SWR-ADV-002;SWR-ADV-003;SWR-ADV-004;SWR-LLM-001;SWR-LLM-002;SWR-REP-001;SWR-UI-002;SWR-NFR-001;SWR-NFR-002,,静态分析与组件级验证,已按实现建立基线
FUN-B8C6253015,UNIT-56F8FF3B61,src/advice/engine.py,96,_cluster_rank,internal,"(cluster: list[dict[str, Any]], price: float)","`cluster`（list[dict[str, Any]]）：由 `cluster` 表示的输入集合；`price`（float）：当前或待评估价格","返回 `tuple[int, float, float]` 类型结果","构建`cluster_rank`；返回 `tuple[int, float, float]` 类型结果。",按源码执行顺序经过 `_source_family` → `row.get` → `sum` → `abs`；不包含显式控制分支。,调用方提供满足参数类型、取值语义和默认值约定的输入；所属软件单元已经初始化并满足关联需求约束,"返回 `tuple[int, float, float]` 类型结果；静态扫描未发现直接外部副作用",未发现显式 raise,未检测到直接副作用,在调用方线程同步执行,_source_family;str;row.get;sum;float;len;abs,0,7,high,ARC-ADVICE,SWR-CORE-001;SWR-DATA-002;SWR-DATA-003;SWR-ADV-001;SWR-ADV-002;SWR-ADV-003;SWR-ADV-004;SWR-LLM-001;SWR-LLM-002;SWR-REP-001;SWR-UI-002;SWR-NFR-001;SWR-NFR-002,,静态分析与组件级验证,已按实现建立基线
FUN-38F9BC2124,UNIT-56F8FF3B61,src/advice/engine.py,105,_pick_cluster,internal,"(rows: list[dict[str, Any]], *, direction: str, price: float, tolerance: float, max_distance: float)","`rows`（list[dict[str, Any]]）：记录行集合；`direction`（str）：交易方向；`price`（float）：当前或待评估价格；`tolerance`（float）：数值比较容差；`max_distance`（float）：由 `max_distance` 表示的数值参数","返回 `list[dict[str, Any]] | None` 类型结果","构建`pick_cluster`；返回 `list[dict[str, Any]] | None` 类型结果。",按源码执行顺序经过 `_level_bounds` → `eligible.append` → `_cluster_levels` → `_source_family` → `row.get` → `max` → `_cluster_rank`；包含 4 个条件、循环、异常或模式匹配分支，分支结果汇入返回或状态更新。,调用方提供满足参数类型、取值语义和默认值约定的输入；所属软件单元已经初始化并满足关联需求约束,"返回 `list[dict[str, Any]] | None` 类型结果；静态扫描未发现直接外部副作用",未发现显式 raise,未检测到直接副作用,在调用方线程同步执行,_level_bounds;eligible.append;_cluster_levels;len;_source_family;str;row.get;max;_cluster_rank,4,26,high,ARC-ADVICE,SWR-CORE-001;SWR-DATA-002;SWR-DATA-003;SWR-ADV-001;SWR-ADV-002;SWR-ADV-003;SWR-ADV-004;SWR-LLM-001;SWR-LLM-002;SWR-REP-001;SWR-UI-002;SWR-NFR-001;SWR-NFR-002,,静态分析与组件级验证,已按实现建立基线
FUN-A9180D19B6,UNIT-56F8FF3B61,src/advice/engine.py,133,_zone_from_cluster,internal,"(cluster: list[dict[str, Any]])","`cluster`（list[dict[str, Any]]）：由 `cluster` 表示的输入集合",返回 `AttentionZone` 类型结果,根据`cluster`构建`zone`；返回 `AttentionZone` 类型结果。,按源码执行顺序经过 `_level_bounds` → `min` → `max` → `row.get` → `labels.append` → `AttentionZone` → `round` → `join`；包含 2 个条件、循环、异常或模式匹配分支，分支结果汇入返回或状态更新。,调用方提供满足参数类型、取值语义和默认值约定的输入；所属软件单元已经初始化并满足关联需求约束,返回 `AttentionZone` 类型结果；静态扫描未发现直接外部副作用,未发现显式 raise,未检测到直接副作用,在调用方线程同步执行,_level_bounds;min;max;str;row.get;labels.append;AttentionZone;round;join,2,10,high,ARC-ADVICE,SWR-CORE-001;SWR-DATA-002;SWR-DATA-003;SWR-ADV-001;SWR-ADV-002;SWR-ADV-003;SWR-ADV-004;SWR-LLM-001;SWR-LLM-002;SWR-REP-001;SWR-UI-002;SWR-NFR-001;SWR-NFR-002,,静态分析与组件级验证,已按实现建立基线
FUN-B96B4D78F2,UNIT-56F8FF3B61,src/advice/engine.py,145,_target_prices,internal,"(rows: list[dict[str, Any]], *, direction: str, zone: AttentionZone, tolerance: float)","`rows`（list[dict[str, Any]]）：记录行集合；`direction`（str）：交易方向；`zone`（AttentionZone）：由调用方提供的 `zone` 输入对象；`tolerance`（float）：数值比较容差",返回 `list[float]` 类型结果,构建`target_prices`；返回 `list[float]` 类型结果。,按源码执行顺序经过 `_cluster_levels` → `sum` → `row.get` → `candidates.append` → `sorted` → `round`；包含 3 个条件、循环、异常或模式匹配分支，分支结果汇入返回或状态更新。,调用方提供满足参数类型、取值语义和默认值约定的输入；所属软件单元已经初始化并满足关联需求约束,返回 `list[float]` 类型结果；静态扫描未发现直接外部副作用,未发现显式 raise,未检测到直接副作用,在调用方线程同步执行,_cluster_levels;sum;float;row.get;len;candidates.append;sorted;set;round,3,16,high,ARC-ADVICE,SWR-CORE-001;SWR-DATA-002;SWR-DATA-003;SWR-ADV-001;SWR-ADV-002;SWR-ADV-003;SWR-ADV-004;SWR-LLM-001;SWR-LLM-002;SWR-REP-001;SWR-UI-002;SWR-NFR-001;SWR-NFR-002,,静态分析与组件级验证,已按实现建立基线
FUN-65829E56D4,UNIT-56F8FF3B61,src/advice/engine.py,163,_rr,internal,"(direction: str, zone: AttentionZone, invalidation: float, targets: list[float])",`direction`（str）：交易方向；`zone`（AttentionZone）：由调用方提供的 `zone` 输入对象；`invalidation`（float）：由 `invalidation` 表示的数值参数；`targets`（list[float]）：由 `targets` 表示的输入集合,返回 `list[float]` 类型结果,构建`rr`；返回 `list[float]` 类型结果。,按源码执行顺序经过 `round` → `max`；包含 3 个条件、循环、异常或模式匹配分支，分支结果汇入返回或状态更新。,调用方提供满足参数类型、取值语义和默认值约定的输入；所属软件单元已经初始化并满足关联需求约束,返回 `list[float]` 类型结果；静态扫描未发现直接外部副作用,未发现显式 raise,未检测到直接副作用,在调用方线程同步执行,round;max,3,9,high,ARC-ADVICE,SWR-CORE-001;SWR-DATA-002;SWR-DATA-003;SWR-ADV-001;SWR-ADV-002;SWR-ADV-003;SWR-ADV-004;SWR-LLM-001;SWR-LLM-002;SWR-REP-001;SWR-UI-002;SWR-NFR-001;SWR-NFR-002,,静态分析与组件级验证,已按实现建立基线
FUN-324D833370,UNIT-56F8FF3B61,src/advice/engine.py,174,_human_checklist,internal,"(direction: str, zone: AttentionZone)",`direction`（str）：交易方向；`zone`（AttentionZone）：由调用方提供的 `zone` 输入对象,返回 `list[str]` 类型结果,构建`human_checklist`；返回 `list[str]` 类型结果。,直接通过表达式、字段访问或常量完成处理；包含 1 个条件、循环、异常或模式匹配分支，分支结果汇入返回或状态更新。,调用方提供满足参数类型、取值语义和默认值约定的输入；所属软件单元已经初始化并满足关联需求约束,返回 `list[str]` 类型结果；静态扫描未发现直接外部副作用,未发现显式 raise,未检测到直接副作用,在调用方线程同步执行,none,1,13,high,ARC-ADVICE,SWR-CORE-001;SWR-DATA-002;SWR-DATA-003;SWR-ADV-001;SWR-ADV-002;SWR-ADV-003;SWR-ADV-004;SWR-LLM-001;SWR-LLM-002;SWR-REP-001;SWR-UI-002;SWR-NFR-001;SWR-NFR-002,,静态分析与组件级验证,已按实现建立基线
FUN-31108E0F15,UNIT-56F8FF3B61,src/advice/engine.py,189,_risks,internal,(ctx: MarketContext),`ctx`（MarketContext）：运行上下文,返回 `list[str]` 类型结果,构建`risks`；返回 `list[str]` 类型结果。,按源码执行顺序经过 `risks.append` → `ctx.analyses.get`；包含 3 个条件、循环、异常或模式匹配分支，分支结果汇入返回或状态更新。,调用方提供满足参数类型、取值语义和默认值约定的输入；所属软件单元已经初始化并满足关联需求约束,返回 `list[str]` 类型结果；静态扫描未发现直接外部副作用,未发现显式 raise,未检测到直接副作用,在调用方线程同步执行,float;risks.append;ctx.analyses.get;str,3,11,high,ARC-ADVICE,SWR-CORE-001;SWR-DATA-002;SWR-DATA-003;SWR-ADV-001;SWR-ADV-002;SWR-ADV-003;SWR-ADV-004;SWR-LLM-001;SWR-LLM-002;SWR-REP-001;SWR-UI-002;SWR-NFR-001;SWR-NFR-002,,静态分析与组件级验证,已按实现建立基线
FUN-5DE4F49A87,UNIT-56F8FF3B61,src/advice/engine.py,202,_no_setup_packet,internal,"(*, decision: str, bias: str, confidence: str, price: float, context: list[str], summary: str, risks: list[str], uncertainties: list[str], evidence: list[AdviceEvidence])",`decision`（str）：最终或阶段决策；`bias`（str）：由 `bias` 表示的文本或标识；`confidence`（str）：由 `confidence` 表示的文本或标识；`price`（float）：当前或待评估价格；`context`（list[str]）：运行上下文；`summary`（str）：摘要内容；`risks`（list[str]）：由 `risks` 表示的输入集合；`uncertainties`（list[str]）：由 `uncertainties` 表示的输入集合；`evidence`（list[AdviceEvidence]）：由 `evidence` 表示的输入集合,返回 `AdvicePacket` 类型结果,生成`no_setup_packet`结果；返回 `AdvicePacket` 类型结果。,按源码执行顺序经过 `AdvicePacket` → `round` → `replace` → `audit_advice`；不包含显式控制分支。,调用方提供满足参数类型、取值语义和默认值约定的输入；所属软件单元已经初始化并满足关联需求约束,返回 `AdvicePacket` 类型结果；静态扫描未发现直接外部副作用,未发现显式 raise,未检测到直接副作用,在调用方线程同步执行,AdvicePacket;round;replace;audit_advice,0,27,high,ARC-ADVICE,SWR-CORE-001;SWR-DATA-002;SWR-DATA-003;SWR-ADV-001;SWR-ADV-002;SWR-ADV-003;SWR-ADV-004;SWR-LLM-001;SWR-LLM-002;SWR-REP-001;SWR-UI-002;SWR-NFR-001;SWR-NFR-002,,静态分析与组件级验证,已按实现建立基线
FUN-8B9A1CC80C,UNIT-56F8FF3B61,src/advice/engine.py,231,build_advice_packet,public,(ctx: MarketContext),`ctx`（MarketContext）：运行上下文,返回 `AdvicePacket` 类型结果,构建`advice_packet`；返回 `AdvicePacket` 类型结果。,按源码执行顺序经过 `_bias` → `AdviceEvidence` → `_TF_CN.get` → `_trend_cn` → `ctx.analyses.get` → `_risks` → `build_data_as_of` → `ctx.derived.get`；包含 17 个条件、循环、异常或模式匹配分支，分支结果汇入返回或状态更新。,调用方提供满足参数类型、取值语义和默认值约定的输入；所属软件单元已经初始化并满足关联需求约束,返回 `AdvicePacket` 类型结果；静态扫描未发现直接外部副作用,未发现显式 raise,未检测到直接副作用,在调用方线程同步执行,float;_bias;AdviceEvidence;_TF_CN.get;_trend_cn;ctx.analyses.get;_risks;build_data_as_of;ctx.derived.get;freshness.get;_no_setup_packet;list;support_resistance_context;getattr;max;_pick_cluster;_zone_from_cluster;_target_prices;round;enumerate,17,168,high,ARC-ADVICE,SWR-CORE-001;SWR-DATA-002;SWR-DATA-003;SWR-ADV-001;SWR-ADV-002;SWR-ADV-003;SWR-ADV-004;SWR-LLM-001;SWR-LLM-002;SWR-REP-001;SWR-UI-002;SWR-NFR-001;SWR-NFR-002,tests/integration/test_offline_report_contract.py;tests/unit/test_advice_v2.py,直接动态测试,已按实现建立基线
FUN-AA090923DF,UNIT-BA683051BA,src/advice/llm.py,34,_strings,internal,"(value: Any, *, limit: int, field: str)",`value`（Any）：待处理值；`limit`（int）：返回或处理数量上限；`field`（str）：由 `field` 表示的文本或标识,返回 `list[str]` 类型结果,构建`strings`；返回 `list[str]` 类型结果。,按源码执行顺序经过 `isinstance` → `ValueError` → `strip`；包含 3 个条件、循环、异常或模式匹配分支，分支结果汇入返回或状态更新。,调用方提供满足参数类型、取值语义和默认值约定的输入；所属软件单元已经初始化并满足关联需求约束,返回 `list[str]` 类型结果；静态扫描未发现直接外部副作用,ValueError,未检测到直接副作用,在调用方线程同步执行,isinstance;ValueError;strip;str;len,3,9,high,ARC-ADVICE,SWR-CORE-001;SWR-DATA-002;SWR-DATA-003;SWR-ADV-001;SWR-ADV-002;SWR-ADV-003;SWR-ADV-004;SWR-LLM-001;SWR-LLM-002;SWR-REP-001;SWR-UI-002;SWR-NFR-001;SWR-NFR-002,,静态分析与组件级验证,已按实现建立基线
FUN-590C9E4D9E,UNIT-BA683051BA,src/advice/llm.py,45,_parse,internal,"(data: dict[str, Any], *, has_setup: bool)","`data`（dict[str, Any]）：输入数据；`has_setup`（bool）：控制对应行为是否启用的布尔值","返回 `dict[str, Any]` 类型结果","解析输入内容；返回 `dict[str, Any]` 类型结果。",按源码执行顺序经过 `strip` → `data.get` → `ValueError` → `_strings`；包含 3 个条件、循环、异常或模式匹配分支，分支结果汇入返回或状态更新。,调用方提供满足参数类型、取值语义和默认值约定的输入；所属软件单元已经初始化并满足关联需求约束,"返回 `dict[str, Any]` 类型结果；静态扫描未发现直接外部副作用",ValueError,未检测到直接副作用,在调用方线程同步执行,strip;str;data.get;ValueError;_strings,3,19,high,ARC-ADVICE,SWR-CORE-001;SWR-DATA-002;SWR-DATA-003;SWR-ADV-001;SWR-ADV-002;SWR-ADV-003;SWR-ADV-004;SWR-LLM-001;SWR-LLM-002;SWR-REP-001;SWR-UI-002;SWR-NFR-001;SWR-NFR-002,tests/unit/test_advice_v2.py,直接动态测试,已按实现建立基线
FUN-F2B5B5B5E2,UNIT-BA683051BA,src/advice/llm.py,66,_allowed_prices,internal,(packet: AdvicePacket),`packet`（AdvicePacket）：由调用方提供的 `packet` 输入对象,返回 `list[float]` 类型结果,构建`allowed_prices`；返回 `list[float]` 类型结果。,按源码执行顺序经过 `values.extend`；包含 1 个条件、循环、异常或模式匹配分支，分支结果汇入返回或状态更新。,调用方提供满足参数类型、取值语义和默认值约定的输入；所属软件单元已经初始化并满足关联需求约束,返回 `list[float]` 类型结果；静态扫描未发现直接外部副作用,未发现显式 raise,未检测到直接副作用,在调用方线程同步执行,values.extend,1,13,high,ARC-ADVICE,SWR-CORE-001;SWR-DATA-002;SWR-DATA-003;SWR-ADV-001;SWR-ADV-002;SWR-ADV-003;SWR-ADV-004;SWR-LLM-001;SWR-LLM-002;SWR-REP-001;SWR-UI-002;SWR-NFR-001;SWR-NFR-002,,静态分析与组件级验证,已按实现建立基线
FUN-0A13C3956F,UNIT-BA683051BA,src/advice/llm.py,81,_assert_no_new_prices,internal,"(payload: dict[str, Any], allowed: list[float])","`payload`（dict[str, Any]）：结构化载荷；`allowed`（list[float]）：由 `allowed` 表示的输入集合",无返回值（None）,执行`assert_no_new_prices`处理；无返回值（None）。,按源码执行顺序经过 `json.dumps` → `raw.replace` → `re.findall` → `any` → `abs` → `ValueError` → `join`；包含 1 个条件、循环、异常或模式匹配分支，分支结果汇入返回或状态更新。,调用方提供满足参数类型、取值语义和默认值约定的输入；所属软件单元已经初始化并满足关联需求约束,无返回值（None）；静态扫描未发现直接外部副作用,ValueError,未检测到直接副作用,在调用方线程同步执行,json.dumps;float;raw.replace;re.findall;any;abs;ValueError;join,1,7,high,ARC-ADVICE,SWR-CORE-001;SWR-DATA-002;SWR-DATA-003;SWR-ADV-001;SWR-ADV-002;SWR-ADV-003;SWR-ADV-004;SWR-LLM-001;SWR-LLM-002;SWR-REP-001;SWR-UI-002;SWR-NFR-001;SWR-NFR-002,tests/unit/test_advice_v2.py,直接动态测试,已按实现建立基线
FUN-592B6DA4FA,UNIT-BA683051BA,src/advice/llm.py,90,enhance_advice,public,(packet: AdvicePacket),`packet`（AdvicePacket）：由调用方提供的 `packet` 输入对象,"返回 `tuple[AdvicePacket, LLMStageTrace | None]` 类型结果","构建`enhance_advice`；返回 `tuple[AdvicePacket, LLMStageTrace | None]` 类型结果。",按源码执行顺序经过 `llm_configured` → `client_for_stage` → `json.dumps` → `packet.to_dict` → `run_llm_stage` → `_parse` → `_assert_no_new_prices` → `_allowed_prices`；包含 4 个条件、循环、异常或模式匹配分支，分支结果汇入返回或状态更新。,调用方提供满足参数类型、取值语义和默认值约定的输入；所属软件单元已经初始化并满足关联需求约束,"返回 `tuple[AdvicePacket, LLMStageTrace | None]` 类型结果；静态扫描未发现直接外部副作用",ValueError,未检测到直接副作用,在调用方线程同步执行,llm_configured;client_for_stage;json.dumps;packet.to_dict;run_llm_stage;_parse;_assert_no_new_prices;_allowed_prices;replace;audit_advice;ValueError;join,4,43,high,ARC-ADVICE,SWR-CORE-001;SWR-DATA-002;SWR-DATA-003;SWR-ADV-001;SWR-ADV-002;SWR-ADV-003;SWR-ADV-004;SWR-LLM-001;SWR-LLM-002;SWR-REP-001;SWR-UI-002;SWR-NFR-001;SWR-NFR-002,,静态分析与组件级验证,已按实现建立基线
FUN-063288E260,UNIT-ACC548ABA0,src/advice/report.py,15,_external_context,internal,(ctx: MarketContext),`ctx`（MarketContext）：运行上下文,"返回 `dict[str, Any]` 类型结果","构建`external_context`；返回 `dict[str, Any]` 类型结果。",按源码执行顺序经过 `row.to_dict`；不包含显式控制分支。,调用方提供满足参数类型、取值语义和默认值约定的输入；所属软件单元已经初始化并满足关联需求约束,"返回 `dict[str, Any]` 类型结果；静态扫描未发现直接外部副作用",未发现显式 raise,未检测到直接副作用,在调用方线程同步执行,row.to_dict;list,0,11,high,ARC-ADVICE,SWR-CORE-001;SWR-DATA-002;SWR-DATA-003;SWR-ADV-001;SWR-ADV-002;SWR-ADV-003;SWR-ADV-004;SWR-LLM-001;SWR-LLM-002;SWR-REP-001;SWR-UI-002;SWR-NFR-001;SWR-NFR-002,,静态分析与组件级验证,已按实现建立基线
FUN-FC0343E620,UNIT-ACC548ABA0,src/advice/report.py,28,build_advice_report,public,"(ctx: MarketContext, advice: AdvicePacket, *, run_id: str, run_config: dict[str, Any])","`ctx`（MarketContext）：运行上下文；`advice`（AdvicePacket）：由调用方提供的 `advice` 输入对象；`run_id`（str）：对象标识；`run_config`（dict[str, Any]）：运行配置","返回 `dict[str, Any]` 类型结果","构建`advice_report`；返回 `dict[str, Any]` 类型结果。",按源码执行顺序经过 `build_data_as_of` → `ctx.derived.get` → `timeframe_context` → `ctx.analyses.get` → `format_utc8` → `isoformat` → `datetime.now` → `advice.to_dict`；不包含显式控制分支。,调用方提供满足参数类型、取值语义和默认值约定的输入；所属软件单元已经初始化并满足关联需求约束,"返回 `dict[str, Any]` 类型结果；静态扫描未发现直接外部副作用",未发现显式 raise,未检测到直接副作用,在调用方线程同步执行,build_data_as_of;ctx.derived.get;timeframe_context;ctx.analyses.get;format_utc8;isoformat;datetime.now;dict;advice.to_dict;support_resistance_context;_external_context,0,34,high,ARC-ADVICE,SWR-CORE-001;SWR-DATA-002;SWR-DATA-003;SWR-ADV-001;SWR-ADV-002;SWR-ADV-003;SWR-ADV-004;SWR-LLM-001;SWR-LLM-002;SWR-REP-001;SWR-UI-002;SWR-NFR-001;SWR-NFR-002,tests/integration/test_offline_report_contract.py;tests/unit/test_advice_v2.py,直接动态测试,已按实现建立基线
FUN-08DF603FF8,UNIT-D41345D767,src/advice/types.py,75,AdvicePacket.to_dict,public,(self),无显式输入参数,"返回 `dict[str, Any]` 类型结果","将当前对象转换为可序列化字典；返回 `dict[str, Any]` 类型结果。",按源码执行顺序经过 `asdict`；不包含显式控制分支。,无需调用方提供显式参数；所属软件单元已经初始化并满足关联需求约束,"返回 `dict[str, Any]` 类型结果；静态扫描未发现直接外部副作用",未发现显式 raise,未检测到直接副作用,在调用方线程同步执行,asdict,0,2,medium,ARC-ADVICE,SWR-CORE-001;SWR-DATA-002;SWR-DATA-003;SWR-ADV-001;SWR-ADV-002;SWR-ADV-003;SWR-ADV-004;SWR-LLM-001;SWR-LLM-002;SWR-REP-001;SWR-UI-002;SWR-NFR-001;SWR-NFR-002,tests/unit/test_run_config.py,直接动态测试,已按实现建立基线
FUN-615E3B9DE5,UNIT-271BADECBE,src/analysis/chart_sr_filters.py,22,_fmt_price,internal,(price: float),`price`（float）：当前或待评估价格,返回 `str` 类型结果,生成价格显示值文本；返回 `str` 类型结果。,按源码执行顺序经过 `round` → `abs`；包含 1 个条件、循环、异常或模式匹配分支，分支结果汇入返回或状态更新。,调用方提供满足参数类型、取值语义和默认值约定的输入；所属软件单元已经初始化并满足关联需求约束,返回 `str` 类型结果；静态扫描未发现直接外部副作用,未发现显式 raise,未检测到直接副作用,在调用方线程同步执行,round;abs;str;int,1,5,low,ARC-ANALYSIS,SWR-DATA-003;SWR-ANA-001,,静态分析与组件级验证,已按实现建立基线
FUN-CBD491E1BC,UNIT-271BADECBE,src/analysis/chart_sr_filters.py,29,_short_chart_title,internal,(lvl: SrLevel),`lvl`（SrLevel）：由调用方提供的 `lvl` 输入对象,返回 `str` 类型结果,生成`short_chart_title`文本；返回 `str` 类型结果。,按源码执行顺序经过 `strip` → `replace`；包含 3 个条件、循环、异常或模式匹配分支，分支结果汇入返回或状态更新。,调用方提供满足参数类型、取值语义和默认值约定的输入；所属软件单元已经初始化并满足关联需求约束,返回 `str` 类型结果；静态扫描未发现直接外部副作用,未发现显式 raise,未检测到直接副作用,在调用方线程同步执行,strip;replace;len,3,16,low,ARC-ANALYSIS,SWR-DATA-003;SWR-ANA-001,,静态分析与组件级验证,已按实现建立基线
FUN-FBC037E567,UNIT-271BADECBE,src/analysis/chart_sr_filters.py,47,_merge_nearby,internal,(levels: list[SrLevel]),`levels`（list[SrLevel]）：候选价格水平集合,返回 `list[SrLevel]` 类型结果,合并`nearby`；返回 `list[SrLevel]` 类型结果。,按源码执行顺序经过 `sorted` → `_KIND_PRIORITY.get` → `enumerate` → `abs` → `kept.append`；包含 6 个条件、循环、异常或模式匹配分支，分支结果汇入返回或状态更新。,调用方提供满足参数类型、取值语义和默认值约定的输入；所属软件单元已经初始化并满足关联需求约束,返回 `list[SrLevel]` 类型结果；静态扫描未发现直接外部副作用,未发现显式 raise,未检测到直接副作用,在调用方线程同步执行,sorted;_KIND_PRIORITY.get;enumerate;abs;kept.append,6,20,low,ARC-ANALYSIS,SWR-DATA-003;SWR-ANA-001,,静态分析与组件级验证,已按实现建立基线
FUN-449394678B,UNIT-271BADECBE,src/analysis/chart_sr_filters.py,69,visible_sr_price_lines,public,"(sr_levels: list[SrLevel] | list[dict[str, Any]], plot_df: pd.DataFrame, *, max_lines: int=_MAX_CHART_LINES, current_price: float | None=None)","`sr_levels`（list[SrLevel] | list[dict[str, Any]]）：候选价格水平集合；`plot_df`（pd.DataFrame）：输入数据表；`max_lines`（int）：由 `max_lines` 表示的数值参数；默认值 `_MAX_CHART_LINES`；`current_price`（float | None）：当前市场价格；默认值 `None`","返回 `list[dict[str, Any]]` 类型结果","构建`visible_sr_price_lines`；返回 `list[dict[str, Any]]` 类型结果。",按源码执行顺序经过 `min` → `max` → `isinstance` → `parsed.append` → `SrLevel` → `row.get` → `pd.Timestamp` → `_merge_nearby`；包含 8 个条件、循环、异常或模式匹配分支，分支结果汇入返回或状态更新。,调用方提供满足参数类型、取值语义和默认值约定的输入；所属软件单元已经初始化并满足关联需求约束,"返回 `list[dict[str, Any]]` 类型结果；静态扫描未发现直接外部副作用",未发现显式 raise,未检测到直接副作用,在调用方线程同步执行,float;min;max;isinstance;parsed.append;SrLevel;row.get;pd.Timestamp;str;_merge_nearby;visible.sort;_KIND_PRIORITY.get;abs;len;picked.extend;sorted;_SR_COLORS.get;lines.append;colors.get;_fmt_price,8,69,medium,ARC-ANALYSIS,SWR-DATA-003;SWR-ANA-001,tests/unit/test_dgt_price_action.py,直接动态测试,已按实现建立基线
FUN-5916A45360,UNIT-070AA8511C,src/analysis/chart_zone_filters.py,18,chart_plot_df,public,"(df: pd.DataFrame, bars: int)",`df`（pd.DataFrame）：输入数据表；`bars`（int）：K 线记录集合,返回 `pd.DataFrame` 类型结果,构建`chart_plot_df`；返回 `pd.DataFrame` 类型结果。,按源码执行顺序经过 `copy` → `df.tail` → `max`；不包含显式控制分支。,调用方提供满足参数类型、取值语义和默认值约定的输入；所属软件单元已经初始化并满足关联需求约束,返回 `pd.DataFrame` 类型结果；静态扫描未发现直接外部副作用,未发现显式 raise,未检测到直接副作用,在调用方线程同步执行,copy;df.tail;max,0,2,medium,ARC-ANALYSIS,SWR-DATA-003;SWR-ANA-001,tests/unit/test_advice_architecture_smoke.py,直接动态测试,已按实现建立基线
FUN-77A17F101C,UNIT-070AA8511C,src/analysis/chart_zone_filters.py,22,chart_price_bounds,public,(plot_df: pd.DataFrame),`plot_df`（pd.DataFrame）：输入数据表,"返回 `tuple[float, float]` 类型结果","构建`chart_price_bounds`；返回 `tuple[float, float]` 类型结果。",按源码执行顺序经过 `min` → `max`；不包含显式控制分支。,调用方提供满足参数类型、取值语义和默认值约定的输入；所属软件单元已经初始化并满足关联需求约束,"返回 `tuple[float, float]` 类型结果；静态扫描未发现直接外部副作用",未发现显式 raise,未检测到直接副作用,在调用方线程同步执行,float;min;max,0,2,medium,ARC-ANALYSIS,SWR-DATA-003;SWR-ANA-001,tests/unit/test_advice_architecture_smoke.py,直接动态测试,已按实现建立基线
FUN-2B036568FA,UNIT-070AA8511C,src/analysis/chart_zone_filters.py,26,zone_overlaps_chart_range,public,"(low: float, high: float, plot_df: pd.DataFrame)",`low`（float）：最低价序列或下界；`high`（float）：最高价序列或上界；`plot_df`（pd.DataFrame）：输入数据表,返回 `bool` 类型结果,判断`zone_overlaps_chart_range`条件是否成立；返回 `bool` 类型结果。,按源码执行顺序经过 `chart_price_bounds`；包含 1 个条件、循环、异常或模式匹配分支，分支结果汇入返回或状态更新。,调用方提供满足参数类型、取值语义和默认值约定的输入；所属软件单元已经初始化并满足关联需求约束,返回 `bool` 类型结果；静态扫描未发现直接外部副作用,未发现显式 raise,未检测到直接副作用,在调用方线程同步执行,chart_price_bounds,1,5,medium,ARC-ANALYSIS,SWR-DATA-003;SWR-ANA-001,,静态分析与组件级验证,已按实现建立基线
FUN-FECA409EF6,UNIT-070AA8511C,src/analysis/chart_zone_filters.py,33,_align_ts,internal,"(ts: pd.Timestamp, ref_index: pd.DatetimeIndex)",`ts`（pd.Timestamp）：由调用方提供的 `ts` 输入对象；`ref_index`（pd.DatetimeIndex）：由调用方提供的 `ref_index` 输入对象,返回 `pd.Timestamp` 类型结果,生成`align_ts`结果；返回 `pd.Timestamp` 类型结果。,按源码执行顺序经过 `pd.Timestamp` → `t.tz_localize` → `t.tz_convert`；包含 3 个条件、循环、异常或模式匹配分支，分支结果汇入返回或状态更新。,调用方提供满足参数类型、取值语义和默认值约定的输入；所属软件单元已经初始化并满足关联需求约束,返回 `pd.Timestamp` 类型结果；静态扫描未发现直接外部副作用,未发现显式 raise,未检测到直接副作用,在调用方线程同步执行,pd.Timestamp;t.tz_localize;t.tz_convert,3,9,low,ARC-ANALYSIS,SWR-DATA-003;SWR-ANA-001,,静态分析与组件级验证,已按实现建立基线
FUN-F8E5F51975,UNIT-070AA8511C,src/analysis/chart_zone_filters.py,44,visible_order_blocks,public,"(analysis: TimeframeAnalysis, plot_df: pd.DataFrame, *, max_zones: int=MAX_OB_ZONES)",`analysis`（TimeframeAnalysis）：当前分析结果；`plot_df`（pd.DataFrame）：输入数据表；`max_zones`（int）：价格区域集合；默认值 `MAX_OB_ZONES`,返回 `list[OrderBlock]` 类型结果,构建`visible_order_blocks`；返回 `list[OrderBlock]` 类型结果。,按源码执行顺序经过 `plot_df.index.max` → `_align_ts` → `zone_overlaps_chart_range` → `visible.sort`；不包含显式控制分支。,调用方提供满足参数类型、取值语义和默认值约定的输入；所属软件单元已经初始化并满足关联需求约束,返回 `list[OrderBlock]` 类型结果；静态扫描未发现直接外部副作用,未发现显式 raise,未检测到直接副作用,在调用方线程同步执行,plot_df.index.max;_align_ts;zone_overlaps_chart_range;float;visible.sort,0,15,high,ARC-ANALYSIS,SWR-DATA-003;SWR-ANA-001,,静态分析与组件级验证,已按实现建立基线
FUN-52B596D6F3,UNIT-070AA8511C,src/analysis/chart_zone_filters.py,61,visible_active_fvgs,public,"(analysis: TimeframeAnalysis, plot_df: pd.DataFrame, *, max_zones: int=MAX_FVG_ZONES)",`analysis`（TimeframeAnalysis）：当前分析结果；`plot_df`（pd.DataFrame）：输入数据表；`max_zones`（int）：价格区域集合；默认值 `MAX_FVG_ZONES`,返回 `list[FairValueGap]` 类型结果,构建`visible_active_fvgs`；返回 `list[FairValueGap]` 类型结果。,按源码执行顺序经过 `plot_df.index.max` → `_align_ts` → `zone_overlaps_chart_range` → `visible.sort`；不包含显式控制分支。,调用方提供满足参数类型、取值语义和默认值约定的输入；所属软件单元已经初始化并满足关联需求约束,返回 `list[FairValueGap]` 类型结果；静态扫描未发现直接外部副作用,未发现显式 raise,未检测到直接副作用,在调用方线程同步执行,plot_df.index.max;_align_ts;zone_overlaps_chart_range;float;visible.sort,0,15,medium,ARC-ANALYSIS,SWR-DATA-003;SWR-ANA-001,,静态分析与组件级验证,已按实现建立基线
FUN-75356974BC,UNIT-070AA8511C,src/analysis/chart_zone_filters.py,78,visible_zone_snapshots,public,"(analysis: TimeframeAnalysis, plot_df: pd.DataFrame, *, ob_limit: int=MAX_OB_ZONES, fvg_limit: int=MAX_FVG_ZONES)",`analysis`（TimeframeAnalysis）：当前分析结果；`plot_df`（pd.DataFrame）：输入数据表；`ob_limit`（int）：返回或处理数量上限；默认值 `MAX_OB_ZONES`；`fvg_limit`（int）：返回或处理数量上限；默认值 `MAX_FVG_ZONES`,"返回 `tuple[list[dict[str, object]], list[dict[str, object]]]` 类型结果","构建`visible_zone_snapshots`；返回 `tuple[list[dict[str, object]], list[dict[str, object]]]` 类型结果。",按源码执行顺序经过 `visible_order_blocks` → `visible_active_fvgs`；不包含显式控制分支。,调用方提供满足参数类型、取值语义和默认值约定的输入；所属软件单元已经初始化并满足关联需求约束,"返回 `tuple[list[dict[str, object]], list[dict[str, object]]]` 类型结果；静态扫描未发现直接外部副作用",未发现显式 raise,未检测到直接副作用,在调用方线程同步执行,visible_order_blocks;visible_active_fvgs,0,17,medium,ARC-ANALYSIS,SWR-DATA-003;SWR-ANA-001,,静态分析与组件级验证,已按实现建立基线
FUN-19453DD010,UNIT-070AA8511C,src/analysis/chart_zone_filters.py,97,visible_zones_for_chart,public,"(analysis: TimeframeAnalysis, df: pd.DataFrame, *, bars: int, ob_limit: int=MAX_OB_ZONES, fvg_limit: int=MAX_FVG_ZONES)",`analysis`（TimeframeAnalysis）：当前分析结果；`df`（pd.DataFrame）：输入数据表；`bars`（int）：K 线记录集合；`ob_limit`（int）：返回或处理数量上限；默认值 `MAX_OB_ZONES`；`fvg_limit`（int）：返回或处理数量上限；默认值 `MAX_FVG_ZONES`,"返回 `tuple[list[dict[str, object]], list[dict[str, object]]]` 类型结果","构建`visible_zones_for_chart`；返回 `tuple[list[dict[str, object]], list[dict[str, object]]]` 类型结果。",按源码执行顺序经过 `chart_plot_df` → `visible_zone_snapshots`；不包含显式控制分支。,调用方提供满足参数类型、取值语义和默认值约定的输入；所属软件单元已经初始化并满足关联需求约束,"返回 `tuple[list[dict[str, object]], list[dict[str, object]]]` 类型结果；静态扫描未发现直接外部副作用",未发现显式 raise,未检测到直接副作用,在调用方线程同步执行,chart_plot_df;visible_zone_snapshots,0,10,medium,ARC-ANALYSIS,SWR-DATA-003;SWR-ANA-001,,静态分析与组件级验证,已按实现建立基线
FUN-2B7EB34519,UNIT-3549E9D9B7,src/analysis/data_freshness.py,18,_bar_timestamp,internal,(df: pd.DataFrame | None),`df`（pd.DataFrame | None）：输入数据表,返回 `datetime | None` 类型结果,生成`bar_timestamp`结果；返回 `datetime | None` 类型结果。,按源码执行顺序经过 `isinstance` → `ts.tz_localize` → `ts.to_pydatetime`；包含 3 个条件、循环、异常或模式匹配分支，分支结果汇入返回或状态更新。,调用方提供满足参数类型、取值语义和默认值约定的输入；所属软件单元已经初始化并满足关联需求约束,返回 `datetime | None` 类型结果；静态扫描未发现直接外部副作用,未发现显式 raise,未检测到直接副作用,在调用方线程同步执行,isinstance;ts.tz_localize;ts.to_pydatetime,3,9,low,ARC-ANALYSIS,SWR-DATA-003;SWR-ANA-001,,静态分析与组件级验证,已按实现建立基线
FUN-4734AF977B,UNIT-3549E9D9B7,src/analysis/data_freshness.py,29,build_data_as_of,public,"(raw: dict[str, pd.DataFrame], *, now: datetime | None=None)","`raw`（dict[str, pd.DataFrame]）：尚未标准化的原始输入；`now`（datetime | None）：由调用方提供的 `now` 输入对象；默认值 `None`","返回 `dict[str, Any]` 类型结果","构建`data_as_of`；返回 `dict[str, Any]` 类型结果。",按源码执行顺序经过 `datetime.now` → `raw.get` → `_bar_timestamp` → `last_bar.replace` → `total_seconds` → `now.weekday` → `warnings.append` → `last_bar.strftime`；包含 9 个条件、循环、异常或模式匹配分支，分支结果汇入返回或状态更新。,调用方提供满足参数类型、取值语义和默认值约定的输入；所属软件单元已经初始化并满足关联需求约束,"返回 `dict[str, Any]` 类型结果；静态扫描未发现直接外部副作用",未发现显式 raise,未检测到直接副作用,在调用方线程同步执行,datetime.now;raw.get;_bar_timestamp;last_bar.replace;total_seconds;now.weekday;warnings.append;last_bar.strftime;now.strftime;round;log.info;len,9,50,medium,ARC-ANALYSIS,SWR-DATA-003;SWR-ANA-001,tests/unit/test_data_freshness.py,直接动态测试,已按实现建立基线
FUN-A1EB4C5F6A,UNIT-7DFC57FAF9,src/analysis/dgt_price_action.py,63,_nz_volume,internal,(series: pd.Series),`series`（pd.Series）：由调用方提供的 `series` 输入对象,返回 `pd.Series` 类型结果,生成`nz_volume`结果；返回 `pd.Series` 类型结果。,按源码执行顺序经过 `astype` → `series.fillna`；不包含显式控制分支。,调用方提供满足参数类型、取值语义和默认值约定的输入；所属软件单元已经初始化并满足关联需求约束,返回 `pd.Series` 类型结果；静态扫描未发现直接外部副作用,未发现显式 raise,未检测到直接副作用,在调用方线程同步执行,astype;series.fillna,0,2,low,ARC-ANALYSIS,SWR-DATA-003;SWR-ANA-001,,静态分析与组件级验证,已按实现建立基线
FUN-8C5D73D5C1,UNIT-7DFC57FAF9,src/analysis/dgt_price_action.py,67,_volume_usable,internal,"(vol: pd.Series, *, min_ratio: float=0.05)",`vol`（pd.Series）：由调用方提供的 `vol` 输入对象；`min_ratio`（float）：由 `min_ratio` 表示的数值参数；默认值 `0.05`,返回 `bool` 类型结果,判断`volume_usable`条件是否成立；返回 `bool` 类型结果。,按源码执行顺序经过 `sum`；包含 1 个条件、循环、异常或模式匹配分支，分支结果汇入返回或状态更新。,调用方提供满足参数类型、取值语义和默认值约定的输入；所属软件单元已经初始化并满足关联需求约束,返回 `bool` 类型结果；静态扫描未发现直接外部副作用,未发现显式 raise,未检测到直接副作用,在调用方线程同步执行,float;sum;len,1,4,low,ARC-ANALYSIS,SWR-DATA-003;SWR-ANA-001,,静态分析与组件级验证,已按实现建立基线
FUN-62894B9526,UNIT-7DFC57FAF9,src/analysis/dgt_price_action.py,73,_atr,internal,"(high: pd.Series, low: pd.Series, close: pd.Series, length: int)",`high`（pd.Series）：最高价序列或上界；`low`（pd.Series）：最低价序列或下界；`close`（pd.Series）：由调用方提供的 `close` 输入对象；`length`（int）：由 `length` 表示的数值参数,返回 `pd.Series` 类型结果,生成`atr`结果；返回 `pd.Series` 类型结果。,按源码执行顺序经过 `close.shift` → `max` → `pd.concat` → `abs` → `mean` → `tr.rolling`；不包含显式控制分支。,调用方提供满足参数类型、取值语义和默认值约定的输入；所属软件单元已经初始化并满足关联需求约束,返回 `pd.Series` 类型结果；静态扫描未发现直接外部副作用,未发现显式 raise,未检测到直接副作用,在调用方线程同步执行,close.shift;max;pd.concat;abs;mean;tr.rolling,0,7,low,ARC-ANALYSIS,SWR-DATA-003;SWR-ANA-001,,静态分析与组件级验证,已按实现建立基线
FUN-90D19BF962,UNIT-7DFC57FAF9,src/analysis/dgt_price_action.py,82,_consecutive_sr,internal,"(window: pd.DataFrame, vol_ma: pd.Series, *, use_volume: bool)",`window`（pd.DataFrame）：由调用方提供的 `window` 输入对象；`vol_ma`（pd.Series）：由调用方提供的 `vol_ma` 输入对象；`use_volume`（bool）：控制对应行为是否启用的布尔值,返回 `list[SrLevel]` 类型结果,构建`consecutive_sr`；返回 `list[SrLevel]` 类型结果。,按源码执行顺序经过 `astype` → `_nz_volume` → `v.shift` → `c.shift` → `range` → `levels.append` → `SrLevel` → `round`；包含 5 个条件、循环、异常或模式匹配分支，分支结果汇入返回或状态更新。,调用方提供满足参数类型、取值语义和默认值约定的输入；所属软件单元已经初始化并满足关联需求约束,返回 `list[SrLevel]` 类型结果；静态扫描未发现直接外部副作用,未发现显式 raise,未检测到直接副作用,在调用方线程同步执行,len;astype;_nz_volume;v.shift;c.shift;range;bool;float;levels.append;SrLevel;round;slice_l.min;slice_h.max,5,68,medium,ARC-ANALYSIS,SWR-DATA-003;SWR-ANA-001,,静态分析与组件级验证,已按实现建立基线
FUN-FBF2E7C9DE,UNIT-7DFC57FAF9,src/analysis/dgt_price_action.py,152,_spike_and_volatility_levels,internal,"(window: pd.DataFrame, vol_ma: pd.Series)",`window`（pd.DataFrame）：由调用方提供的 `window` 输入对象；`vol_ma`（pd.Series）：由调用方提供的 `vol_ma` 输入对象,"返回 `tuple[list[SrLevel], int, int]` 类型结果","构建`spike_and_volatility_levels`；返回 `tuple[list[SrLevel], int, int]` 类型结果。",按源码执行顺序经过 `astype` → `_nz_volume` → `_atr` → `range` → `levels.append` → `SrLevel` → `round`；包含 9 个条件、循环、异常或模式匹配分支，分支结果汇入返回或状态更新。,调用方提供满足参数类型、取值语义和默认值约定的输入；所属软件单元已经初始化并满足关联需求约束,"返回 `tuple[list[SrLevel], int, int]` 类型结果；静态扫描未发现直接外部副作用",未发现显式 raise,未检测到直接副作用,在调用方线程同步执行,astype;_nz_volume;_atr;range;len;float;bool;levels.append;SrLevel;round,9,56,medium,ARC-ANALYSIS,SWR-DATA-003;SWR-ANA-001,,静态分析与组件级验证,已按实现建立基线
FUN-16616BF5E6,UNIT-7DFC57FAF9,src/analysis/dgt_price_action.py,210,_volume_portion,internal,"(bar_low: float, bar_high: float, row_low: float, row_high: float)",`bar_low`（float）：最低价序列或下界；`bar_high`（float）：最高价序列或上界；`row_low`（float）：最低价序列或下界；`row_high`（float）：最高价序列或上界,返回 `float` 类型结果,计算`volume_portion`；返回 `float` 类型结果。,按源码执行顺序经过 `max`；包含 3 个条件、循环、异常或模式匹配分支，分支结果汇入返回或状态更新。,调用方提供满足参数类型、取值语义和默认值约定的输入；所属软件单元已经初始化并满足关联需求约束,返回 `float` 类型结果；静态扫描未发现直接外部副作用,未发现显式 raise,未检测到直接副作用,在调用方线程同步执行,max,3,14,low,ARC-ANALYSIS,SWR-DATA-003;SWR-ANA-001,,静态分析与组件级验证,已按实现建立基线
FUN-998848A755,UNIT-7DFC57FAF9,src/analysis/dgt_price_action.py,226,build_volume_profile,public,"(bars: pd.DataFrame, *, num_rows: int=PROFILE_ROWS, value_area_pct: float=VALUE_AREA_PCT, sd_thresh: float=SUPPLY_DEMAND_THRESH)",`bars`（pd.DataFrame）：K 线记录集合；`num_rows`（int）：记录行集合；默认值 `PROFILE_ROWS`；`value_area_pct`（float）：百分比数值；默认值 `VALUE_AREA_PCT`；`sd_thresh`（float）：由 `sd_thresh` 表示的数值参数；默认值 `SUPPLY_DEMAND_THRESH`,返回 `VolumeProfileResult` 类型结果,构建`volume_profile`；返回 `VolumeProfileResult` 类型结果。,按源码执行顺序经过 `VolumeProfileResult` → `_nz_volume` → `_volume_usable` → `v.sum` → `min` → `max` → `np.isfinite` → `np.zeros`；包含 20 个条件、循环、异常或模式匹配分支，分支结果汇入返回或状态更新。,调用方提供满足参数类型、取值语义和默认值约定的输入；所属软件单元已经初始化并满足关联需求约束,返回 `VolumeProfileResult` 类型结果；静态扫描未发现直接外部副作用,未发现显式 raise,未检测到直接副作用,在调用方线程同步执行,VolumeProfileResult;_nz_volume;_volume_usable;float;v.sum;min;max;np.isfinite;np.zeros;bars.iterrows;int;range;_volume_portion;totals.max;totals.argmax;round;totals.sum;sd_zones.append,20,92,medium,ARC-ANALYSIS,SWR-DATA-003;SWR-ANA-001,tests/unit/test_dgt_price_action.py,直接动态测试,已按实现建立基线
FUN-692ECE3BAF,UNIT-7DFC57FAF9,src/analysis/dgt_price_action.py,320,_dedupe_sr_levels,internal,"(levels: list[SrLevel], *, tolerance: float=0.35)",`levels`（list[SrLevel]）：候选价格水平集合；`tolerance`（float）：数值比较容差；默认值 `0.35`,返回 `list[SrLevel]` 类型结果,去重`sr_levels`；返回 `list[SrLevel]` 类型结果。,按源码执行顺序经过 `sorted` → `enumerate` → `abs` → `kept.append`；包含 5 个条件、循环、异常或模式匹配分支，分支结果汇入返回或状态更新。,调用方提供满足参数类型、取值语义和默认值约定的输入；所属软件单元已经初始化并满足关联需求约束,返回 `list[SrLevel]` 类型结果；静态扫描未发现直接外部副作用,未发现显式 raise,未检测到直接副作用,在调用方线程同步执行,sorted;enumerate;abs;kept.append,5,20,low,ARC-ANALYSIS,SWR-DATA-003;SWR-ANA-001,,静态分析与组件级验证,已按实现建立基线
FUN-B29E79E520,UNIT-7DFC57FAF9,src/analysis/dgt_price_action.py,342,analyze_dgt_price_action,public,"(df: pd.DataFrame, timeframe: str, *, lookback: int=DEFAULT_LOOKBACK, profile_bars: pd.DataFrame | None=None)",`df`（pd.DataFrame）：输入数据表；`timeframe`（str）：行情时间框架；`lookback`（int）：由 `lookback` 表示的数值参数；默认值 `DEFAULT_LOOKBACK`；`profile_bars`（pd.DataFrame | None）：K 线记录集合；默认值 `None`,返回 `DgtPriceActionResult` 类型结果,生成`analyze_dgt_price_action`结果；返回 `DgtPriceActionResult` 类型结果。,按源码执行顺序经过 `DgtPriceActionResult` → `copy` → `df.tail` → `_nz_volume` → `_volume_usable` → `mean` → `vol.rolling` → `sr.extend`；包含 2 个条件、循环、异常或模式匹配分支，分支结果汇入返回或状态更新。,调用方提供满足参数类型、取值语义和默认值约定的输入；所属软件单元已经初始化并满足关联需求约束,返回 `DgtPriceActionResult` 类型结果；静态扫描未发现直接外部副作用,未发现显式 raise,未检测到直接副作用,在调用方线程同步执行,DgtPriceActionResult;copy;df.tail;_nz_volume;_volume_usable;mean;vol.rolling;sr.extend;_consecutive_sr;_spike_and_volatility_levels;_dedupe_sr_levels;build_volume_profile;len,2,42,medium,ARC-ANALYSIS,SWR-DATA-003;SWR-ANA-001,tests/unit/test_dgt_price_action.py,直接动态测试,已按实现建立基线
FUN-39CF1265FC,UNIT-7DFC57FAF9,src/analysis/dgt_price_action.py,386,dgt_result_to_dict,public,"(result: DgtPriceActionResult, *, lookback_requested: int | None=None, lookback_mode: str | None=None)",`result`（DgtPriceActionResult）：处理结果；`lookback_requested`（int | None）：由调用方提供的 `lookback_requested` 输入对象；默认值 `None`；`lookback_mode`（str | None）：运行或分析模式；默认值 `None`,"返回 `dict[str, Any]` 类型结果","构建`dgt_result_to_dict`；返回 `dict[str, Any]` 类型结果。",按源码执行顺序经过 `lvl.time.isoformat`；包含 2 个条件、循环、异常或模式匹配分支，分支结果汇入返回或状态更新。,调用方提供满足参数类型、取值语义和默认值约定的输入；所属软件单元已经初始化并满足关联需求约束,"返回 `dict[str, Any]` 类型结果；静态扫描未发现直接外部副作用",未发现显式 raise,未检测到直接副作用,在调用方线程同步执行,lvl.time.isoformat,2,37,medium,ARC-ANALYSIS,SWR-DATA-003;SWR-ANA-001,,静态分析与组件级验证,已按实现建立基线
FUN-F014F8A0DD,UNIT-3B1598DC1B,src/analysis/display_labels.py,11,infer_trade_theme,public,"(*, theme: str='', direction: str='', direction_cn: str='')",`theme`（str）：由 `theme` 表示的文本或标识；默认值 `''`；`direction`（str）：交易方向；默认值 `''`；`direction_cn`（str）：由 `direction_cn` 表示的文本或标识；默认值 `''`,返回 `str` 类型结果,生成`infer_trade_theme`文本；返回 `str` 类型结果。,按源码执行顺序经过 `lower` → `any`；包含 1 个条件、循环、异常或模式匹配分支，分支结果汇入返回或状态更新。,调用方提供满足参数类型、取值语义和默认值约定的输入；所属软件单元已经初始化并满足关联需求约束,返回 `str` 类型结果；静态扫描未发现直接外部副作用,未发现显式 raise,未检测到直接副作用,在调用方线程同步执行,lower;any,1,3,high,ARC-ANALYSIS,SWR-DATA-003;SWR-ANA-001,tests/unit/test_advice_architecture_smoke.py,直接动态测试,已按实现建立基线
FUN-F519F9A949,UNIT-3B1598DC1B,src/analysis/display_labels.py,24,liquidity_label,public,(zone: LiquidityZone),`zone`（LiquidityZone）：由调用方提供的 `zone` 输入对象,返回 `str` 类型结果,生成`liquidity_label`文本；返回 `str` 类型结果。,直接通过表达式、字段访问或常量完成处理；包含 2 个条件、循环、异常或模式匹配分支，分支结果汇入返回或状态更新。,调用方提供满足参数类型、取值语义和默认值约定的输入；所属软件单元已经初始化并满足关联需求约束,返回 `str` 类型结果；静态扫描未发现直接外部副作用,未发现显式 raise,未检测到直接副作用,在调用方线程同步执行,none,2,6,medium,ARC-ANALYSIS,SWR-DATA-003;SWR-ANA-001,,静态分析与组件级验证,已按实现建立基线
FUN-9D252E677D,UNIT-3962AAAC44,src/analysis/ict_pa.py,80,_premium_discount,internal,"(swing_high: float | None, swing_low: float | None, price: float)",`swing_high`（float | None）：摆动高点价格；`swing_low`（float | None）：摆动低点价格；`price`（float）：当前或待评估价格,"返回 `tuple[str, float | None]` 类型结果","构建`premium_discount`；返回 `tuple[str, float | None]` 类型结果。",直接通过表达式、字段访问或常量完成处理；包含 3 个条件、循环、异常或模式匹配分支，分支结果汇入返回或状态更新。,调用方提供满足参数类型、取值语义和默认值约定的输入；所属软件单元已经初始化并满足关联需求约束,"返回 `tuple[str, float | None]` 类型结果；静态扫描未发现直接外部副作用",未发现显式 raise,未检测到直接副作用,在调用方线程同步执行,none,3,11,low,ARC-ANALYSIS,SWR-DATA-003;SWR-ANA-001,,静态分析与组件级验证,已按实现建立基线
FUN-655F9EC66C,UNIT-3962AAAC44,src/analysis/ict_pa.py,93,_volume_signal,internal,(df: pd.DataFrame),`df`（pd.DataFrame）：输入数据表,返回 `str` 类型结果,生成`volume_signal`文本；返回 `str` 类型结果。,按源码执行顺序经过 `astype` → `mean`；包含 4 个条件、循环、异常或模式匹配分支，分支结果汇入返回或状态更新。,调用方提供满足参数类型、取值语义和默认值约定的输入；所属软件单元已经初始化并满足关联需求约束,返回 `str` 类型结果；静态扫描未发现直接外部副作用,未发现显式 raise,未检测到直接副作用,在调用方线程同步执行,len;astype;float;mean,4,14,low,ARC-ANALYSIS,SWR-DATA-003;SWR-ANA-001,,静态分析与组件级验证,已按实现建立基线
FUN-51492CA837,UNIT-3962AAAC44,src/analysis/ict_pa.py,109,_last_numeric,internal,"(df: pd.DataFrame, column: str)",`df`（pd.DataFrame）：输入数据表；`column`（str）：由 `column` 表示的文本或标识,返回 `float | None` 类型结果,计算`last_numeric`；返回 `float | None` 类型结果。,按源码执行顺序经过 `pd.isna`；包含 2 个条件、循环、异常或模式匹配分支，分支结果汇入返回或状态更新。,调用方提供满足参数类型、取值语义和默认值约定的输入；所属软件单元已经初始化并满足关联需求约束,返回 `float | None` 类型结果；静态扫描未发现直接外部副作用,未发现显式 raise,未检测到直接副作用,在调用方线程同步执行,pd.isna;float,2,7,low,ARC-ANALYSIS,SWR-DATA-003;SWR-ANA-001,,静态分析与组件级验证,已按实现建立基线
FUN-B620F510C7,UNIT-3962AAAC44,src/analysis/ict_pa.py,118,_swing_liquidity,internal,"(swing_high: float | None, swing_low: float | None)",`swing_high`（float | None）：摆动高点价格；`swing_low`（float | None）：摆动低点价格,返回 `list[LiquidityZone]` 类型结果,构建`swing_liquidity`；返回 `list[LiquidityZone]` 类型结果。,按源码执行顺序经过 `zones.append` → `LiquidityZone`；包含 2 个条件、循环、异常或模式匹配分支，分支结果汇入返回或状态更新。,调用方提供满足参数类型、取值语义和默认值约定的输入；所属软件单元已经初始化并满足关联需求约束,返回 `list[LiquidityZone]` 类型结果；静态扫描未发现直接外部副作用,未发现显式 raise,未检测到直接副作用,在调用方线程同步执行,zones.append;LiquidityZone;float,2,25,low,ARC-ANALYSIS,SWR-DATA-003;SWR-ANA-001,,静态分析与组件级验证,已按实现建立基线
FUN-DD99D46E1A,UNIT-3962AAAC44,src/analysis/ict_pa.py,145,_latest_structure_labels,internal,"(events: list[StructureEvent], *, scope: Literal['internal', 'swing'] | None=None)","`events`（list[StructureEvent]）：事件集合；`scope`（Literal['internal', 'swing'] | None）：由调用方提供的 `scope` 输入对象；默认值 `None`","返回 `tuple[str, str]` 类型结果","构建`latest_structure_labels`；返回 `tuple[str, str]` 类型结果。",按源码执行顺序经过 `reversed`；包含 3 个条件、循环、异常或模式匹配分支，分支结果汇入返回或状态更新。,调用方提供满足参数类型、取值语义和默认值约定的输入；所属软件单元已经初始化并满足关联需求约束,"返回 `tuple[str, str]` 类型结果；静态扫描未发现直接外部副作用",未发现显式 raise,未检测到直接副作用,在调用方线程同步执行,reversed,3,14,low,ARC-ANALYSIS,SWR-DATA-003;SWR-ANA-001,,静态分析与组件级验证,已按实现建立基线
FUN-CAEBE97B43,UNIT-3962AAAC44,src/analysis/ict_pa.py,161,analyze_timeframe,public,"(df: pd.DataFrame, timeframe: str)",`df`（pd.DataFrame）：输入数据表；`timeframe`（str）：行情时间框架,返回 `TimeframeAnalysis` 类型结果,生成`analyze_timeframe`结果；返回 `TimeframeAnalysis` 类型结果。,按源码执行顺序经过 `analyze_luxalgo` → `_latest_structure_labels` → `_last_numeric` → `max` → `min` → `_premium_discount` → `_swing_liquidity` → `TimeframeAnalysis`；包含 4 个条件、循环、异常或模式匹配分支，分支结果汇入返回或状态更新。,调用方提供满足参数类型、取值语义和默认值约定的输入；所属软件单元已经初始化并满足关联需求约束,返回 `TimeframeAnalysis` 类型结果；静态扫描未发现直接外部副作用,未发现显式 raise,未检测到直接副作用,在调用方线程同步执行,analyze_luxalgo;_latest_structure_labels;float;len;_last_numeric;max;min;_premium_discount;_swing_liquidity;TimeframeAnalysis;_volume_signal,4,43,medium,ARC-ANALYSIS,SWR-DATA-003;SWR-ANA-001,tests/unit/test_archive_optimizations.py;tests/unit/test_archive_transfer.py;tests/unit/test_luxalgo_smc.py;tests/unit/test_run_archive.py,直接动态测试,已按实现建立基线
FUN-2279759B7F,UNIT-3962AAAC44,src/analysis/ict_pa.py,206,sentiment_score,public,"(analyses: dict[str, TimeframeAnalysis])","`analyses`（dict[str, TimeframeAnalysis]）：各时间框架分析结果","返回 `dict[str, float]` 类型结果","评分`sentiment`；返回 `dict[str, float]` 类型结果。",按源码执行顺序经过 `weights.items` → `round`；包含 4 个条件、循环、异常或模式匹配分支，分支结果汇入返回或状态更新。,调用方提供满足参数类型、取值语义和默认值约定的输入；所属软件单元已经初始化并满足关联需求约束,"返回 `dict[str, float]` 类型结果；静态扫描未发现直接外部副作用",未发现显式 raise,未检测到直接副作用,在调用方线程同步执行,weights.items;round,4,22,medium,ARC-ANALYSIS,SWR-DATA-003;SWR-ANA-001,,静态分析与组件级验证,已按实现建立基线
FUN-80471DD12F,UNIT-2F7FEDBA6F,src/analysis/luxalgo_smc.py,71,_true_range,internal,"(high: np.ndarray, low: np.ndarray, close: np.ndarray)",`high`（np.ndarray）：最高价序列或上界；`low`（np.ndarray）：最低价序列或下界；`close`（np.ndarray）：由调用方提供的 `close` 输入对象,返回 `np.ndarray` 类型结果,生成`true_range`结果；返回 `np.ndarray` 类型结果。,按源码执行顺序经过 `np.empty` → `range` → `max` → `abs`；包含 1 个条件、循环、异常或模式匹配分支，分支结果汇入返回或状态更新。,调用方提供满足参数类型、取值语义和默认值约定的输入；所属软件单元已经初始化并满足关联需求约束,返回 `np.ndarray` 类型结果；静态扫描未发现直接外部副作用,未发现显式 raise,未检测到直接副作用,在调用方线程同步执行,len;np.empty;range;max;abs,1,7,low,ARC-ANALYSIS,SWR-DATA-003;SWR-ANA-001,,静态分析与组件级验证,已按实现建立基线
FUN-F820754950,UNIT-2F7FEDBA6F,src/analysis/luxalgo_smc.py,80,_atr_series,internal,"(high: np.ndarray, low: np.ndarray, close: np.ndarray, period: int)",`high`（np.ndarray）：最高价序列或上界；`low`（np.ndarray）：最低价序列或下界；`close`（np.ndarray）：由调用方提供的 `close` 输入对象；`period`（int）：计算周期长度,返回 `np.ndarray` 类型结果,生成`atr_series`结果；返回 `np.ndarray` 类型结果。,按源码执行顺序经过 `_true_range` → `np.full` → `range` → `np.mean`；包含 2 个条件、循环、异常或模式匹配分支，分支结果汇入返回或状态更新。,调用方提供满足参数类型、取值语义和默认值约定的输入；所属软件单元已经初始化并满足关联需求约束,返回 `np.ndarray` 类型结果；静态扫描未发现直接外部副作用,未发现显式 raise,未检测到直接副作用,在调用方线程同步执行,_true_range;np.full;len;range;float;np.mean,2,8,low,ARC-ANALYSIS,SWR-DATA-003;SWR-ANA-001,,静态分析与组件级验证,已按实现建立基线
FUN-FC6A52D232,UNIT-2F7FEDBA6F,src/analysis/luxalgo_smc.py,90,_leg_at_bar,internal,"(highs: np.ndarray, lows: np.ndarray, i: int, size: int, prev_leg: int)",`highs`（np.ndarray）：由调用方提供的 `highs` 输入对象；`lows`（np.ndarray）：由调用方提供的 `lows` 输入对象；`i`（int）：由 `i` 表示的数值参数；`size`（int）：由 `size` 表示的数值参数；`prev_leg`（int）：由 `prev_leg` 表示的数值参数,返回 `int` 类型结果,计算`leg_at_bar`；返回 `int` 类型结果。,按源码执行顺序经过 `np.max` → `np.min`；包含 3 个条件、循环、异常或模式匹配分支，分支结果汇入返回或状态更新。,调用方提供满足参数类型、取值语义和默认值约定的输入；所属软件单元已经初始化并满足关联需求约束,返回 `int` 类型结果；静态扫描未发现直接外部副作用,未发现显式 raise,未检测到直接副作用,在调用方线程同步执行,float;np.max;np.min,3,11,low,ARC-ANALYSIS,SWR-DATA-003;SWR-ANA-001,,静态分析与组件级验证,已按实现建立基线
FUN-0A1736195C,UNIT-2F7FEDBA6F,src/analysis/luxalgo_smc.py,103,_parsed_bar,internal,"(high: float, low: float, vol: float)",`high`（float）：最高价序列或上界；`low`（float）：最低价序列或下界；`vol`（float）：由 `vol` 表示的数值参数,"返回 `tuple[float, float]` 类型结果","构建`parsed_bar`；返回 `tuple[float, float]` 类型结果。",直接通过表达式、字段访问或常量完成处理；包含 1 个条件、循环、异常或模式匹配分支，分支结果汇入返回或状态更新。,调用方提供满足参数类型、取值语义和默认值约定的输入；所属软件单元已经初始化并满足关联需求约束,"返回 `tuple[float, float]` 类型结果；静态扫描未发现直接外部副作用",未发现显式 raise,未检测到直接副作用,在调用方线程同步执行,none,1,4,low,ARC-ANALYSIS,SWR-DATA-003;SWR-ANA-001,,静态分析与组件级验证,已按实现建立基线
FUN-8B8BD0C1C0,UNIT-2F7FEDBA6F,src/analysis/luxalgo_smc.py,109,_fvg_threshold,internal,"(cum_abs_delta: float, bar_index: int)",`cum_abs_delta`（float）：由 `cum_abs_delta` 表示的数值参数；`bar_index`（int）：由 `bar_index` 表示的数值参数,返回 `float` 类型结果,计算`fvg_threshold`；返回 `float` 类型结果。,直接通过表达式、字段访问或常量完成处理；包含 1 个条件、循环、异常或模式匹配分支，分支结果汇入返回或状态更新。,调用方提供满足参数类型、取值语义和默认值约定的输入；所属软件单元已经初始化并满足关联需求约束,返回 `float` 类型结果；静态扫描未发现直接外部副作用,未发现显式 raise,未检测到直接副作用,在调用方线程同步执行,none,1,4,low,ARC-ANALYSIS,SWR-DATA-003;SWR-ANA-001,,静态分析与组件级验证,已按实现建立基线
FUN-2052AF2DDE,UNIT-2F7FEDBA6F,src/analysis/luxalgo_smc.py,115,_store_order_block,internal,"(parsed_highs: list[float], parsed_lows: list[float], times: list[pd.Timestamp], pivot_index: int, current_index: int, bias: Literal['bullish', 'bearish'])","`parsed_highs`（list[float]）：由 `parsed_highs` 表示的输入集合；`parsed_lows`（list[float]）：由 `parsed_lows` 表示的输入集合；`times`（list[pd.Timestamp]）：由 `times` 表示的输入集合；`pivot_index`（int）：由 `pivot_index` 表示的数值参数；`current_index`（int）：由 `current_index` 表示的数值参数；`bias`（Literal['bullish', 'bearish']）：由调用方提供的 `bias` 输入对象",返回 `OrderBlock | None` 类型结果,生成`store_order_block`结果；返回 `OrderBlock | None` 类型结果。,按源码执行顺序经过 `np.argmax` → `np.argmin` → `OrderBlock`；包含 4 个条件、循环、异常或模式匹配分支，分支结果汇入返回或状态更新。,调用方提供满足参数类型、取值语义和默认值约定的输入；所属软件单元已经初始化并满足关联需求约束,返回 `OrderBlock | None` 类型结果；静态扫描未发现直接外部副作用,未发现显式 raise,未检测到直接副作用,在调用方线程同步执行,int;np.argmax;np.argmin;OrderBlock;float,4,28,high,ARC-ANALYSIS,SWR-DATA-003;SWR-ANA-001,tests/unit/test_luxalgo_smc.py,直接动态测试,已按实现建立基线
FUN-31C7DE2CD6,UNIT-2F7FEDBA6F,src/analysis/luxalgo_smc.py,145,_mitigate_obs,internal,"(obs: list[OrderBlock], high: float, low: float)",`obs`（list[OrderBlock]）：由 `obs` 表示的输入集合；`high`（float）：最高价序列或上界；`low`（float）：最低价序列或下界,返回 `list[OrderBlock]` 类型结果,构建`mitigate_obs`；返回 `list[OrderBlock]` 类型结果。,按源码执行顺序经过 `kept.append`；包含 3 个条件、循环、异常或模式匹配分支，分支结果汇入返回或状态更新。,调用方提供满足参数类型、取值语义和默认值约定的输入；所属软件单元已经初始化并满足关联需求约束,返回 `list[OrderBlock]` 类型结果；静态扫描未发现直接外部副作用,未发现显式 raise,未检测到直接副作用,在调用方线程同步执行,kept.append,3,13,low,ARC-ANALYSIS,SWR-DATA-003;SWR-ANA-001,,静态分析与组件级验证,已按实现建立基线
FUN-A130BD9445,UNIT-2F7FEDBA6F,src/analysis/luxalgo_smc.py,160,_mitigate_fvgs,internal,"(fvgs: list[FairValueGap], high: float, low: float)",`fvgs`（list[FairValueGap]）：由 `fvgs` 表示的输入集合；`high`（float）：最高价序列或上界；`low`（float）：最低价序列或下界,返回 `list[FairValueGap]` 类型结果,构建`mitigate_fvgs`；返回 `list[FairValueGap]` 类型结果。,按源码执行顺序经过 `kept.append`；包含 3 个条件、循环、异常或模式匹配分支，分支结果汇入返回或状态更新。,调用方提供满足参数类型、取值语义和默认值约定的输入；所属软件单元已经初始化并满足关联需求约束,返回 `list[FairValueGap]` 类型结果；静态扫描未发现直接外部副作用,未发现显式 raise,未检测到直接副作用,在调用方线程同步执行,kept.append,3,13,low,ARC-ANALYSIS,SWR-DATA-003;SWR-ANA-001,,静态分析与组件级验证,已按实现建立基线
FUN-603728AF0A,UNIT-2F7FEDBA6F,src/analysis/luxalgo_smc.py,175,_crossover,internal,"(close_prev: float, close_curr: float, level: float)",`close_prev`（float）：由 `close_prev` 表示的数值参数；`close_curr`（float）：由 `close_curr` 表示的数值参数；`level`（float）：候选价格水平,返回 `bool` 类型结果,判断`crossover`条件是否成立；返回 `bool` 类型结果。,直接通过表达式、字段访问或常量完成处理；不包含显式控制分支。,调用方提供满足参数类型、取值语义和默认值约定的输入；所属软件单元已经初始化并满足关联需求约束,返回 `bool` 类型结果；静态扫描未发现直接外部副作用,未发现显式 raise,未检测到直接副作用,在调用方线程同步执行,none,0,2,low,ARC-ANALYSIS,SWR-DATA-003;SWR-ANA-001,,静态分析与组件级验证,已按实现建立基线
FUN-0FD674F4F8,UNIT-2F7FEDBA6F,src/analysis/luxalgo_smc.py,179,_crossunder,internal,"(close_prev: float, close_curr: float, level: float)",`close_prev`（float）：由 `close_prev` 表示的数值参数；`close_curr`（float）：由 `close_curr` 表示的数值参数；`level`（float）：候选价格水平,返回 `bool` 类型结果,判断`crossunder`条件是否成立；返回 `bool` 类型结果。,直接通过表达式、字段访问或常量完成处理；不包含显式控制分支。,调用方提供满足参数类型、取值语义和默认值约定的输入；所属软件单元已经初始化并满足关联需求约束,返回 `bool` 类型结果；静态扫描未发现直接外部副作用,未发现显式 raise,未检测到直接副作用,在调用方线程同步执行,none,0,2,low,ARC-ANALYSIS,SWR-DATA-003;SWR-ANA-001,,静态分析与组件级验证,已按实现建立基线
FUN-D33565E210,UNIT-2F7FEDBA6F,src/analysis/luxalgo_smc.py,183,_internal_confluence_bars,internal,"(open_: float, high: float, low: float, close: float)",`open_`（float）：由 `open_` 表示的数值参数；`high`（float）：最高价序列或上界；`low`（float）：最低价序列或下界；`close`（float）：由 `close` 表示的数值参数,"返回 `tuple[bool, bool]` 类型结果","判断`internal_confluence_bars`条件是否成立；返回 `tuple[bool, bool]` 类型结果。",按源码执行顺序经过 `max` → `min`；不包含显式控制分支。,调用方提供满足参数类型、取值语义和默认值约定的输入；所属软件单元已经初始化并满足关联需求约束,"返回 `tuple[bool, bool]` 类型结果；静态扫描未发现直接外部副作用",未发现显式 raise,未检测到直接副作用,在调用方线程同步执行,max;min,0,11,low,ARC-ANALYSIS,SWR-DATA-003;SWR-ANA-001,tests/unit/test_luxalgo_smc.py,直接动态测试,已按实现建立基线
FUN-D317D1876F,UNIT-2F7FEDBA6F,src/analysis/luxalgo_smc.py,196,_append_structure_event,internal,"(events: list[StructureEvent], *, tag: Literal['BOS', 'CHoCH'], direction: Literal['bullish', 'bearish'], level: float, bar_time: pd.Timestamp, pivot_time: pd.Timestamp | None, scope: Literal['internal', 'swing'])","`events`（list[StructureEvent]）：事件集合；`tag`（Literal['BOS', 'CHoCH']）：由调用方提供的 `tag` 输入对象；`direction`（Literal['bullish', 'bearish']）：交易方向；`level`（float）：候选价格水平；`bar_time`（pd.Timestamp）：事件或数据时间；`pivot_time`（pd.Timestamp | None）：事件或数据时间；`scope`（Literal['internal', 'swing']）：由调用方提供的 `scope` 输入对象",无返回值（None）,追加市场结构事件；无返回值（None）。,按源码执行顺序经过 `events.append` → `StructureEvent`；不包含显式控制分支。,调用方提供满足参数类型、取值语义和默认值约定的输入；所属软件单元已经初始化并满足关联需求约束,无返回值（None）；静态扫描未发现直接外部副作用,未发现显式 raise,未检测到直接副作用,在调用方线程同步执行,events.append;StructureEvent,0,20,low,ARC-ANALYSIS,SWR-DATA-003;SWR-ANA-001,,静态分析与组件级验证,已按实现建立基线
FUN-5978222F4D,UNIT-2F7FEDBA6F,src/analysis/luxalgo_smc.py,218,_update_structure_pivots,internal,"(*, size: int, leg_prev: int, leg_curr: int, highs: np.ndarray, lows: np.ndarray, index: pd.DatetimeIndex, i: int, pivot_high: _Pivot, pivot_low: _Pivot, trailing: _Trailing | None, swings: list[SwingPoint], equal_mode: bool, atr_measure: float, equal_prev_low: _Pivot, equal_prev_high: _Pivot, liquidity: list[LiquidityZone])",`size`（int）：由 `size` 表示的数值参数；`leg_prev`（int）：由 `leg_prev` 表示的数值参数；`leg_curr`（int）：由 `leg_curr` 表示的数值参数；`highs`（np.ndarray）：由调用方提供的 `highs` 输入对象；`lows`（np.ndarray）：由调用方提供的 `lows` 输入对象；`index`（pd.DatetimeIndex）：由调用方提供的 `index` 输入对象；`i`（int）：由 `i` 表示的数值参数；`pivot_high`（_Pivot）：最高价序列或上界；`pivot_low`（_Pivot）：最低价序列或下界；`trailing`（_Trailing | None）：由调用方提供的 `trailing` 输入对象；`swings`（list[SwingPoint]）：由 `swings` 表示的输入集合；`equal_mode`（bool）：运行或分析模式；`atr_measure`（float）：由 `atr_measure` 表示的数值参数；`equal_prev_low`（_Pivot）：最低价序列或下界；`equal_prev_high`（_Pivot）：最高价序列或上界；`liquidity`（list[LiquidityZone]）：由 `liquidity` 表示的输入集合,无返回值（None）,更新`structure_pivots`；无返回值（None）。,按源码执行顺序经过 `abs` → `swings.append` → `SwingPoint`；包含 11 个条件、循环、异常或模式匹配分支，分支结果汇入返回或状态更新。,调用方提供满足参数类型、取值语义和默认值约定的输入；所属软件单元已经初始化并满足关联需求约束,无返回值（None）；静态扫描未发现直接外部副作用,未发现显式 raise,未检测到直接副作用,在调用方线程同步执行,float;abs;swings.append;SwingPoint,11,67,medium,ARC-ANALYSIS,SWR-DATA-003;SWR-ANA-001,,静态分析与组件级验证,已按实现建立基线
FUN-64EF8BADDA,UNIT-2F7FEDBA6F,src/analysis/luxalgo_smc.py,287,_push_ob,internal,"(blocks: list[OrderBlock], ob: OrderBlock | None)",`blocks`（list[OrderBlock]）：由 `blocks` 表示的输入集合；`ob`（OrderBlock | None）：由调用方提供的 `ob` 输入对象,无返回值（None）,执行`push_ob`处理；无返回值（None）。,按源码执行顺序经过 `blocks.pop` → `blocks.insert`；包含 2 个条件、循环、异常或模式匹配分支，分支结果汇入返回或状态更新。,调用方提供满足参数类型、取值语义和默认值约定的输入；所属软件单元已经初始化并满足关联需求约束,无返回值（None）；静态扫描未发现直接外部副作用,未发现显式 raise,未检测到直接副作用,在调用方线程同步执行,len;blocks.pop;blocks.insert,2,6,low,ARC-ANALYSIS,SWR-DATA-003;SWR-ANA-001,,静态分析与组件级验证,已按实现建立基线
FUN-08FF07C7E5,UNIT-2F7FEDBA6F,src/analysis/luxalgo_smc.py,295,analyze_luxalgo,public,(df: pd.DataFrame),`df`（pd.DataFrame）：输入数据表,返回 `LuxAlgoResult` 类型结果,生成`analyze_luxalgo`结果；返回 `LuxAlgoResult` 类型结果。,按源码执行顺序经过 `LuxAlgoResult` → `astype` → `_atr_series` → `_Pivot` → `_Trailing` → `range` → `np.isnan` → `_parsed_bar`；包含 29 个条件、循环、异常或模式匹配分支，分支结果汇入返回或状态更新。,调用方提供满足参数类型、取值语义和默认值约定的输入；所属软件单元已经初始化并满足关联需求约束,返回 `LuxAlgoResult` 类型结果；静态扫描未发现直接外部副作用,未发现显式 raise,未检测到直接副作用,在调用方线程同步执行,len;LuxAlgoResult;astype;_atr_series;_Pivot;_Trailing;range;float;np.isnan;_parsed_bar;parsed_highs.append;parsed_lows.append;times.append;abs;_leg_at_bar;max;np.mean;_update_structure_pivots;_fvg_threshold;fvgs.insert,29,294,high,ARC-ANALYSIS,SWR-DATA-003;SWR-ANA-001,tests/unit/test_luxalgo_smc.py,直接动态测试,已按实现建立基线
FUN-C06B90A09B,UNIT-DAF97D09E5,src/analysis/price_action_facts.py,24,_ltf_covers_window,internal,"(ltf_slice: pd.DataFrame, start: pd.Timestamp, end: pd.Timestamp, *, min_frac: float=_LTF_COVER_FRAC)",`ltf_slice`（pd.DataFrame）：由调用方提供的 `ltf_slice` 输入对象；`start`（pd.Timestamp）：由调用方提供的 `start` 输入对象；`end`（pd.Timestamp）：由调用方提供的 `end` 输入对象；`min_frac`（float）：由 `min_frac` 表示的数值参数；默认值 `_LTF_COVER_FRAC`,返回 `bool` 类型结果,判断`ltf_covers_window`条件是否成立；返回 `bool` 类型结果。,按源码执行顺序经过 `total_seconds` → `pd.Timestamp` → `max` → `min`；包含 3 个条件、循环、异常或模式匹配分支，分支结果汇入返回或状态更新。,调用方提供满足参数类型、取值语义和默认值约定的输入；所属软件单元已经初始化并满足关联需求约束,返回 `bool` 类型结果；静态扫描未发现直接外部副作用,未发现显式 raise,未检测到直接副作用,在调用方线程同步执行,total_seconds;pd.Timestamp;max;min,3,19,low,ARC-ANALYSIS,SWR-DATA-003;SWR-ANA-001,,静态分析与组件级验证,已按实现建立基线
FUN-BCE4E6DB5F,UNIT-DAF97D09E5,src/analysis/price_action_facts.py,45,_align_timestamp,internal,"(ts: pd.Timestamp, ref: pd.DatetimeIndex)",`ts`（pd.Timestamp）：由调用方提供的 `ts` 输入对象；`ref`（pd.DatetimeIndex）：由调用方提供的 `ref` 输入对象,返回 `pd.Timestamp` 类型结果,生成`align_timestamp`结果；返回 `pd.Timestamp` 类型结果。,按源码执行顺序经过 `pd.Timestamp` → `tz_convert` → `ts.tz_localize` → `ts.tz_convert` → `tz_localize`；包含 3 个条件、循环、异常或模式匹配分支，分支结果汇入返回或状态更新。,调用方提供满足参数类型、取值语义和默认值约定的输入；所属软件单元已经初始化并满足关联需求约束,返回 `pd.Timestamp` 类型结果；静态扫描未发现直接外部副作用,未发现显式 raise,未检测到直接副作用,在调用方线程同步执行,pd.Timestamp;tz_convert;ts.tz_localize;ts.tz_convert;tz_localize,3,9,low,ARC-ANALYSIS,SWR-DATA-003;SWR-ANA-001,,静态分析与组件级验证,已按实现建立基线
FUN-CF1ADC9362,UNIT-DAF97D09E5,src/analysis/price_action_facts.py,56,_bars_for_latest_session_day,internal,"(df_5m: pd.DataFrame, df_1d: pd.DataFrame)",`df_5m`（pd.DataFrame）：5 分钟 OHLCV 数据表；`df_1d`（pd.DataFrame）：由调用方提供的 `df_1d` 输入对象,返回 `pd.DataFrame` 类型结果,构建`bars_for_latest_session_day`；返回 `pd.DataFrame` 类型结果。,按源码执行顺序经过 `isinstance` → `_align_timestamp` → `min` → `pd.Timedelta`；包含 2 个条件、循环、异常或模式匹配分支，分支结果汇入返回或状态更新。,调用方提供满足参数类型、取值语义和默认值约定的输入；所属软件单元已经初始化并满足关联需求约束,返回 `pd.DataFrame` 类型结果；静态扫描未发现直接外部副作用,未发现显式 raise,未检测到直接副作用,在调用方线程同步执行,isinstance;_align_timestamp;min;pd.Timedelta,2,15,low,ARC-ANALYSIS,SWR-DATA-003;SWR-ANA-001,tests/unit/test_dgt_price_action.py,直接动态测试,已按实现建立基线
FUN-A13F4E6EEC,UNIT-DAF97D09E5,src/analysis/price_action_facts.py,73,_session_matches_daily,internal,"(df_session: pd.DataFrame, daily_row: pd.Series, *, tol: float)",`df_session`（pd.DataFrame）：会话对象；`daily_row`（pd.Series）：当前记录行；`tol`（float）：由 `tol` 表示的数值参数,返回 `bool` 类型结果,判断`session_matches_daily`条件是否成立；返回 `bool` 类型结果。,按源码执行顺序经过 `max` → `min` → `abs`；包含 1 个条件、循环、异常或模式匹配分支，分支结果汇入返回或状态更新。,调用方提供满足参数类型、取值语义和默认值约定的输入；所属软件单元已经初始化并满足关联需求约束,返回 `bool` 类型结果；静态扫描未发现直接外部副作用,未发现显式 raise,未检测到直接副作用,在调用方线程同步执行,float;max;min;abs,1,11,low,ARC-ANALYSIS,SWR-DATA-003;SWR-ANA-001,,静态分析与组件级验证,已按实现建立基线
FUN-6DA9739C93,UNIT-DAF97D09E5,src/analysis/price_action_facts.py,86,build_session_price_action_block,public,"(df_5m: pd.DataFrame | None, df_1d: pd.DataFrame | None)",`df_5m`（pd.DataFrame | None）：5 分钟 OHLCV 数据表；`df_1d`（pd.DataFrame | None）：由调用方提供的 `df_1d` 输入对象,"返回 `dict[str, Any] | None` 类型结果","构建`session_price_action_block`；返回 `dict[str, Any] | None` 类型结果。",按源码执行顺序经过 `_bars_for_latest_session_day` → `_session_matches_daily` → `analyze_dgt_price_action` → `dgt_result_to_dict`；包含 4 个条件、循环、异常或模式匹配分支，分支结果汇入返回或状态更新。,调用方提供满足参数类型、取值语义和默认值约定的输入；所属软件单元已经初始化并满足关联需求约束,"返回 `dict[str, Any] | None` 类型结果；静态扫描未发现直接外部副作用",未发现显式 raise,未检测到直接副作用,在调用方线程同步执行,_bars_for_latest_session_day;_session_matches_daily;len;analyze_dgt_price_action;dgt_result_to_dict,4,22,medium,ARC-ANALYSIS,SWR-DATA-003;SWR-ANA-001,tests/unit/test_dgt_price_action.py,直接动态测试,已按实现建立基线
FUN-C677F127B2,UNIT-DAF97D09E5,src/analysis/price_action_facts.py,110,build_price_action_summaries,public,"(data: dict[str, pd.DataFrame], *, lookback: int=DEFAULT_LOOKBACK)","`data`（dict[str, pd.DataFrame]）：输入数据；`lookback`（int）：由 `lookback` 表示的数值参数；默认值 `DEFAULT_LOOKBACK`","返回 `dict[str, dict[str, Any]]` 类型结果","构建`price_action_summaries`；返回 `dict[str, dict[str, Any]]` 类型结果。",按源码执行顺序经过 `data.get` → `df.tail` → `_ltf_covers_window` → `analyze_dgt_price_action` → `dgt_result_to_dict` → `build_session_price_action_block`；包含 5 个条件、循环、异常或模式匹配分支，分支结果汇入返回或状态更新。,调用方提供满足参数类型、取值语义和默认值约定的输入；所属软件单元已经初始化并满足关联需求约束,"返回 `dict[str, dict[str, Any]]` 类型结果；静态扫描未发现直接外部副作用",未发现显式 raise,未检测到直接副作用,在调用方线程同步执行,data.get;df.tail;_ltf_covers_window;analyze_dgt_price_action;dgt_result_to_dict;build_session_price_action_block,5,39,medium,ARC-ANALYSIS,SWR-DATA-003;SWR-ANA-001,tests/unit/test_dgt_price_action.py,直接动态测试,已按实现建立基线
FUN-EDAA738364,UNIT-DAF97D09E5,src/analysis/price_action_facts.py,151,chart_sr_levels,public,"(report: dict[str, Any], timeframe: str='5m')","`report`（dict[str, Any]）：分析报告；`timeframe`（str）：行情时间框架；默认值 `'5m'`","返回 `list[dict[str, Any]]` 类型结果","构建`chart_sr_levels`；返回 `list[dict[str, Any]]` 类型结果。",按源码执行顺序经过 `report.get` → `pa.get` → `block.get`；不包含显式控制分支。,调用方提供满足参数类型、取值语义和默认值约定的输入；所属软件单元已经初始化并满足关联需求约束,"返回 `list[dict[str, Any]]` 类型结果；静态扫描未发现直接外部副作用",未发现显式 raise,未检测到直接副作用,在调用方线程同步执行,report.get;pa.get;list;block.get,0,5,medium,ARC-ANALYSIS,SWR-DATA-003;SWR-ANA-001,tests/unit/test_dgt_price_action.py,直接动态测试,已按实现建立基线
FUN-575CE11369,UNIT-CE01C0290C,src/analysis/proximity.py,12,proximity_threshold,public,"(price: float, atr: float | None, *, atr_mult: float=1.0, pct: float=PCT_FALLBACK)",`price`（float）：当前或待评估价格；`atr`（float | None）：平均真实波幅；`atr_mult`（float）：由 `atr_mult` 表示的数值参数；默认值 `1.0`；`pct`（float）：由 `pct` 表示的数值参数；默认值 `PCT_FALLBACK`,返回 `float` 类型结果,计算`proximity_threshold`；返回 `float` 类型结果。,按源码执行顺序经过 `max`；不包含显式控制分支。,调用方提供满足参数类型、取值语义和默认值约定的输入；所属软件单元已经初始化并满足关联需求约束,返回 `float` 类型结果；静态扫描未发现直接外部副作用,未发现显式 raise,未检测到直接副作用,在调用方线程同步执行,max,0,8,medium,ARC-ANALYSIS,SWR-DATA-003;SWR-ANA-001,,静态分析与组件级验证,已按实现建立基线
FUN-914F4D90EA,UNIT-CE01C0290C,src/analysis/proximity.py,22,zone_near_price,public,"(price: float, low: float, high: float, atr: float | None, *, atr_mult: float=1.0, pct: float=PCT_FALLBACK)",`price`（float）：当前或待评估价格；`low`（float）：最低价序列或下界；`high`（float）：最高价序列或上界；`atr`（float | None）：平均真实波幅；`atr_mult`（float）：由 `atr_mult` 表示的数值参数；默认值 `1.0`；`pct`（float）：由 `pct` 表示的数值参数；默认值 `PCT_FALLBACK`,返回 `bool` 类型结果,判断`zone_near_price`条件是否成立；返回 `bool` 类型结果。,按源码执行顺序经过 `min` → `max` → `abs` → `proximity_threshold`；包含 1 个条件、循环、异常或模式匹配分支，分支结果汇入返回或状态更新。,调用方提供满足参数类型、取值语义和默认值约定的输入；所属软件单元已经初始化并满足关联需求约束,返回 `bool` 类型结果；静态扫描未发现直接外部副作用,未发现显式 raise,未检测到直接副作用,在调用方线程同步执行,min;max;abs;proximity_threshold,1,15,medium,ARC-ANALYSIS,SWR-DATA-003;SWR-ANA-001,tests/unit/test_proximity.py,直接动态测试,已按实现建立基线
FUN-8793F9D1F1,UNIT-CE01C0290C,src/analysis/proximity.py,39,level_near_price,public,"(level: float, price: float, atr: float | None, *, atr_mult: float=1.0, pct: float=PCT_FALLBACK)",`level`（float）：候选价格水平；`price`（float）：当前或待评估价格；`atr`（float | None）：平均真实波幅；`atr_mult`（float）：由 `atr_mult` 表示的数值参数；默认值 `1.0`；`pct`（float）：由 `pct` 表示的数值参数；默认值 `PCT_FALLBACK`,返回 `bool` 类型结果,判断`level_near_price`条件是否成立；返回 `bool` 类型结果。,按源码执行顺序经过 `abs` → `proximity_threshold`；不包含显式控制分支。,调用方提供满足参数类型、取值语义和默认值约定的输入；所属软件单元已经初始化并满足关联需求约束,返回 `bool` 类型结果；静态扫描未发现直接外部副作用,未发现显式 raise,未检测到直接副作用,在调用方线程同步执行,abs;proximity_threshold,0,9,medium,ARC-ANALYSIS,SWR-DATA-003;SWR-ANA-001,tests/unit/test_proximity.py,直接动态测试,已按实现建立基线
FUN-86BF8DEDC0,UNIT-7FAAA8EDCA,src/analysis/technical_context.py,27,distance_pct,public,"(price: float, level: float)",`price`（float）：当前或待评估价格；`level`（float）：候选价格水平,返回 `float` 类型结果,计算`distance_pct`；返回 `float` 类型结果。,直接通过表达式、字段访问或常量完成处理；包含 1 个条件、循环、异常或模式匹配分支，分支结果汇入返回或状态更新。,调用方提供满足参数类型、取值语义和默认值约定的输入；所属软件单元已经初始化并满足关联需求约束,返回 `float` 类型结果；静态扫描未发现直接外部副作用,未发现显式 raise,未检测到直接副作用,在调用方线程同步执行,none,1,4,medium,ARC-ANALYSIS,SWR-DATA-003;SWR-ANA-001,,静态分析与组件级验证,已按实现建立基线
FUN-A9814CA00A,UNIT-7FAAA8EDCA,src/analysis/technical_context.py,33,primary_analysis,public,(ctx: MarketContext),`ctx`（MarketContext）：运行上下文,返回 `TimeframeAnalysis | None` 类型结果,生成`primary_analysis`结果；返回 `TimeframeAnalysis | None` 类型结果。,按源码执行顺序经过 `ctx.analyses.get`；不包含显式控制分支。,调用方提供满足参数类型、取值语义和默认值约定的输入；所属软件单元已经初始化并满足关联需求约束,返回 `TimeframeAnalysis | None` 类型结果；静态扫描未发现直接外部副作用,未发现显式 raise,未检测到直接副作用,在调用方线程同步执行,ctx.analyses.get,0,2,medium,ARC-ANALYSIS,SWR-DATA-003;SWR-ANA-001,,静态分析与组件级验证,已按实现建立基线
FUN-E2F42619C2,UNIT-7FAAA8EDCA,src/analysis/technical_context.py,37,fibonacci_context,public,(ctx: MarketContext),`ctx`（MarketContext）：运行上下文,"返回 `dict[str, Any]` 类型结果","构建`fibonacci_context`；返回 `dict[str, Any]` 类型结果。",按源码执行顺序经过 `primary_analysis` → `ctx.metrics.get` → `fibonacci_levels` → `sorted` → `round` → `distance_pct` → `abs`；包含 2 个条件、循环、异常或模式匹配分支，分支结果汇入返回或状态更新。,调用方提供满足参数类型、取值语义和默认值约定的输入；所属软件单元已经初始化并满足关联需求约束,"返回 `dict[str, Any]` 类型结果；静态扫描未发现直接外部副作用",未发现显式 raise,未检测到直接副作用,在调用方线程同步执行,primary_analysis;ctx.metrics.get;fibonacci_levels;float;sorted;round;distance_pct;abs,2,23,medium,ARC-ANALYSIS,SWR-DATA-003;SWR-ANA-001,,静态分析与组件级验证,已按实现建立基线
FUN-E5355CC1AE,UNIT-7FAAA8EDCA,src/analysis/technical_context.py,62,support_resistance_context,public,"(ctx: MarketContext, *, limit: int=12)",`ctx`（MarketContext）：运行上下文；`limit`（int）：返回或处理数量上限；默认值 `12`,"返回 `dict[str, Any]` 类型结果","构建`support_resistance_context`；返回 `dict[str, Any]` 类型结果。",按源码执行顺序经过 `_level_kind` → `levels.append` → `round` → `distance_pct` → `_zone_kind` → `add_level` → `metrics.get` → `primary_analysis`；包含 14 个条件、循环、异常或模式匹配分支，分支结果汇入返回或状态更新。,调用方提供满足参数类型、取值语义和默认值约定的输入；所属软件单元已经初始化并满足关联需求约束,"返回 `dict[str, Any]` 类型结果；静态扫描未发现直接外部副作用",未发现显式 raise,未检测到直接副作用,在调用方线程同步执行,_level_kind;levels.append;round;float;distance_pct;_zone_kind;add_level;metrics.get;primary_analysis;fibonacci_context;fib.get;row.get;TF_WEIGHT.items;ctx.analyses.get;max;getattr;liquidity_label;add_zone;_dedupe_levels;sorted,14,127,medium,ARC-ANALYSIS,SWR-DATA-003;SWR-ANA-001,,静态分析与组件级验证,已按实现建立基线
FUN-67805426EC,UNIT-7FAAA8EDCA,src/analysis/technical_context.py,66,support_resistance_context.add_level,public,"(*, price: float | None, kind: str | None, label: str, source: str, timeframe: str | None=None, strength: float=0.4)",`price`（float | None）：当前或待评估价格；`kind`（str | None）：类别标识；`label`（str）：展示或分类标签；`source`（str）：数据或证据来源；`timeframe`（str | None）：行情时间框架；默认值 `None`；`strength`（float）：由 `strength` 表示的数值参数；默认值 `0.4`,无返回值（None）,添加`level`；无返回值（None）。,按源码执行顺序经过 `_level_kind` → `levels.append` → `round` → `distance_pct`；包含 1 个条件、循环、异常或模式匹配分支，分支结果汇入返回或状态更新。,调用方提供满足参数类型、取值语义和默认值约定的输入；所属软件单元已经初始化并满足关联需求约束,无返回值（None）；静态扫描未发现直接外部副作用,未发现显式 raise,未检测到直接副作用,在调用方线程同步执行,_level_kind;levels.append;round;float;distance_pct,1,23,medium,ARC-ANALYSIS,SWR-DATA-003;SWR-ANA-001,,静态分析与组件级验证,已按实现建立基线
FUN-AB952E6029,UNIT-7FAAA8EDCA,src/analysis/technical_context.py,90,support_resistance_context.add_zone,public,"(*, low: float, high: float, preferred_kind: str, label: str, source: str, timeframe: str | None, strength: float)",`low`（float）：最低价序列或下界；`high`（float）：最高价序列或上界；`preferred_kind`（str）：类别标识；`label`（str）：展示或分类标签；`source`（str）：数据或证据来源；`timeframe`（str | None）：行情时间框架；`strength`（float）：由 `strength` 表示的数值参数,无返回值（None）,添加`zone`；无返回值（None）。,按源码执行顺序经过 `_zone_kind` → `levels.append` → `round` → `distance_pct`；不包含显式控制分支。,调用方提供满足参数类型、取值语义和默认值约定的输入；所属软件单元已经初始化并满足关联需求约束,无返回值（None）；静态扫描未发现直接外部副作用,未发现显式 raise,未检测到直接副作用,在调用方线程同步执行,float;_zone_kind;levels.append;round;distance_pct,0,25,medium,ARC-ANALYSIS,SWR-DATA-003;SWR-ANA-001,,静态分析与组件级验证,已按实现建立基线
FUN-41BB47141E,UNIT-7FAAA8EDCA,src/analysis/technical_context.py,191,indicator_snapshot,public,(ctx: MarketContext),`ctx`（MarketContext）：运行上下文,"返回 `dict[str, Any]` 类型结果","构建指标快照；返回 `dict[str, Any]` 类型结果。",按源码执行顺序经过 `ctx.enriched.get` → `_nonzero_volume_ratio` → `ema_relation` → `indicator_values` → `_ready_indicators` → `round`；包含 2 个条件、循环、异常或模式匹配分支，分支结果汇入返回或状态更新。,调用方提供满足参数类型、取值语义和默认值约定的输入；所属软件单元已经初始化并满足关联需求约束,"返回 `dict[str, Any]` 类型结果；静态扫描未发现直接外部副作用",未发现显式 raise,未检测到直接副作用,在调用方线程同步执行,ctx.enriched.get;_nonzero_volume_ratio;len;ema_relation;indicator_values;_ready_indicators;round,2,16,medium,ARC-ANALYSIS,SWR-DATA-003;SWR-ANA-001,tests/unit/test_indicators.py,直接动态测试,已按实现建立基线
FUN-AB37CA5FB2,UNIT-7FAAA8EDCA,src/analysis/technical_context.py,209,structure_narrative,public,"(analysis: TimeframeAnalysis, *, max_events: int=2)",`analysis`（TimeframeAnalysis）：当前分析结果；`max_events`（int）：事件集合；默认值 `2`,返回 `str` 类型结果,生成`structure_narrative`文本；返回 `str` 类型结果。,按源码执行顺序经过 `trend_map.get` → `pd_map.get` → `_latest_structure_labels` → `parts.append` → `join` → `reversed`；包含 9 个条件、循环、异常或模式匹配分支，分支结果汇入返回或状态更新。,调用方提供满足参数类型、取值语义和默认值约定的输入；所属软件单元已经初始化并满足关联需求约束,返回 `str` 类型结果；静态扫描未发现直接外部副作用,未发现显式 raise,未检测到直接副作用,在调用方线程同步执行,trend_map.get;pd_map.get;_latest_structure_labels;parts.append;list;join;reversed,9,34,medium,ARC-ANALYSIS,SWR-DATA-003;SWR-ANA-001,,静态分析与组件级验证,已按实现建立基线
FUN-8894DB4DE1,UNIT-7FAAA8EDCA,src/analysis/technical_context.py,245,timeframe_context,public,"(tf: str, analysis: TimeframeAnalysis, *, price: float, event_limit: int=8, ob_limit: int=5, fvg_limit: int=5, liquidity_limit: int=6)",`tf`（str）：时间框架简称；`analysis`（TimeframeAnalysis）：当前分析结果；`price`（float）：当前或待评估价格；`event_limit`（int）：返回或处理数量上限；默认值 `8`；`ob_limit`（int）：返回或处理数量上限；默认值 `5`；`fvg_limit`（int）：返回或处理数量上限；默认值 `5`；`liquidity_limit`（int）：返回或处理数量上限；默认值 `6`,"返回 `dict[str, Any]` 类型结果","构建`timeframe_context`；返回 `dict[str, Any]` 类型结果。",按源码执行顺序经过 `build_tf_snapshot` → `structure_narrative` → `_rank_ict_events` → `liquidity_label` → `round` → `distance_pct`；包含 2 个条件、循环、异常或模式匹配分支，分支结果汇入返回或状态更新。,调用方提供满足参数类型、取值语义和默认值约定的输入；所属软件单元已经初始化并满足关联需求约束,"返回 `dict[str, Any]` 类型结果；静态扫描未发现直接外部副作用",未发现显式 raise,未检测到直接副作用,在调用方线程同步执行,build_tf_snapshot;structure_narrative;_rank_ict_events;liquidity_label;round;distance_pct,2,55,medium,ARC-ANALYSIS,SWR-DATA-003;SWR-ANA-001,tests/unit/test_technical_context_lux.py,直接动态测试,已按实现建立基线
FUN-8313BC01B7,UNIT-7FAAA8EDCA,src/analysis/technical_context.py,302,technical_quality,public,"(ctx: MarketContext, indicators: dict[str, Any] | None=None)","`ctx`（MarketContext）：运行上下文；`indicators`（dict[str, Any] | None）：由 `indicators` 表示的键值映射；默认值 `None`","返回 `dict[str, Any]` 类型结果","构建`technical_quality`；返回 `dict[str, Any]` 类型结果。",按源码执行顺序经过 `indicator_snapshot` → `ctx.enriched.get` → `min` → `scores.append` → `warnings.append` → `get` → `indicators.get` → `ready.intersection`；包含 7 个条件、循环、异常或模式匹配分支，分支结果汇入返回或状态更新。,调用方提供满足参数类型、取值语义和默认值约定的输入；所属软件单元已经初始化并满足关联需求约束,"返回 `dict[str, Any]` 类型结果；静态扫描未发现直接外部副作用",未发现显式 raise,未检测到直接副作用,在调用方线程同步执行,indicator_snapshot;len;ctx.enriched.get;min;scores.append;warnings.append;set;get;indicators.get;ready.intersection;float;sum;ctx.analyses.values;support_resistance_context;sr.get;round,7,47,medium,ARC-ANALYSIS,SWR-DATA-003;SWR-ANA-001,,静态分析与组件级验证,已按实现建立基线
FUN-9091131D8F,UNIT-7FAAA8EDCA,src/analysis/technical_context.py,351,build_technical_context,public,"(ctx: MarketContext, *, event_limit: int=8)",`ctx`（MarketContext）：运行上下文；`event_limit`（int）：返回或处理数量上限；默认值 `8`,"返回 `dict[str, Any]` 类型结果","构建`technical_context`；返回 `dict[str, Any]` 类型结果。",按源码执行顺序经过 `indicator_snapshot` → `build_tf_snapshot` → `ctx.derived.get` → `sentiment_score` → `ctx.context_stats.get` → `technical_quality` → `fibonacci_context` → `support_resistance_context`；不包含显式控制分支。,调用方提供满足参数类型、取值语义和默认值约定的输入；所属软件单元已经初始化并满足关联需求约束,"返回 `dict[str, Any]` 类型结果；静态扫描未发现直接外部副作用",未发现显式 raise,未检测到直接副作用,在调用方线程同步执行,indicator_snapshot;build_tf_snapshot;ctx.derived.get;sentiment_score;ctx.context_stats.get;technical_quality;fibonacci_context;support_resistance_context;build_price_action_summaries;timeframe_context,0,28,medium,ARC-ANALYSIS,SWR-DATA-003;SWR-ANA-001,tests/unit/test_technical_context_lux.py,直接动态测试,已按实现建立基线
FUN-303BA8669B,UNIT-7FAAA8EDCA,src/analysis/technical_context.py,381,_ready_indicators,internal,(row: pd.Series),`row`（pd.Series）：当前记录行,返回 `list[str]` 类型结果,构建`ready_indicators`；返回 `list[str]` 类型结果。,按源码执行顺序经过 `pd.notna`；不包含显式控制分支。,调用方提供满足参数类型、取值语义和默认值约定的输入；所属软件单元已经初始化并满足关联需求约束,返回 `list[str]` 类型结果；静态扫描未发现直接外部副作用,未发现显式 raise,未检测到直接副作用,在调用方线程同步执行,pd.notna,0,2,low,ARC-ANALYSIS,SWR-DATA-003;SWR-ANA-001,,静态分析与组件级验证,已按实现建立基线
FUN-42E28CAEA1,UNIT-7FAAA8EDCA,src/analysis/technical_context.py,385,_nonzero_volume_ratio,internal,(df: pd.DataFrame),`df`（pd.DataFrame）：输入数据表,返回 `float` 类型结果,计算`nonzero_volume_ratio`；返回 `float` 类型结果。,按源码执行顺序经过 `astype` → `sum`；包含 1 个条件、循环、异常或模式匹配分支，分支结果汇入返回或状态更新。,调用方提供满足参数类型、取值语义和默认值约定的输入；所属软件单元已经初始化并满足关联需求约束,返回 `float` 类型结果；静态扫描未发现直接外部副作用,未发现显式 raise,未检测到直接副作用,在调用方线程同步执行,astype;float;sum;len,1,5,low,ARC-ANALYSIS,SWR-DATA-003;SWR-ANA-001,,静态分析与组件级验证,已按实现建立基线
FUN-BE25278D2D,UNIT-7FAAA8EDCA,src/analysis/technical_context.py,392,_rank_ict_events,internal,"(analysis: TimeframeAnalysis, *, limit: int)",`analysis`（TimeframeAnalysis）：当前分析结果；`limit`（int）：返回或处理数量上限,"返回 `list[dict[str, Any]]` 类型结果","构建`rank_ict_events`；返回 `list[dict[str, Any]]` 类型结果。",按源码执行顺序经过 `sorted` → `priority.get` → `lower`；不包含显式控制分支。,调用方提供满足参数类型、取值语义和默认值约定的输入；所属软件单元已经初始化并满足关联需求约束,"返回 `list[dict[str, Any]]` 类型结果；静态扫描未发现直接外部副作用",未发现显式 raise,未检测到直接副作用,在调用方线程同步执行,sorted;priority.get;lower;str,0,16,low,ARC-ANALYSIS,SWR-DATA-003;SWR-ANA-001,,静态分析与组件级验证,已按实现建立基线
FUN-4A23106463,UNIT-7FAAA8EDCA,src/analysis/technical_context.py,410,_level_kind,internal,"(price: float, level: float)",`price`（float）：当前或待评估价格；`level`（float）：候选价格水平,返回 `str` 类型结果,生成`level_kind`文本；返回 `str` 类型结果。,直接通过表达式、字段访问或常量完成处理；包含 2 个条件、循环、异常或模式匹配分支，分支结果汇入返回或状态更新。,调用方提供满足参数类型、取值语义和默认值约定的输入；所属软件单元已经初始化并满足关联需求约束,返回 `str` 类型结果；静态扫描未发现直接外部副作用,未发现显式 raise,未检测到直接副作用,在调用方线程同步执行,none,2,6,low,ARC-ANALYSIS,SWR-DATA-003;SWR-ANA-001,,静态分析与组件级验证,已按实现建立基线
FUN-41C768D621,UNIT-7FAAA8EDCA,src/analysis/technical_context.py,418,_zone_kind,internal,"(price: float, low: float, high: float, preferred: str)",`price`（float）：当前或待评估价格；`low`（float）：最低价序列或下界；`high`（float）：最高价序列或上界；`preferred`（str）：由 `preferred` 表示的文本或标识,返回 `str` 类型结果,生成`zone_kind`文本；返回 `str` 类型结果。,直接通过表达式、字段访问或常量完成处理；包含 3 个条件、循环、异常或模式匹配分支，分支结果汇入返回或状态更新。,调用方提供满足参数类型、取值语义和默认值约定的输入；所属软件单元已经初始化并满足关联需求约束,返回 `str` 类型结果；静态扫描未发现直接外部副作用,未发现显式 raise,未检测到直接副作用,在调用方线程同步执行,none,3,8,low,ARC-ANALYSIS,SWR-DATA-003;SWR-ANA-001,,静态分析与组件级验证,已按实现建立基线
FUN-C48FB80201,UNIT-7FAAA8EDCA,src/analysis/technical_context.py,428,_dedupe_levels,internal,"(levels: list[dict[str, Any]])","`levels`（list[dict[str, Any]]）：候选价格水平集合","返回 `list[dict[str, Any]]` 类型结果","去重`levels`；返回 `list[dict[str, Any]]` 类型结果。",按源码执行顺序经过 `round` → `best.get` → `best.values`；包含 2 个条件、循环、异常或模式匹配分支，分支结果汇入返回或状态更新。,调用方提供满足参数类型、取值语义和默认值约定的输入；所属软件单元已经初始化并满足关联需求约束,"返回 `list[dict[str, Any]]` 类型结果；静态扫描未发现直接外部副作用",未发现显式 raise,未检测到直接副作用,在调用方线程同步执行,str;round;float;best.get;list;best.values,2,8,low,ARC-ANALYSIS,SWR-DATA-003;SWR-ANA-001,,静态分析与组件级验证,已按实现建立基线
FUN-7354A02BCE,UNIT-EBF42549F9,src/analysis/tf_snapshot.py,12,_newest_events,internal,"(events: list[StructureEvent], *, kind: str, limit: int=SNAPSHOT_LIMIT)",`events`（list[StructureEvent]）：事件集合；`kind`（str）：类别标识；`limit`（int）：返回或处理数量上限；默认值 `SNAPSHOT_LIMIT`,返回 `list[StructureEvent]` 类型结果,构建`newest_events`；返回 `list[StructureEvent]` 类型结果。,按源码执行顺序经过 `matched.sort`；不包含显式控制分支。,调用方提供满足参数类型、取值语义和默认值约定的输入；所属软件单元已经初始化并满足关联需求约束,返回 `list[StructureEvent]` 类型结果；静态扫描未发现直接外部副作用,未发现显式 raise,未检测到直接副作用,在调用方线程同步执行,matched.sort,0,9,low,ARC-ANALYSIS,SWR-DATA-003;SWR-ANA-001,,静态分析与组件级验证,已按实现建立基线
FUN-A7616824F7,UNIT-EBF42549F9,src/analysis/tf_snapshot.py,23,_serialize_event,internal,(event: StructureEvent),`event`（StructureEvent）：事件对象,"返回 `dict[str, Any]` 类型结果","序列化`event`；返回 `dict[str, Any]` 类型结果。",按源码执行顺序经过 `round`；包含 2 个条件、循环、异常或模式匹配分支，分支结果汇入返回或状态更新。,调用方提供满足参数类型、取值语义和默认值约定的输入；所属软件单元已经初始化并满足关联需求约束,"返回 `dict[str, Any]` 类型结果；静态扫描未发现直接外部副作用",未发现显式 raise,未检测到直接副作用,在调用方线程同步执行,round;float,2,10,low,ARC-ANALYSIS,SWR-DATA-003;SWR-ANA-001,,静态分析与组件级验证,已按实现建立基线
FUN-6DEDB23061,UNIT-EBF42549F9,src/analysis/tf_snapshot.py,35,_strong_weak_high_low,internal,"(trend: str, swing_high: float | None, swing_low: float | None)",`trend`（str）：由 `trend` 表示的文本或标识；`swing_high`（float | None）：摆动高点价格；`swing_low`（float | None）：摆动低点价格,"返回 `dict[str, float | None]` 类型结果","构建`strong_weak_high_low`；返回 `dict[str, float | None]` 类型结果。",直接通过表达式、字段访问或常量完成处理；包含 2 个条件、循环、异常或模式匹配分支，分支结果汇入返回或状态更新。,调用方提供满足参数类型、取值语义和默认值约定的输入；所属软件单元已经初始化并满足关联需求约束,"返回 `dict[str, float | None]` 类型结果；静态扫描未发现直接外部副作用",未发现显式 raise,未检测到直接副作用,在调用方线程同步执行,none,2,25,low,ARC-ANALYSIS,SWR-DATA-003;SWR-ANA-001,,静态分析与组件级验证,已按实现建立基线
FUN-C91F12310A,UNIT-EBF42549F9,src/analysis/tf_snapshot.py,62,build_tf_snapshot,public,(analysis: TimeframeAnalysis),`analysis`（TimeframeAnalysis）：当前分析结果,"返回 `dict[str, Any]` 类型结果","构建`tf_snapshot`；返回 `dict[str, Any]` 类型结果。",按源码执行顺序经过 `_newest_events` → `_strong_weak_high_low` → `_serialize_event`；不包含显式控制分支。,调用方提供满足参数类型、取值语义和默认值约定的输入；所属软件单元已经初始化并满足关联需求约束,"返回 `dict[str, Any]` 类型结果；静态扫描未发现直接外部副作用",未发现显式 raise,未检测到直接副作用,在调用方线程同步执行,_newest_events;_strong_weak_high_low;_serialize_event,0,28,medium,ARC-ANALYSIS,SWR-DATA-003;SWR-ANA-001,tests/unit/test_tf_snapshot.py,直接动态测试,已按实现建立基线
FUN-F4D8FFCBF2,UNIT-F43788FE2B,src/config.py,9,_load_dotenv,internal,(),无显式输入参数,无返回值（None）,加载.env 环境变量；可能影响共享状态；无返回值（None）。,按源码执行顺序经过 `resolve` → `Path` → `env_path.exists` → `splitlines` → `env_path.read_text` → `line.strip` → `line.startswith` → `line.split`；包含 3 个条件、循环、异常或模式匹配分支，分支结果汇入返回或状态更新。,无需调用方提供显式参数；所属软件单元已经初始化并满足关联需求约束,无返回值（None）；可观察变化限于共享状态,未发现显式 raise,共享状态变更,在调用方线程同步执行,resolve;Path;env_path.exists;splitlines;env_path.read_text;line.strip;line.startswith;line.split;os.environ.setdefault;key.strip;value.strip,3,10,low,ARC-CORE,SWR-CORE-001;SWR-CORE-002;SWR-REP-001;SWR-ARC-001;SWR-NFR-002,,静态分析与组件级验证,已按实现建立基线
FUN-9EB4BEC26A,UNIT-F43788FE2B,src/config.py,104,short_model_name,public,(model: str),`model`（str）：模型名称或模型对象,返回 `str` 类型结果,生成`short_model_name`文本；返回 `str` 类型结果。,按源码执行顺序经过 `model.split`；包含 1 个条件、循环、异常或模式匹配分支，分支结果汇入返回或状态更新。,调用方提供满足参数类型、取值语义和默认值约定的输入；所属软件单元已经初始化并满足关联需求约束,返回 `str` 类型结果；静态扫描未发现直接外部副作用,未发现显式 raise,未检测到直接副作用,在调用方线程同步执行,model.split,1,2,medium,ARC-CORE,SWR-CORE-001;SWR-CORE-002;SWR-REP-001;SWR-ARC-001;SWR-NFR-002,,静态分析与组件级验证,已按实现建立基线
FUN-55232B8FBE,UNIT-F43788FE2B,src/config.py,108,llm_provider_extra_payload,public,"(*, model: str | None=None)",`model`（str | None）：模型名称或模型对象；默认值 `None`,"返回 `dict[str, object]` 类型结果","构建`llm_provider_extra_payload`；返回 `dict[str, object]` 类型结果。",按源码执行顺序经过 `lower` → `LLM_BASE_URL.lower` → `strip` → `os.getenv`；包含 3 个条件、循环、异常或模式匹配分支，分支结果汇入返回或状态更新。,调用方提供满足参数类型、取值语义和默认值约定的输入；所属软件单元已经初始化并满足关联需求约束,"返回 `dict[str, object]` 类型结果；静态扫描未发现直接外部副作用",未发现显式 raise,未检测到直接副作用,在调用方线程同步执行,lower;LLM_BASE_URL.lower;strip;os.getenv,3,13,medium,ARC-CORE,SWR-CORE-001;SWR-CORE-002;SWR-REP-001;SWR-ARC-001;SWR-NFR-002,tests/unit/test_llm_config.py,直接动态测试,已按实现建立基线
FUN-0B6E09D42E,UNIT-AA59BF5421,src/core/orchestrator.py,27,run_advice_pipeline,public,(),无显式输入参数,"返回 `tuple[dict, dict, dict]` 类型结果","执行`advice_pipeline`；可能影响外部接口、共享状态；返回 `tuple[dict, dict, dict]` 类型结果。",按源码执行顺序经过 `begin_pipeline_run` → `get_progress` → `fetch_market_data` → `publish_external_snapshot` → `prog.start` → `run_parallel` → `enrich` → `raw.items`；包含 4 个条件、循环、异常或模式匹配分支，分支结果汇入返回或状态更新。,无需调用方提供显式参数；所属软件单元已经初始化并满足关联需求约束；外部客户端、凭据、网络和超时策略已按运行配置准备,"返回 `tuple[dict, dict, dict]` 类型结果；可观察变化限于外部接口、共享状态",未发现显式 raise,外部接口 I/O；共享状态变更,在调用方线程同步执行,begin_pipeline_run;get_progress;fetch_market_data;publish_external_snapshot;prog.start;run_parallel;enrich;raw.items;prog.done;analyze_timeframe;assemble_market_context;log.info;build_advice_packet;normalized;get_run_config;enhance_advice;log.warning;prog.stage_io;json.dumps;ctx.to_dict,4,80,high,ARC-CORE,SWR-CORE-001;SWR-CORE-002;SWR-REP-001;SWR-ARC-001;SWR-NFR-002,tests/unit/test_advice_architecture_smoke.py,直接动态测试,已按实现建立基线
FUN-67D665990E,UNIT-AA59BF5421,src/core/orchestrator.py,110,run_trade_agent_pipeline,public,(),无显式输入参数,"返回 `tuple[dict, dict, dict]` 类型结果","执行交易分析 Agent 完整流水线；返回 `tuple[dict, dict, dict]` 类型结果。",按源码执行顺序经过 `run_advice_pipeline`；不包含显式控制分支。,无需调用方提供显式参数；所属软件单元已经初始化并满足关联需求约束,"返回 `tuple[dict, dict, dict]` 类型结果；静态扫描未发现直接外部副作用",未发现显式 raise,未检测到直接副作用,在调用方线程同步执行,run_advice_pipeline,0,2,high,ARC-CORE,SWR-CORE-001;SWR-CORE-002;SWR-REP-001;SWR-ARC-001;SWR-NFR-002,,静态分析与组件级验证,已按实现建立基线
FUN-DD1340F890,UNIT-D0BEC20560,src/core/orchestrator_hooks.py,15,begin_pipeline_run,public,(),无显式输入参数,"返回 `tuple[str, float]` 类型结果","执行`begin_pipeline`；返回 `tuple[str, float]` 类型结果。",按源码执行顺序经过 `allocate_run_id` → `set_current_run_id` → `log.info` → `time.perf_counter`；不包含显式控制分支。,无需调用方提供显式参数；所属软件单元已经初始化并满足关联需求约束,"返回 `tuple[str, float]` 类型结果；静态扫描未发现直接外部副作用",未发现显式 raise,未检测到直接副作用,在调用方线程同步执行,allocate_run_id;set_current_run_id;log.info;time.perf_counter,0,7,high,ARC-CORE,SWR-CORE-001;SWR-CORE-002;SWR-REP-001;SWR-ARC-001;SWR-NFR-002,tests/unit/test_orchestrator_hooks.py,直接动态测试,已按实现建立基线
FUN-06F77B71CB,UNIT-D0BEC20560,src/core/orchestrator_hooks.py,24,fetch_market_data,public,(),无显式输入参数,返回 `DataFetchResult` 类型结果,获取`market_data`；可能影响外部接口；返回 `DataFetchResult` 类型结果。,按源码执行顺序经过 `fetch_all_data`；不包含显式控制分支。,无需调用方提供显式参数；所属软件单元已经初始化并满足关联需求约束；外部客户端、凭据、网络和超时策略已按运行配置准备,返回 `DataFetchResult` 类型结果；可观察变化限于外部接口,未发现显式 raise,外部接口 I/O,在调用方线程同步执行,fetch_all_data,0,2,high,ARC-CORE,SWR-CORE-001;SWR-CORE-002;SWR-REP-001;SWR-ARC-001;SWR-NFR-002,tests/unit/test_orchestrator_hooks.py,直接动态测试,已按实现建立基线
FUN-D2656C49EA,UNIT-D0BEC20560,src/core/orchestrator_hooks.py,28,publish_external_snapshot,public,"(fetched: DataFetchResult, prog: Any)",`fetched`（DataFetchResult）：数据获取结果；`prog`（Any）：由调用方提供的 `prog` 输入对象,无返回值（None）,发布`external_snapshot`；无返回值（None）。,按源码执行顺序经过 `prog.set_external_snapshot` → `external_snapshot_from_fetch`；不包含显式控制分支。,调用方提供满足参数类型、取值语义和默认值约定的输入；所属软件单元已经初始化并满足关联需求约束,无返回值（None）；静态扫描未发现直接外部副作用,未发现显式 raise,未检测到直接副作用,在调用方线程同步执行,prog.set_external_snapshot;external_snapshot_from_fetch,0,4,medium,ARC-CORE,SWR-CORE-001;SWR-CORE-002;SWR-REP-001;SWR-ARC-001;SWR-NFR-002,tests/unit/test_orchestrator_hooks.py,直接动态测试,已按实现建立基线
FUN-E9AB4F388F,UNIT-D0BEC20560,src/core/orchestrator_hooks.py,34,finalize_pipeline_archive,public,"(run_id: str, *, fetched: DataFetchResult, report: dict[str, Any], enriched: dict, analyses: dict, elapsed_s: float, run_config: RunConfig | None=None)","`run_id`（str）：对象标识；`fetched`（DataFetchResult）：数据获取结果；`report`（dict[str, Any]）：分析报告；`enriched`（dict）：已补充指标的行情数据；`analyses`（dict）：各时间框架分析结果；`elapsed_s`（float）：由 `elapsed_s` 表示的数值参数；`run_config`（RunConfig | None）：运行配置；默认值 `None`",无返回值（None）,归档`finalize_pipeline`；无返回值（None）。,按源码执行顺序经过 `normalized` → `get_run_config` → `archive_run`；不包含显式控制分支。,调用方提供满足参数类型、取值语义和默认值约定的输入；所属软件单元已经初始化并满足关联需求约束,无返回值（None）；静态扫描未发现直接外部副作用,未发现显式 raise,未检测到直接副作用,在调用方线程同步执行,normalized;get_run_config;archive_run,0,20,high,ARC-CORE,SWR-CORE-001;SWR-CORE-002;SWR-REP-001;SWR-ARC-001;SWR-NFR-002,tests/unit/test_orchestrator_hooks.py,直接动态测试,已按实现建立基线
FUN-121EA3A282,UNIT-D85010DCA2,src/core/parallel.py,20,ParallelTaskError.__init__,internal,"(self, errors: dict[str, BaseException])","`errors`（dict[str, BaseException]）：由 `errors` 表示的键值映射",无返回值（None）,初始化当前类实例并建立字段约束；无返回值（None）。,按源码执行顺序经过 `join` → `sorted` → `__init__` → `super`；不包含显式控制分支。,调用方提供满足参数类型、取值语义和默认值约定的输入；所属软件单元已经初始化并满足关联需求约束,无返回值（None）；静态扫描未发现直接外部副作用,未发现显式 raise,未检测到直接副作用,在调用方线程同步执行,join;sorted;__init__;super,0,4,low,ARC-CORE,SWR-CORE-001;SWR-CORE-002;SWR-REP-001;SWR-ARC-001;SWR-NFR-002,,静态分析与组件级验证,已按实现建立基线
FUN-F68413BB73,UNIT-D85010DCA2,src/core/parallel.py,26,run_parallel,public,"(tasks: list[tuple[str, Callable[[], T]]], *, max_workers: int, label: str='', raise_on_error: bool=False)","`tasks`（list[tuple[str, Callable[[], T]]]）：调用方提供的回调函数；`max_workers`（int）：由 `max_workers` 表示的数值参数；`label`（str）：展示或分类标签；默认值 `''`；`raise_on_error`（bool）：错误信息或异常对象；默认值 `False`","返回 `dict[str, T]` 类型结果","执行`parallel`；返回 `dict[str, T]` 类型结果。",按源码执行顺序经过 `max` → `min` → `fn` → `worker_ctx.run` → `ThreadPoolExecutor` → `pool.submit` → `contextvars.copy_context` → `as_completed`；包含 7 个条件、循环、异常或模式匹配分支，分支结果汇入返回或状态更新。,调用方提供满足参数类型、取值语义和默认值约定的输入；所属软件单元已经初始化并满足关联需求约束,"返回 `dict[str, T]` 类型结果；静态扫描未发现直接外部副作用",ParallelTaskError,未检测到直接副作用,在调用方线程同步执行,max;min;len;fn;worker_ctx.run;ThreadPoolExecutor;pool.submit;contextvars.copy_context;as_completed;future.result;log.warning;ParallelTaskError,7,49,medium,ARC-CORE,SWR-CORE-001;SWR-CORE-002;SWR-REP-001;SWR-ARC-001;SWR-NFR-002,tests/unit/test_parallel.py,直接动态测试,已按实现建立基线
FUN-554230EFC2,UNIT-D85010DCA2,src/core/parallel.py,46,run_parallel._run,internal,"(name: str, fn: Callable[[], T], worker_ctx: contextvars.Context)","`name`（str）：对象名称；`fn`（Callable[[], T]）：调用方提供的回调函数；`worker_ctx`（contextvars.Context）：运行上下文","返回 `tuple[str, T | None, BaseException | None]` 类型结果","执行当前处理流程；返回 `tuple[str, T | None, BaseException | None]` 类型结果。",按源码执行顺序经过 `worker_ctx.run`；包含 1 个条件、循环、异常或模式匹配分支，分支结果汇入返回或状态更新。,调用方提供满足参数类型、取值语义和默认值约定的输入；所属软件单元已经初始化并满足关联需求约束,"返回 `tuple[str, T | None, BaseException | None]` 类型结果；静态扫描未发现直接外部副作用",未发现显式 raise,未检测到直接副作用,在调用方线程同步执行,worker_ctx.run,1,9,low,ARC-CORE,SWR-CORE-001;SWR-CORE-002;SWR-REP-001;SWR-ARC-001;SWR-NFR-002,,静态分析与组件级验证,已按实现建立基线
FUN-E6E1BB921A,UNIT-0DC607AB64,src/core/progress.py,29,PipelineProgressState.to_dict,public,(self),无显式输入参数,"返回 `list[dict[str, Any]]` 类型结果","将当前对象转换为可序列化字典；返回 `list[dict[str, Any]]` 类型结果。",直接通过表达式、字段访问或常量完成处理；不包含显式控制分支。,无需调用方提供显式参数；所属软件单元已经初始化并满足关联需求约束,"返回 `list[dict[str, Any]]` 类型结果；静态扫描未发现直接外部副作用",未发现显式 raise,未检测到直接副作用,在调用方线程同步执行,none,0,11,high,ARC-CORE,SWR-CORE-001;SWR-CORE-002;SWR-REP-001;SWR-ARC-001;SWR-NFR-002,tests/unit/test_run_config.py,直接动态测试,已按实现建立基线
FUN-15A8181C39,UNIT-0DC607AB64,src/core/progress.py,66,LLMIORecord.to_dict,public,(self),无显式输入参数,"返回 `dict[str, Any]` 类型结果","将当前对象转换为可序列化字典；返回 `dict[str, Any]` 类型结果。",直接通过表达式、字段访问或常量完成处理；不包含显式控制分支。,无需调用方提供显式参数；所属软件单元已经初始化并满足关联需求约束,"返回 `dict[str, Any]` 类型结果；静态扫描未发现直接外部副作用",未发现显式 raise,未检测到直接副作用,在调用方线程同步执行,list,0,23,medium,ARC-CORE,SWR-CORE-001;SWR-CORE-002;SWR-REP-001;SWR-ARC-001;SWR-NFR-002,tests/unit/test_run_config.py,直接动态测试,已按实现建立基线
FUN-CB609DA8DC,UNIT-0DC607AB64,src/core/progress.py,105,ProgressReporter.__init__,internal,(self),无显式输入参数,无返回值（None）,初始化当前类实例并建立字段约束；可能影响共享状态；无返回值（None）。,按源码执行顺序经过 `PipelineProgressState` → `threading.RLock`；不包含显式控制分支。,无需调用方提供显式参数；所属软件单元已经初始化并满足关联需求约束,无返回值（None）；可观察变化限于共享状态,未发现显式 raise,共享状态变更,在调用方线程同步执行,PipelineProgressState;threading.RLock,0,5,low,ARC-CORE,SWR-CORE-001;SWR-CORE-002;SWR-REP-001;SWR-ARC-001;SWR-NFR-002,,静态分析与组件级验证,已按实现建立基线
FUN-71A259922F,UNIT-0DC607AB64,src/core/progress.py,111,ProgressReporter.set_external_snapshot,public,"(self, data: dict[str, Any])","`data`（dict[str, Any]）：输入数据",无返回值（None）,执行`set_external_snapshot`处理；无返回值（None）。,按源码执行顺序经过 `self._on_change`；不包含显式控制分支。,调用方提供满足参数类型、取值语义和默认值约定的输入；所属软件单元已经初始化并满足关联需求约束,无返回值（None）；静态扫描未发现直接外部副作用,未发现显式 raise,未检测到直接副作用,在调用方线程同步执行,self._on_change,0,3,medium,ARC-CORE,SWR-CORE-001;SWR-CORE-002;SWR-REP-001;SWR-ARC-001;SWR-NFR-002,tests/unit/test_orchestrator_hooks.py,直接动态测试,已按实现建立基线
FUN-EF0AC17BF3,UNIT-0DC607AB64,src/core/progress.py,115,ProgressReporter.start,public,"(self, step_id: str, label: str, detail: str='')",`step_id`（str）：对象标识；`label`（str）：展示或分类标签；`detail`（str）：详细说明文本；默认值 `''`,无返回值（None）,启动当前任务；可能影响共享状态；无返回值（None）。,按源码执行顺序经过 `self._finish_all_running` → `PipelineProgressStep` → `time.perf_counter` → `self.state.steps.append` → `self._on_change`；不包含显式控制分支。,调用方提供满足参数类型、取值语义和默认值约定的输入；所属软件单元已经初始化并满足关联需求约束,无返回值（None）；可观察变化限于共享状态,未发现显式 raise,共享状态变更,在调用方线程同步执行,self._finish_all_running;PipelineProgressStep;time.perf_counter;self.state.steps.append;self._on_change,0,7,medium,ARC-CORE,SWR-CORE-001;SWR-CORE-002;SWR-REP-001;SWR-ARC-001;SWR-NFR-002,tests/regression/test_doc_pipeline_sync.py;tests/unit/test_archive_transfer.py;tests/unit/test_pipeline_progress_headline.py;tests/unit/test_progress.py;tests/unit/test_tradingview_retry.py,直接动态测试,已按实现建立基线
FUN-A57D337B7D,UNIT-0DC607AB64,src/core/progress.py,123,ProgressReporter.start_sibling,public,"(self, step_id: str, label: str, detail: str='')",`step_id`（str）：对象标识；`label`（str）：展示或分类标签；`detail`（str）：详细说明文本；默认值 `''`,无返回值（None）,启动`sibling`；可能影响共享状态；无返回值（None）。,按源码执行顺序经过 `PipelineProgressStep` → `time.perf_counter` → `self.state.steps.append` → `self._on_change`；不包含显式控制分支。,调用方提供满足参数类型、取值语义和默认值约定的输入；所属软件单元已经初始化并满足关联需求约束,无返回值（None）；可观察变化限于共享状态,未发现显式 raise,共享状态变更,在调用方线程同步执行,PipelineProgressStep;time.perf_counter;self.state.steps.append;self._on_change,0,7,medium,ARC-CORE,SWR-CORE-001;SWR-CORE-002;SWR-REP-001;SWR-ARC-001;SWR-NFR-002,tests/unit/test_pipeline_progress_headline.py,直接动态测试,已按实现建立基线
FUN-F4408A209B,UNIT-0DC607AB64,src/core/progress.py,131,ProgressReporter.update,public,"(self, step_id: str, *, detail: str | None=None, label: str | None=None)",`step_id`（str）：对象标识；`detail`（str | None）：详细说明文本；默认值 `None`；`label`（str | None）：展示或分类标签；默认值 `None`,无返回值（None）,更新当前状态；无返回值（None）。,按源码执行顺序经过 `self._find` → `self._on_change`；包含 3 个条件、循环、异常或模式匹配分支，分支结果汇入返回或状态更新。,调用方提供满足参数类型、取值语义和默认值约定的输入；所属软件单元已经初始化并满足关联需求约束,无返回值（None）；静态扫描未发现直接外部副作用,未发现显式 raise,未检测到直接副作用,在调用方线程同步执行,self._find;self._on_change,3,9,medium,ARC-CORE,SWR-CORE-001;SWR-CORE-002;SWR-REP-001;SWR-ARC-001;SWR-NFR-002,tests/regression/test_doc_pipeline_sync.py,直接动态测试,已按实现建立基线
FUN-5E62A87F3A,UNIT-0DC607AB64,src/core/progress.py,141,ProgressReporter.done,public,"(self, step_id: str, detail: str='')",`step_id`（str）：对象标识；`detail`（str）：详细说明文本；默认值 `''`,无返回值（None）,执行`done`处理；无返回值（None）。,按源码执行顺序经过 `self._find` → `self._elapsed_since_step_start` → `self._on_change`；包含 2 个条件、循环、异常或模式匹配分支，分支结果汇入返回或状态更新。,调用方提供满足参数类型、取值语义和默认值约定的输入；所属软件单元已经初始化并满足关联需求约束,无返回值（None）；静态扫描未发现直接外部副作用,未发现显式 raise,未检测到直接副作用,在调用方线程同步执行,self._find;self._elapsed_since_step_start;self._on_change,2,9,medium,ARC-CORE,SWR-CORE-001;SWR-CORE-002;SWR-REP-001;SWR-ARC-001;SWR-NFR-002,tests/unit/test_archive_compat.py;tests/unit/test_live_progress_ui.py;tests/unit/test_pipeline_progress_headline.py;tests/unit/test_run_archive.py;tests/unit/test_streamlit_ensure_report.py,直接动态测试,已按实现建立基线
FUN-59B596D460,UNIT-0DC607AB64,src/core/progress.py,151,ProgressReporter.fail,public,"(self, step_id: str, detail: str='')",`step_id`（str）：对象标识；`detail`（str）：详细说明文本；默认值 `''`,无返回值（None）,执行`fail`处理；无返回值（None）。,按源码执行顺序经过 `self._find` → `self._elapsed_since_step_start` → `self._on_change`；包含 1 个条件、循环、异常或模式匹配分支，分支结果汇入返回或状态更新。,调用方提供满足参数类型、取值语义和默认值约定的输入；所属软件单元已经初始化并满足关联需求约束,无返回值（None）；静态扫描未发现直接外部副作用,未发现显式 raise,未检测到直接副作用,在调用方线程同步执行,self._find;self._elapsed_since_step_start;self._on_change,1,8,medium,ARC-CORE,SWR-CORE-001;SWR-CORE-002;SWR-REP-001;SWR-ARC-001;SWR-NFR-002,tests/unit/test_archive_transfer.py;tests/unit/test_llm_stage_policy.py,直接动态测试,已按实现建立基线
FUN-1F365C723B,UNIT-0DC607AB64,src/core/progress.py,160,ProgressReporter.skip,public,"(self, step_id: str, label: str, detail: str='')",`step_id`（str）：对象标识；`label`（str）：展示或分类标签；`detail`（str）：详细说明文本；默认值 `''`,无返回值（None）,执行`skip`处理；可能影响共享状态；无返回值（None）。,按源码执行顺序经过 `self.state.steps.append` → `PipelineProgressStep` → `self._on_change`；不包含显式控制分支。,调用方提供满足参数类型、取值语义和默认值约定的输入；所属软件单元已经初始化并满足关联需求约束,无返回值（None）；可观察变化限于共享状态,未发现显式 raise,共享状态变更,在调用方线程同步执行,self.state.steps.append;PipelineProgressStep;self._on_change,0,5,medium,ARC-CORE,SWR-CORE-001;SWR-CORE-002;SWR-REP-001;SWR-ARC-001;SWR-NFR-002,tests/integration/test_external_apis.py,直接动态测试,已按实现建立基线
FUN-40FA2599E6,UNIT-0DC607AB64,src/core/progress.py,166,ProgressReporter.snapshot,public,(self),无显式输入参数,"返回 `list[dict[str, Any]]` 类型结果","构建`snapshot`；返回 `list[dict[str, Any]]` 类型结果。",按源码执行顺序经过 `self.state.to_dict`；不包含显式控制分支。,无需调用方提供显式参数；所属软件单元已经初始化并满足关联需求约束,"返回 `list[dict[str, Any]]` 类型结果；静态扫描未发现直接外部副作用",未发现显式 raise,未检测到直接副作用,在调用方线程同步执行,self.state.to_dict,0,2,medium,ARC-CORE,SWR-CORE-001;SWR-CORE-002;SWR-REP-001;SWR-ARC-001;SWR-NFR-002,tests/integration/test_external_apis.py;tests/unit/test_indicators.py;tests/unit/test_module_sync_telemetry.py;tests/unit/test_orchestrator_hooks.py;tests/unit/test_progress.py;tests/unit/test_tradingview_retry.py,直接动态测试,已按实现建立基线
FUN-0CB129FF59,UNIT-0DC607AB64,src/core/progress.py,169,ProgressReporter.llm_io_snapshot,public,(self),无显式输入参数,"返回 `list[dict[str, Any]]` 类型结果","构建`llm_io_snapshot`；返回 `list[dict[str, Any]]` 类型结果。",按源码执行顺序经过 `r.to_dict`；不包含显式控制分支。,无需调用方提供显式参数；所属软件单元已经初始化并满足关联需求约束,"返回 `list[dict[str, Any]]` 类型结果；静态扫描未发现直接外部副作用",未发现显式 raise,未检测到直接副作用,在调用方线程同步执行,r.to_dict,0,3,medium,ARC-CORE,SWR-CORE-001;SWR-CORE-002;SWR-REP-001;SWR-ARC-001;SWR-NFR-002,tests/unit/test_llm_stage_policy.py;tests/unit/test_module_sync_telemetry.py;tests/unit/test_progress.py,直接动态测试,已按实现建立基线
FUN-2B8326FBCD,UNIT-0DC607AB64,src/core/progress.py,173,ProgressReporter.stage_io,public,"(self, stage: str, *, input_text: str, output_text: str, latency_ms: int | None=None, label: str | None=None)",`stage`（str）：流水线或 Agent 阶段标识；`input_text`（str）：输入文本；`output_text`（str）：输入文本；`latency_ms`（int | None）：延迟毫秒数；默认值 `None`；`label`（str | None）：展示或分类标签；默认值 `None`,无返回值（None）,执行阶段输入输出遥测处理；无返回值（None）。,按源码执行顺序经过 `STAGE_LABELS.get` → `self.llm_io.append` → `LLMIORecord`；不包含显式控制分支。,调用方提供满足参数类型、取值语义和默认值约定的输入；所属软件单元已经初始化并满足关联需求约束,无返回值（None）；静态扫描未发现直接外部副作用,未发现显式 raise,未检测到直接副作用,在调用方线程同步执行,STAGE_LABELS.get;self.llm_io.append;LLMIORecord,0,23,medium,ARC-CORE,SWR-CORE-001;SWR-CORE-002;SWR-REP-001;SWR-ARC-001;SWR-NFR-002,,静态分析与组件级验证,已按实现建立基线
FUN-776EA31038,UNIT-0DC607AB64,src/core/progress.py,197,ProgressReporter.llm_begin,public,"(self, stage: str, model: str, messages: list[dict[str, str]], *, telemetry: dict[str, Any] | None=None)","`stage`（str）：流水线或 Agent 阶段标识；`model`（str）：模型名称或模型对象；`messages`（list[dict[str, str]]）：消息序列；`telemetry`（dict[str, Any] | None）：遥测记录；默认值 `None`",无返回值（None）,执行`llm_begin`处理；无返回值（None）。,按源码执行顺序经过 `STAGE_LABELS.get` → `self._find_llm` → `tel.get` → `self._apply_telemetry` → `self.llm_io.append` → `self._new_llm_record` → `self._on_llm_begin`；包含 2 个条件、循环、异常或模式匹配分支，分支结果汇入返回或状态更新。,调用方提供满足参数类型、取值语义和默认值约定的输入；所属软件单元已经初始化并满足关联需求约束,无返回值（None）；静态扫描未发现直接外部副作用,未发现显式 raise,未检测到直接副作用,在调用方线程同步执行,STAGE_LABELS.get;self._find_llm;bool;tel.get;list;self._apply_telemetry;self.llm_io.append;self._new_llm_record;self._on_llm_begin,2,29,medium,ARC-CORE,SWR-CORE-001;SWR-CORE-002;SWR-REP-001;SWR-ARC-001;SWR-NFR-002,tests/unit/test_module_sync_telemetry.py;tests/unit/test_progress.py,直接动态测试,已按实现建立基线
FUN-326C939089,UNIT-0DC607AB64,src/core/progress.py,227,ProgressReporter.llm_note_attempt,public,"(self, stage: str, *, attempt: int, reason: str, error: str | None=None, latency_ms: int | None=None, usage: dict[str, int] | None=None)","`stage`（str）：流水线或 Agent 阶段标识；`attempt`（int）：由 `attempt` 表示的数值参数；`reason`（str）：判定或拒绝原因；`error`（str | None）：错误信息或异常对象；默认值 `None`；`latency_ms`（int | None）：延迟毫秒数；默认值 `None`；`usage`（dict[str, int] | None）：由 `usage` 表示的键值映射；默认值 `None`",无返回值（None）,执行`llm_note_attempt`处理；无返回值（None）。,按源码执行顺序经过 `self._find_llm` → `rec.attempts.append`；包含 2 个条件、循环、异常或模式匹配分支，分支结果汇入返回或状态更新。,调用方提供满足参数类型、取值语义和默认值约定的输入；所属软件单元已经初始化并满足关联需求约束,无返回值（None）；静态扫描未发现直接外部副作用,未发现显式 raise,未检测到直接副作用,在调用方线程同步执行,self._find_llm;dict;rec.attempts.append,2,24,medium,ARC-CORE,SWR-CORE-001;SWR-CORE-002;SWR-REP-001;SWR-ARC-001;SWR-NFR-002,,静态分析与组件级验证,已按实现建立基线
FUN-5665B88765,UNIT-0DC607AB64,src/core/progress.py,252,ProgressReporter.run_llm_stream,public,"(self, stage: str, chunk_iter)",`stage`（str）：流水线或 Agent 阶段标识；`chunk_iter`（实现约定类型）：由调用方提供的 `chunk_iter` 输入对象,返回 `str` 类型结果,执行LLM 流式响应；返回 `str` 类型结果。,按源码执行顺序经过 `parts.append` → `self._on_llm_chunk` → `join`；包含 1 个条件、循环、异常或模式匹配分支，分支结果汇入返回或状态更新。,调用方提供满足参数类型、取值语义和默认值约定的输入；所属软件单元已经初始化并满足关联需求约束,返回 `str` 类型结果；静态扫描未发现直接外部副作用,未发现显式 raise,未检测到直接副作用,在调用方线程同步执行,parts.append;self._on_llm_chunk;join,1,7,medium,ARC-CORE,SWR-CORE-001;SWR-CORE-002;SWR-REP-001;SWR-ARC-001;SWR-NFR-002,,静态分析与组件级验证,已按实现建立基线
FUN-7AC82003DF,UNIT-0DC607AB64,src/core/progress.py,260,ProgressReporter.llm_end,public,"(self, stage: str, output: str, *, error: str | None=None, latency_ms: int | None=None, telemetry: dict[str, Any] | None=None)","`stage`（str）：流水线或 Agent 阶段标识；`output`（str）：输出对象或输出路径；`error`（str | None）：错误信息或异常对象；默认值 `None`；`latency_ms`（int | None）：延迟毫秒数；默认值 `None`；`telemetry`（dict[str, Any] | None）：遥测记录；默认值 `None`",无返回值（None）,执行`llm_end`处理；无返回值（None）。,按源码执行顺序经过 `self._find_llm` → `self._apply_telemetry` → `telemetry.get` → `estimate_text_size` → `self._on_llm_end`；包含 3 个条件、循环、异常或模式匹配分支，分支结果汇入返回或状态更新。,调用方提供满足参数类型、取值语义和默认值约定的输入；所属软件单元已经初始化并满足关联需求约束,无返回值（None）；静态扫描未发现直接外部副作用,未发现显式 raise,未检测到直接副作用,在调用方线程同步执行,self._find_llm;self._apply_telemetry;telemetry.get;estimate_text_size;self._on_llm_end,3,25,medium,ARC-CORE,SWR-CORE-001;SWR-CORE-002;SWR-REP-001;SWR-ARC-001;SWR-NFR-002,tests/unit/test_module_sync_telemetry.py;tests/unit/test_progress.py,直接动态测试,已按实现建立基线
FUN-C39210A2C9,UNIT-0DC607AB64,src/core/progress.py,286,ProgressReporter._new_llm_record,internal,"(self, stage: str, label: str, model: str, messages: list[dict[str, str]], tel: dict[str, Any])","`stage`（str）：流水线或 Agent 阶段标识；`label`（str）：展示或分类标签；`model`（str）：模型名称或模型对象；`messages`（list[dict[str, str]]）：消息序列；`tel`（dict[str, Any]）：由 `tel` 表示的键值映射",返回 `LLMIORecord` 类型结果,生成`new_llm_record`结果；返回 `LLMIORecord` 类型结果。,按源码执行顺序经过 `LLMIORecord` → `self._apply_telemetry`；不包含显式控制分支。,调用方提供满足参数类型、取值语义和默认值约定的输入；所属软件单元已经初始化并满足关联需求约束,返回 `LLMIORecord` 类型结果；静态扫描未发现直接外部副作用,未发现显式 raise,未检测到直接副作用,在调用方线程同步执行,LLMIORecord;list;self._apply_telemetry,0,11,low,ARC-CORE,SWR-CORE-001;SWR-CORE-002;SWR-REP-001;SWR-ARC-001;SWR-NFR-002,,静态分析与组件级验证,已按实现建立基线
FUN-B1D16223B8,UNIT-0DC607AB64,src/core/progress.py,299,ProgressReporter._apply_telemetry,internal,"(rec: LLMIORecord, tel: dict[str, Any])","`rec`（LLMIORecord）：由调用方提供的 `rec` 输入对象；`tel`（dict[str, Any]）：由 `tel` 表示的键值映射",无返回值（None）,应用`telemetry`；无返回值（None）。,直接通过表达式、字段访问或常量完成处理；包含 11 个条件、循环、异常或模式匹配分支，分支结果汇入返回或状态更新。,调用方提供满足参数类型、取值语义和默认值约定的输入；所属软件单元已经初始化并满足关联需求约束,无返回值（None）；静态扫描未发现直接外部副作用,未发现显式 raise,未检测到直接副作用,在调用方线程同步执行,str;int,11,23,medium,ARC-CORE,SWR-CORE-001;SWR-CORE-002;SWR-REP-001;SWR-ARC-001;SWR-NFR-002,,静态分析与组件级验证,已按实现建立基线
FUN-46D50CE2F3,UNIT-0DC607AB64,src/core/progress.py,323,ProgressReporter._find_llm,internal,"(self, stage: str)",`stage`（str）：流水线或 Agent 阶段标识,返回 `LLMIORecord | None` 类型结果,查找`llm`；返回 `LLMIORecord | None` 类型结果。,按源码执行顺序经过 `reversed`；包含 2 个条件、循环、异常或模式匹配分支，分支结果汇入返回或状态更新。,调用方提供满足参数类型、取值语义和默认值约定的输入；所属软件单元已经初始化并满足关联需求约束,返回 `LLMIORecord | None` 类型结果；静态扫描未发现直接外部副作用,未发现显式 raise,未检测到直接副作用,在调用方线程同步执行,reversed,2,5,low,ARC-CORE,SWR-CORE-001;SWR-CORE-002;SWR-REP-001;SWR-ARC-001;SWR-NFR-002,,静态分析与组件级验证,已按实现建立基线
FUN-E72E9180D4,UNIT-0DC607AB64,src/core/progress.py,329,ProgressReporter._on_llm_begin,internal,"(self, stage: str, model: str, messages: list[dict[str, str]], label: str)","`stage`（str）：流水线或 Agent 阶段标识；`model`（str）：模型名称或模型对象；`messages`（list[dict[str, str]]）：消息序列；`label`（str）：展示或分类标签",无返回值（None）,执行`on_llm_begin`处理；无返回值（None）。,直接通过表达式、字段访问或常量完成处理；不包含显式控制分支。,调用方提供满足参数类型、取值语义和默认值约定的输入；所属软件单元已经初始化并满足关联需求约束,无返回值（None）；静态扫描未发现直接外部副作用,未发现显式 raise,未检测到直接副作用,在调用方线程同步执行,none,0,2,low,ARC-CORE,SWR-CORE-001;SWR-CORE-002;SWR-REP-001;SWR-ARC-001;SWR-NFR-002,,静态分析与组件级验证,已按实现建立基线
FUN-F3E1B56237,UNIT-0DC607AB64,src/core/progress.py,332,ProgressReporter._on_llm_chunk,internal,"(self, stage: str, chunk: str)",`stage`（str）：流水线或 Agent 阶段标识；`chunk`（str）：由 `chunk` 表示的文本或标识,无返回值（None）,执行`on_llm_chunk`处理；无返回值（None）。,按源码执行顺序经过 `self._find_llm`；包含 1 个条件、循环、异常或模式匹配分支，分支结果汇入返回或状态更新。,调用方提供满足参数类型、取值语义和默认值约定的输入；所属软件单元已经初始化并满足关联需求约束,无返回值（None）；静态扫描未发现直接外部副作用,未发现显式 raise,未检测到直接副作用,在调用方线程同步执行,self._find_llm,1,5,low,ARC-CORE,SWR-CORE-001;SWR-CORE-002;SWR-REP-001;SWR-ARC-001;SWR-NFR-002,tests/unit/test_progress.py,直接动态测试,已按实现建立基线
FUN-2246070CD9,UNIT-0DC607AB64,src/core/progress.py,338,ProgressReporter._on_llm_end,internal,"(self, stage: str, output: str, *, error: str | None=None)",`stage`（str）：流水线或 Agent 阶段标识；`output`（str）：输出对象或输出路径；`error`（str | None）：错误信息或异常对象；默认值 `None`,无返回值（None）,执行`on_llm_end`处理；无返回值（None）。,直接通过表达式、字段访问或常量完成处理；不包含显式控制分支。,调用方提供满足参数类型、取值语义和默认值约定的输入；所属软件单元已经初始化并满足关联需求约束,无返回值（None）；静态扫描未发现直接外部副作用,未发现显式 raise,未检测到直接副作用,在调用方线程同步执行,none,0,2,low,ARC-CORE,SWR-CORE-001;SWR-CORE-002;SWR-REP-001;SWR-ARC-001;SWR-NFR-002,,静态分析与组件级验证,已按实现建立基线
FUN-56D0F4CA20,UNIT-0DC607AB64,src/core/progress.py,341,ProgressReporter._find,internal,"(self, step_id: str)",`step_id`（str）：对象标识,返回 `PipelineProgressStep | None` 类型结果,查找当前对象；返回 `PipelineProgressStep | None` 类型结果。,按源码执行顺序经过 `reversed`；包含 2 个条件、循环、异常或模式匹配分支，分支结果汇入返回或状态更新。,调用方提供满足参数类型、取值语义和默认值约定的输入；所属软件单元已经初始化并满足关联需求约束,返回 `PipelineProgressStep | None` 类型结果；静态扫描未发现直接外部副作用,未发现显式 raise,未检测到直接副作用,在调用方线程同步执行,reversed,2,5,low,ARC-CORE,SWR-CORE-001;SWR-CORE-002;SWR-REP-001;SWR-ARC-001;SWR-NFR-002,,静态分析与组件级验证,已按实现建立基线
FUN-473E5D3FD6,UNIT-0DC607AB64,src/core/progress.py,347,ProgressReporter._finish_all_running,internal,(self),无显式输入参数,无返回值（None）,执行`finish_all_running`处理；无返回值（None）。,按源码执行顺序经过 `self._elapsed_since_step_start`；包含 2 个条件、循环、异常或模式匹配分支，分支结果汇入返回或状态更新。,无需调用方提供显式参数；所属软件单元已经初始化并满足关联需求约束,无返回值（None）；静态扫描未发现直接外部副作用,未发现显式 raise,未检测到直接副作用,在调用方线程同步执行,self._elapsed_since_step_start,2,5,low,ARC-CORE,SWR-CORE-001;SWR-CORE-002;SWR-REP-001;SWR-ARC-001;SWR-NFR-002,,静态分析与组件级验证,已按实现建立基线
FUN-D1368EA00B,UNIT-0DC607AB64,src/core/progress.py,353,ProgressReporter._finish_running,internal,(self),无显式输入参数,无返回值（None）,执行`finish_running`处理；无返回值（None）。,按源码执行顺序经过 `reversed` → `self._elapsed_since_step_start`；包含 2 个条件、循环、异常或模式匹配分支，分支结果汇入返回或状态更新。,无需调用方提供显式参数；所属软件单元已经初始化并满足关联需求约束,无返回值（None）；静态扫描未发现直接外部副作用,未发现显式 raise,未检测到直接副作用,在调用方线程同步执行,reversed;self._elapsed_since_step_start,2,6,low,ARC-CORE,SWR-CORE-001;SWR-CORE-002;SWR-REP-001;SWR-ARC-001;SWR-NFR-002,,静态分析与组件级验证,已按实现建立基线
FUN-592ED31999,UNIT-0DC607AB64,src/core/progress.py,360,ProgressReporter._elapsed_since_step_start,internal,"(self, step: PipelineProgressStep)",`step`（PipelineProgressStep）：由调用方提供的 `step` 输入对象,返回 `int | None` 类型结果,启动`elapsed_since_step`；返回 `int | None` 类型结果。,按源码执行顺序经过 `time.perf_counter`；包含 1 个条件、循环、异常或模式匹配分支，分支结果汇入返回或状态更新。,调用方提供满足参数类型、取值语义和默认值约定的输入；所属软件单元已经初始化并满足关联需求约束,返回 `int | None` 类型结果；静态扫描未发现直接外部副作用,未发现显式 raise,未检测到直接副作用,在调用方线程同步执行,int;time.perf_counter,1,4,low,ARC-CORE,SWR-CORE-001;SWR-CORE-002;SWR-REP-001;SWR-ARC-001;SWR-NFR-002,,静态分析与组件级验证,已按实现建立基线
FUN-5A6A8E27CF,UNIT-0DC607AB64,src/core/progress.py,365,ProgressReporter._on_change,internal,(self),无显式输入参数,无返回值（None）,执行`on_change`处理；无返回值（None）。,直接通过表达式、字段访问或常量完成处理；不包含显式控制分支。,无需调用方提供显式参数；所属软件单元已经初始化并满足关联需求约束,无返回值（None）；静态扫描未发现直接外部副作用,未发现显式 raise,未检测到直接副作用,在调用方线程同步执行,none,0,2,low,ARC-CORE,SWR-CORE-001;SWR-CORE-002;SWR-REP-001;SWR-ARC-001;SWR-NFR-002,,静态分析与组件级验证,已按实现建立基线
FUN-EC9D010CF8,UNIT-0DC607AB64,src/core/progress.py,376,get_progress,public,(),无显式输入参数,返回 `ProgressReporter` 类型结果,获取`progress`；可能影响共享状态；返回 `ProgressReporter` 类型结果。,按源码执行顺序经过 `_progress_ctx.get`；不包含显式控制分支。,无需调用方提供显式参数；所属软件单元已经初始化并满足关联需求约束,返回 `ProgressReporter` 类型结果；可观察变化限于共享状态,未发现显式 raise,共享状态变更,在调用方线程同步执行,_progress_ctx.get,0,2,medium,ARC-CORE,SWR-CORE-001;SWR-CORE-002;SWR-REP-001;SWR-ARC-001;SWR-NFR-002,,静态分析与组件级验证,已按实现建立基线
FUN-6B37902476,UNIT-0DC607AB64,src/core/progress.py,380,set_progress,public,(reporter: ProgressReporter | None),`reporter`（ProgressReporter | None）：由调用方提供的 `reporter` 输入对象,返回实现分支产生的结果（源码未标注类型）,生成`set_progress`结果；可能影响共享状态；返回实现分支产生的结果（源码未标注类型）。,按源码执行顺序经过 `_progress_ctx.set`；不包含显式控制分支。,调用方提供满足参数类型、取值语义和默认值约定的输入；所属软件单元已经初始化并满足关联需求约束,返回实现分支产生的结果（源码未标注类型）；可观察变化限于共享状态,未发现显式 raise,共享状态变更,在调用方线程同步执行,_progress_ctx.set,0,2,medium,ARC-CORE,SWR-CORE-001;SWR-CORE-002;SWR-REP-001;SWR-ARC-001;SWR-NFR-002,tests/integration/test_pipeline.py;tests/unit/test_archive_transfer.py;tests/unit/test_generation_worker.py;tests/unit/test_llm_stage_policy.py;tests/unit/test_llm_transport.py;tests/unit/test_tradingview_retry.py,直接动态测试,已按实现建立基线
FUN-F2934A14DD,UNIT-0DC607AB64,src/core/progress.py,384,reset_progress,public,(token),`token`（实现约定类型）：标记或认证令牌,无返回值（None）,重置`progress`；可能影响共享状态；无返回值（None）。,按源码执行顺序经过 `_progress_ctx.reset`；不包含显式控制分支。,调用方提供满足参数类型、取值语义和默认值约定的输入；所属软件单元已经初始化并满足关联需求约束,无返回值（None）；可观察变化限于共享状态,未发现显式 raise,共享状态变更,在调用方线程同步执行,_progress_ctx.reset,0,2,medium,ARC-CORE,SWR-CORE-001;SWR-CORE-002;SWR-REP-001;SWR-ARC-001;SWR-NFR-002,tests/integration/test_pipeline.py;tests/unit/test_archive_transfer.py;tests/unit/test_generation_worker.py;tests/unit/test_llm_stage_policy.py;tests/unit/test_llm_transport.py;tests/unit/test_tradingview_retry.py,直接动态测试,已按实现建立基线
FUN-1F2E0F588A,UNIT-D5EB6E2A98,src/core/types.py,37,HeadlineItem.to_dict,public,(self),无显式输入参数,"返回 `dict[str, Any]` 类型结果","将当前对象转换为可序列化字典；返回 `dict[str, Any]` 类型结果。",按源码执行顺序经过 `asdict`；不包含显式控制分支。,无需调用方提供显式参数；所属软件单元已经初始化并满足关联需求约束,"返回 `dict[str, Any]` 类型结果；静态扫描未发现直接外部副作用",未发现显式 raise,未检测到直接副作用,在调用方线程同步执行,asdict,0,2,medium,ARC-CORE,SWR-CORE-001;SWR-CORE-002;SWR-REP-001;SWR-ARC-001;SWR-NFR-002,tests/unit/test_run_config.py,直接动态测试,已按实现建立基线
FUN-5A0E6A3977,UNIT-D5EB6E2A98,src/core/types.py,50,CalendarEvent.to_dict,public,(self),无显式输入参数,"返回 `dict[str, Any]` 类型结果","将当前对象转换为可序列化字典；返回 `dict[str, Any]` 类型结果。",按源码执行顺序经过 `asdict`；不包含显式控制分支。,无需调用方提供显式参数；所属软件单元已经初始化并满足关联需求约束,"返回 `dict[str, Any]` 类型结果；静态扫描未发现直接外部副作用",未发现显式 raise,未检测到直接副作用,在调用方线程同步执行,asdict,0,2,medium,ARC-CORE,SWR-CORE-001;SWR-CORE-002;SWR-REP-001;SWR-ARC-001;SWR-NFR-002,tests/unit/test_run_config.py,直接动态测试,已按实现建立基线
FUN-4654E9B6A5,UNIT-D5EB6E2A98,src/core/types.py,53,CalendarEvent.display,public,(self),无显式输入参数,返回 `str` 类型结果,生成`display`文本；返回 `str` 类型结果。,按源码执行顺序经过 `strip`；不包含显式控制分支。,无需调用方提供显式参数；所属软件单元已经初始化并满足关联需求约束,返回 `str` 类型结果；静态扫描未发现直接外部副作用,未发现显式 raise,未检测到直接副作用,在调用方线程同步执行,strip,0,2,medium,ARC-CORE,SWR-CORE-001;SWR-CORE-002;SWR-REP-001;SWR-ARC-001;SWR-NFR-002,,静态分析与组件级验证,已按实现建立基线
FUN-0B81375E45,UNIT-D5EB6E2A98,src/core/types.py,69,MacroQuote.to_dict,public,(self),无显式输入参数,"返回 `dict[str, Any]` 类型结果","将当前对象转换为可序列化字典；返回 `dict[str, Any]` 类型结果。",按源码执行顺序经过 `asdict`；不包含显式控制分支。,无需调用方提供显式参数；所属软件单元已经初始化并满足关联需求约束,"返回 `dict[str, Any]` 类型结果；静态扫描未发现直接外部副作用",未发现显式 raise,未检测到直接副作用,在调用方线程同步执行,asdict,0,2,medium,ARC-CORE,SWR-CORE-001;SWR-CORE-002;SWR-REP-001;SWR-ARC-001;SWR-NFR-002,tests/unit/test_run_config.py,直接动态测试,已按实现建立基线
FUN-B52C340615,UNIT-D5EB6E2A98,src/core/types.py,86,ExternalFactors.to_dict,public,(self),无显式输入参数,"返回 `dict[str, Any]` 类型结果","将当前对象转换为可序列化字典；返回 `dict[str, Any]` 类型结果。",按源码执行顺序经过 `h.to_dict` → `c.to_dict` → `m.to_dict`；不包含显式控制分支。,无需调用方提供显式参数；所属软件单元已经初始化并满足关联需求约束,"返回 `dict[str, Any]` 类型结果；静态扫描未发现直接外部副作用",未发现显式 raise,未检测到直接副作用,在调用方线程同步执行,h.to_dict;c.to_dict;m.to_dict,0,21,medium,ARC-CORE,SWR-CORE-001;SWR-CORE-002;SWR-REP-001;SWR-ARC-001;SWR-NFR-002,tests/unit/test_run_config.py,直接动态测试,已按实现建立基线
FUN-6449E7E08E,UNIT-D5EB6E2A98,src/core/types.py,122,MarketContext.to_dict,public,(self),无显式输入参数,"返回 `dict[str, Any]` 类型结果","将当前对象转换为可序列化字典；返回 `dict[str, Any]` 类型结果。",按源码执行顺序经过 `self.external.to_dict` → `self.analyses.keys`；不包含显式控制分支。,无需调用方提供显式参数；所属软件单元已经初始化并满足关联需求约束,"返回 `dict[str, Any]` 类型结果；静态扫描未发现直接外部副作用",未发现显式 raise,未检测到直接副作用,在调用方线程同步执行,self.external.to_dict;list;self.analyses.keys,0,10,medium,ARC-CORE,SWR-CORE-001;SWR-CORE-002;SWR-REP-001;SWR-ARC-001;SWR-NFR-002,tests/unit/test_run_config.py,直接动态测试,已按实现建立基线
FUN-A2365082B2,UNIT-D5EB6E2A98,src/core/types.py,154,LLMStageTrace.to_dict,public,(self),无显式输入参数,"返回 `dict[str, Any]` 类型结果","将当前对象转换为可序列化字典；返回 `dict[str, Any]` 类型结果。",按源码执行顺序经过 `asdict`；不包含显式控制分支。,无需调用方提供显式参数；所属软件单元已经初始化并满足关联需求约束,"返回 `dict[str, Any]` 类型结果；静态扫描未发现直接外部副作用",未发现显式 raise,未检测到直接副作用,在调用方线程同步执行,asdict,0,2,medium,ARC-CORE,SWR-CORE-001;SWR-CORE-002;SWR-REP-001;SWR-ARC-001;SWR-NFR-002,tests/unit/test_run_config.py,直接动态测试,已按实现建立基线
FUN-4E87068569,UNIT-D3B9BEAAC0,src/data/aggregator.py,22,merge_external,public,(*parts: ExternalFactors),`*parts`：附加位置参数,返回 `ExternalFactors` 类型结果,合并外部数据快照；可能影响外部接口；返回 `ExternalFactors` 类型结果。,按源码执行顺序经过 `ExternalFactors` → `merged.news_headlines.extend` → `merged.headline_items.extend` → `merged.calendar_events.extend` → `merged.macro_quotes.extend` → `merged.social_posts.extend` → `merged.fetch_errors.extend` → `merged.sources.append`；包含 6 个条件、循环、异常或模式匹配分支，分支结果汇入返回或状态更新。,调用方提供满足参数类型、取值语义和默认值约定的输入；所属软件单元已经初始化并满足关联需求约束；外部客户端、凭据、网络和超时策略已按运行配置准备,返回 `ExternalFactors` 类型结果；可观察变化限于外部接口,未发现显式 raise,外部接口 I/O,在调用方线程同步执行,ExternalFactors;merged.news_headlines.extend;merged.headline_items.extend;merged.calendar_events.extend;merged.macro_quotes.extend;merged.social_posts.extend;merged.fetch_errors.extend;merged.sources.append;sync_external_legacy_fields,6,22,high,ARC-DATA,SWR-CORE-001;SWR-DATA-001;SWR-DATA-002;SWR-DATA-003;SWR-NFR-001,tests/integration/test_external_apis.py,直接动态测试,已按实现建立基线
FUN-8B8349B09E,UNIT-D3B9BEAAC0,src/data/aggregator.py,46,collect_evidence,public,"(enriched: dict[str, pd.DataFrame])","`enriched`（dict[str, pd.DataFrame]）：已补充指标的行情数据",返回 `list[EvidenceItem]` 类型结果,收集证据；可能影响外部接口；返回 `list[EvidenceItem]` 类型结果。,按源码执行顺序经过 `items.extend` → `fetch_evidence` → `MarketDataSource` → `NewsDataSource` → `SocialDataSource` → `FundamentalsDataSource`；不包含显式控制分支。,调用方提供满足参数类型、取值语义和默认值约定的输入；所属软件单元已经初始化并满足关联需求约束；外部客户端、凭据、网络和超时策略已按运行配置准备,返回 `list[EvidenceItem]` 类型结果；可观察变化限于外部接口,未发现显式 raise,外部接口 I/O,在调用方线程同步执行,items.extend;fetch_evidence;MarketDataSource;NewsDataSource;SocialDataSource;FundamentalsDataSource,0,7,high,ARC-DATA,SWR-CORE-001;SWR-DATA-001;SWR-DATA-002;SWR-DATA-003;SWR-NFR-001,,静态分析与组件级验证,已按实现建立基线
FUN-DDF5EFE045,UNIT-D3B9BEAAC0,src/data/aggregator.py,55,assemble_market_context,public,"(enriched: dict[str, pd.DataFrame], analyses: dict[str, TimeframeAnalysis], external: ExternalFactors, source_label: str)","`enriched`（dict[str, pd.DataFrame]）：已补充指标的行情数据；`analyses`（dict[str, TimeframeAnalysis]）：各时间框架分析结果；`external`（ExternalFactors）：由调用方提供的 `external` 输入对象；`source_label`（str）：展示或分类标签",返回 `MarketContext` 类型结果,生成`assemble_market_context`结果；返回 `MarketContext` 类型结果。,按源码执行顺序经过 `market_metrics` → `MarketContext` → `finalize_market_context`；不包含显式控制分支。,调用方提供满足参数类型、取值语义和默认值约定的输入；所属软件单元已经初始化并满足关联需求约束,返回 `MarketContext` 类型结果；静态扫描未发现直接外部副作用,未发现显式 raise,未检测到直接副作用,在调用方线程同步执行,market_metrics;MarketContext;float;finalize_market_context,0,19,medium,ARC-DATA,SWR-CORE-001;SWR-DATA-001;SWR-DATA-002;SWR-DATA-003;SWR-NFR-001,,静态分析与组件级验证,已按实现建立基线
FUN-E8CC53E6F4,UNIT-D3B9BEAAC0,src/data/aggregator.py,76,build_market_context,public,"(enriched: dict[str, pd.DataFrame], analyses: dict[str, TimeframeAnalysis])","`enriched`（dict[str, pd.DataFrame]）：已补充指标的行情数据；`analyses`（dict[str, TimeframeAnalysis]）：各时间框架分析结果",返回 `MarketContext` 类型结果,构建`market_context`；可能影响外部接口；返回 `MarketContext` 类型结果。,按源码执行顺序经过 `fetch_external_bundle` → `assemble_market_context` → `get_active_source`；不包含显式控制分支。,调用方提供满足参数类型、取值语义和默认值约定的输入；所属软件单元已经初始化并满足关联需求约束；外部客户端、凭据、网络和超时策略已按运行配置准备,返回 `MarketContext` 类型结果；可观察变化限于外部接口,未发现显式 raise,外部接口 I/O,在调用方线程同步执行,fetch_external_bundle;assemble_market_context;get_active_source,0,9,high,ARC-DATA,SWR-CORE-001;SWR-DATA-001;SWR-DATA-002;SWR-DATA-003;SWR-NFR-001,,静态分析与组件级验证,已按实现建立基线
FUN-BE22AAE06A,UNIT-F5D8BD410B,src/data/calendar_utils.py,11,parse_event_time,public,(raw: str),`raw`（str）：尚未标准化的原始输入,返回 `datetime | None` 类型结果,解析`event_time`；返回 `datetime | None` 类型结果。,按源码执行顺序经过 `strip` → `datetime.strptime` → `re.search` → `match.group`；包含 5 个条件、循环、异常或模式匹配分支，分支结果汇入返回或状态更新。,调用方提供满足参数类型、取值语义和默认值约定的输入；所属软件单元已经初始化并满足关联需求约束,返回 `datetime | None` 类型结果；静态扫描未发现直接外部副作用,未发现显式 raise,未检测到直接副作用,在调用方线程同步执行,strip;datetime.strptime;re.search;match.group,5,22,medium,ARC-DATA,SWR-CORE-001;SWR-DATA-001;SWR-DATA-002;SWR-DATA-003;SWR-NFR-001,,静态分析与组件级验证,已按实现建立基线
FUN-07D2119D72,UNIT-F5D8BD410B,src/data/calendar_utils.py,35,filter_upcoming_calendar_events,public,(events: list[CalendarEvent]),`events`（list[CalendarEvent]）：事件集合,返回 `list[CalendarEvent]` 类型结果,筛选`upcoming_calendar_events`；返回 `list[CalendarEvent]` 类型结果。,按源码执行顺序经过 `datetime.now` → `parse_event_time` → `total_seconds` → `kept.append`；包含 3 个条件、循环、异常或模式匹配分支，分支结果汇入返回或状态更新。,调用方提供满足参数类型、取值语义和默认值约定的输入；所属软件单元已经初始化并满足关联需求约束,返回 `list[CalendarEvent]` 类型结果；静态扫描未发现直接外部副作用,未发现显式 raise,未检测到直接副作用,在调用方线程同步执行,datetime.now;parse_event_time;total_seconds;kept.append,3,12,medium,ARC-DATA,SWR-CORE-001;SWR-DATA-001;SWR-DATA-002;SWR-DATA-003;SWR-NFR-001,,静态分析与组件级验证,已按实现建立基线
FUN-D55BEBCD6F,UNIT-F5D8BD410B,src/data/calendar_utils.py,49,calendar_to_risk_text,public,"(events: list[CalendarEvent], *, limit: int=6)",`events`（list[CalendarEvent]）：事件集合；`limit`（int）：返回或处理数量上限；默认值 `6`,返回 `str` 类型结果,生成`calendar_to_risk_text`文本；返回 `str` 类型结果。,按源码执行顺序经过 `join` → `e.display`；包含 1 个条件、循环、异常或模式匹配分支，分支结果汇入返回或状态更新。,调用方提供满足参数类型、取值语义和默认值约定的输入；所属软件单元已经初始化并满足关联需求约束,返回 `str` 类型结果；静态扫描未发现直接外部副作用,未发现显式 raise,未检测到直接副作用,在调用方线程同步执行,join;e.display,1,4,medium,ARC-DATA,SWR-CORE-001;SWR-DATA-001;SWR-DATA-002;SWR-DATA-003;SWR-NFR-001,,静态分析与组件级验证,已按实现建立基线
FUN-750F9F2CF5,UNIT-24843AC961,src/data/context_builder.py,46,build_market_position,public,"(enriched: dict[str, pd.DataFrame], price: float)","`enriched`（dict[str, pd.DataFrame]）：已补充指标的行情数据；`price`（float）：当前或待评估价格","返回 `dict[str, Any]` 类型结果","构建`market_position`；返回 `dict[str, Any]` 类型结果。",按源码执行顺序经过 `ema_relation` → `round` → `relations.items` → `pd.notna` → `tail` → `max` → `min`；包含 2 个条件、循环、异常或模式匹配分支，分支结果汇入返回或状态更新。,调用方提供满足参数类型、取值语义和默认值约定的输入；所属软件单元已经初始化并满足关联需求约束,"返回 `dict[str, Any]` 类型结果；静态扫描未发现直接外部副作用",未发现显式 raise,未检测到直接副作用,在调用方线程同步执行,ema_relation;round;float;relations.items;pd.notna;len;tail;max;min,2,22,medium,ARC-DATA,SWR-CORE-001;SWR-DATA-001;SWR-DATA-002;SWR-DATA-003;SWR-NFR-001,,静态分析与组件级验证,已按实现建立基线
FUN-046AE84C1B,UNIT-24843AC961,src/data/context_builder.py,70,build_spot_cross_check,public,"(tv_price: float, quote: dict[str, Any] | None)","`tv_price`（float）：当前或待评估价格；`quote`（dict[str, Any] | None）：由 `quote` 表示的键值映射","返回 `dict[str, Any]` 类型结果","构建`spot_cross_check`；返回 `dict[str, Any]` 类型结果。",按源码执行顺序经过 `quote.get` → `abs` → `round`；包含 3 个条件、循环、异常或模式匹配分支，分支结果汇入返回或状态更新。,调用方提供满足参数类型、取值语义和默认值约定的输入；所属软件单元已经初始化并满足关联需求约束,"返回 `dict[str, Any]` 类型结果；静态扫描未发现直接外部副作用",未发现显式 raise,未检测到直接副作用,在调用方线程同步执行,float;quote.get;abs;round,3,19,medium,ARC-DATA,SWR-CORE-001;SWR-DATA-001;SWR-DATA-002;SWR-DATA-003;SWR-NFR-001,tests/unit/test_advice_architecture_smoke.py,直接动态测试,已按实现建立基线
FUN-BC16D7A171,UNIT-24843AC961,src/data/context_builder.py,91,build_event_countdown,public,(events: list[CalendarEvent]),`events`（list[CalendarEvent]）：事件集合,"返回 `dict[str, Any]` 类型结果","构建`event_countdown`；返回 `dict[str, Any]` 类型结果。",按源码执行顺序经过 `datetime.now` → `filter_upcoming_calendar_events` → `parse_event_time` → `total_seconds` → `round`；包含 6 个条件、循环、异常或模式匹配分支，分支结果汇入返回或状态更新。,调用方提供满足参数类型、取值语义和默认值约定的输入；所属软件单元已经初始化并满足关联需求约束,"返回 `dict[str, Any]` 类型结果；静态扫描未发现直接外部副作用",未发现显式 raise,未检测到直接副作用,在调用方线程同步执行,datetime.now;filter_upcoming_calendar_events;parse_event_time;total_seconds;round,6,26,medium,ARC-DATA,SWR-CORE-001;SWR-DATA-001;SWR-DATA-002;SWR-DATA-003;SWR-NFR-001,,静态分析与组件级验证,已按实现建立基线
FUN-94A1869676,UNIT-24843AC961,src/data/context_builder.py,119,build_jin10_kline_summary,public,"(bars: list[dict[str, Any]], tv_price: float)","`bars`（list[dict[str, Any]]）：K 线记录集合；`tv_price`（float）：当前或待评估价格","返回 `dict[str, Any]` 类型结果","构建`jin10_kline_summary`；返回 `dict[str, Any]` 类型结果。",按源码执行顺序经过 `last.get` → `first.get` → `abs` → `round`；包含 6 个条件、循环、异常或模式匹配分支，分支结果汇入返回或状态更新。,调用方提供满足参数类型、取值语义和默认值约定的输入；所属软件单元已经初始化并满足关联需求约束,"返回 `dict[str, Any]` 类型结果；静态扫描未发现直接外部副作用",未发现显式 raise,未检测到直接副作用,在调用方线程同步执行,float;last.get;first.get;abs;len;round,6,26,medium,ARC-DATA,SWR-CORE-001;SWR-DATA-001;SWR-DATA-002;SWR-DATA-003;SWR-NFR-001,,静态分析与组件级验证,已按实现建立基线
FUN-21A4A84FE5,UNIT-24843AC961,src/data/context_builder.py,147,build_derived_context,public,(ctx: MarketContext),`ctx`（MarketContext）：运行上下文,"返回 `dict[str, Any]` 类型结果","构建`derived_context`；可能影响外部接口；返回 `dict[str, Any]` 类型结果。",按源码执行顺序经过 `sentiment_score` → `filter_upcoming_calendar_events` → `sum` → `build_market_position` → `e.to_dict` → `cluster_headline_topics` → `build_event_countdown` → `fetch_jin10_quote`；包含 4 个条件、循环、异常或模式匹配分支，分支结果汇入返回或状态更新。,调用方提供满足参数类型、取值语义和默认值约定的输入；所属软件单元已经初始化并满足关联需求约束；外部客户端、凭据、网络和超时策略已按运行配置准备,"返回 `dict[str, Any]` 类型结果；可观察变化限于外部接口",未发现显式 raise,外部接口 I/O,在调用方线程同步执行,sentiment_score;filter_upcoming_calendar_events;sum;build_market_position;e.to_dict;cluster_headline_topics;build_event_countdown;len;fetch_jin10_quote;build_spot_cross_check;fetch_jin10_kline;build_jin10_kline_summary,4,34,high,ARC-DATA,SWR-CORE-001;SWR-DATA-001;SWR-DATA-002;SWR-DATA-003;SWR-NFR-001,,静态分析与组件级验证,已按实现建立基线
FUN-53864154EB,UNIT-24843AC961,src/data/context_builder.py,183,compute_context_stats,public,(ctx: MarketContext),`ctx`（MarketContext）：运行上下文,"返回 `dict[str, Any]` 类型结果","计算`context_stats`；返回 `dict[str, Any]` 类型结果。",按源码执行顺序经过 `sum` → `ctx.analyses.values` → `_technical_input_stats` → `_analyst_input_stats` → `json.dumps` → `ctx.external.to_dict` → `payload_sample.encode`；包含 1 个条件、循环、异常或模式匹配分支，分支结果汇入返回或状态更新。,调用方提供满足参数类型、取值语义和默认值约定的输入；所属软件单元已经初始化并满足关联需求约束,"返回 `dict[str, Any]` 类型结果；静态扫描未发现直接外部副作用",未发现显式 raise,未检测到直接副作用,在调用方线程同步执行,sum;len;ctx.analyses.values;_technical_input_stats;_analyst_input_stats;list;json.dumps;ctx.external.to_dict;payload_sample.encode,1,19,medium,ARC-DATA,SWR-CORE-001;SWR-DATA-001;SWR-DATA-002;SWR-DATA-003;SWR-NFR-001,,静态分析与组件级验证,已按实现建立基线
FUN-309515B2C5,UNIT-24843AC961,src/data/context_builder.py,204,_technical_input_stats,internal,(ctx: MarketContext),`ctx`（MarketContext）：运行上下文,"返回 `dict[str, Any]` 类型结果","构建`technical_input_stats`；返回 `dict[str, Any]` 类型结果。",按源码执行顺序经过 `ctx.enriched.items` → `support_resistance_context` → `_INDICATOR_MIN_BARS.get` → `pd.notna` → `ctx.analyses.items` → `bars.get` → `indicator_ready.get` → `_volume_nonzero_ratio`；包含 3 个条件、循环、异常或模式匹配分支，分支结果汇入返回或状态更新。,调用方提供满足参数类型、取值语义和默认值约定的输入；所属软件单元已经初始化并满足关联需求约束,"返回 `dict[str, Any]` 类型结果；静态扫描未发现直接外部副作用",未发现显式 raise,未检测到直接副作用,在调用方线程同步执行,len;ctx.enriched.items;support_resistance_context;_INDICATOR_MIN_BARS.get;pd.notna;ctx.analyses.items;bars.get;indicator_ready.get;_volume_nonzero_ratio;ctx.enriched.get;sorted;set;sum;ctx.analyses.values;sr.get;technical_quality,3,58,medium,ARC-DATA,SWR-CORE-001;SWR-DATA-001;SWR-DATA-002;SWR-DATA-003;SWR-NFR-001,,静态分析与组件级验证,已按实现建立基线
FUN-12577F43A5,UNIT-24843AC961,src/data/context_builder.py,264,_volume_nonzero_ratio,internal,(df: pd.DataFrame | None),`df`（pd.DataFrame | None）：输入数据表,返回 `float` 类型结果,计算`volume_nonzero_ratio`；返回 `float` 类型结果。,按源码执行顺序经过 `astype` → `round` → `sum`；包含 1 个条件、循环、异常或模式匹配分支，分支结果汇入返回或状态更新。,调用方提供满足参数类型、取值语义和默认值约定的输入；所属软件单元已经初始化并满足关联需求约束,返回 `float` 类型结果；静态扫描未发现直接外部副作用,未发现显式 raise,未检测到直接副作用,在调用方线程同步执行,astype;round;float;sum;len,1,5,low,ARC-DATA,SWR-CORE-001;SWR-DATA-001;SWR-DATA-002;SWR-DATA-003;SWR-NFR-001,,静态分析与组件级验证,已按实现建立基线
FUN-14F86EA322,UNIT-24843AC961,src/data/context_builder.py,271,_analyst_input_stats,internal,(ctx: MarketContext),`ctx`（MarketContext）：运行上下文,"返回 `dict[str, Any]` 类型结果","构建`analyst_input_stats`；返回 `dict[str, Any]` 类型结果。",按源码执行顺序经过 `sum` → `post.get` → `social_kind_counts.get` → `e.lower` → `ctx.derived.get` → `round`；包含 2 个条件、循环、异常或模式匹配分支，分支结果汇入返回或状态更新。,调用方提供满足参数类型、取值语义和默认值约定的输入；所属软件单元已经初始化并满足关联需求约束,"返回 `dict[str, Any]` 类型结果；静态扫描未发现直接外部副作用",未发现显式 raise,未检测到直接副作用,在调用方线程同步执行,sum;str;post.get;social_kind_counts.get;float;len;e.lower;ctx.derived.get;round;bool,2,52,medium,ARC-DATA,SWR-CORE-001;SWR-DATA-001;SWR-DATA-002;SWR-DATA-003;SWR-NFR-001,,静态分析与组件级验证,已按实现建立基线
FUN-260FF71074,UNIT-24843AC961,src/data/context_builder.py,325,finalize_market_context,public,(ctx: MarketContext),`ctx`（MarketContext）：运行上下文,返回 `MarketContext` 类型结果,生成`finalize_market_context`结果；返回 `MarketContext` 类型结果。,按源码执行顺序经过 `filter_upcoming_calendar_events` → `sync_external_legacy_fields` → `build_derived_context` → `compute_context_stats`；不包含显式控制分支。,调用方提供满足参数类型、取值语义和默认值约定的输入；所属软件单元已经初始化并满足关联需求约束,返回 `MarketContext` 类型结果；静态扫描未发现直接外部副作用,未发现显式 raise,未检测到直接副作用,在调用方线程同步执行,filter_upcoming_calendar_events;sync_external_legacy_fields;build_derived_context;compute_context_stats,0,8,medium,ARC-DATA,SWR-CORE-001;SWR-DATA-001;SWR-DATA-002;SWR-DATA-003;SWR-NFR-001,,静态分析与组件级验证,已按实现建立基线
FUN-92F0BA6A2B,UNIT-05079ECC27,src/data/external_format.py,13,headlines_to_strings,public,"(items: list[HeadlineItem], *, limit: int | None=None)",`items`（list[HeadlineItem]）：输入项集合；`limit`（int | None）：返回或处理数量上限；默认值 `None`,返回 `list[str]` 类型结果,构建`headlines_to_strings`；返回 `list[str]` 类型结果。,按源码执行顺序经过 `item.text.strip` → `seen.add` → `out.append`；包含 3 个条件、循环、异常或模式匹配分支，分支结果汇入返回或状态更新。,调用方提供满足参数类型、取值语义和默认值约定的输入；所属软件单元已经初始化并满足关联需求约束,返回 `list[str]` 类型结果；静态扫描未发现直接外部副作用,未发现显式 raise,未检测到直接副作用,在调用方线程同步执行,set;item.text.strip;seen.add;out.append;len,3,13,medium,ARC-DATA,SWR-CORE-001;SWR-DATA-001;SWR-DATA-002;SWR-DATA-003;SWR-NFR-001,,静态分析与组件级验证,已按实现建立基线
FUN-361441992E,UNIT-05079ECC27,src/data/external_format.py,28,sync_external_legacy_fields,public,(ext: ExternalFactors),`ext`（ExternalFactors）：由调用方提供的 `ext` 输入对象,无返回值（None）,执行`sync_external_legacy_fields`处理；无返回值（None）。,按源码执行顺序经过 `headlines_to_strings` → `filter_upcoming_calendar_events` → `log.info` → `calendar_to_risk_text`；包含 3 个条件、循环、异常或模式匹配分支，分支结果汇入返回或状态更新。,调用方提供满足参数类型、取值语义和默认值约定的输入；所属软件单元已经初始化并满足关联需求约束,无返回值（None）；静态扫描未发现直接外部副作用,未发现显式 raise,未检测到直接副作用,在调用方线程同步执行,headlines_to_strings;filter_upcoming_calendar_events;len;log.info;calendar_to_risk_text,3,9,medium,ARC-DATA,SWR-CORE-001;SWR-DATA-001;SWR-DATA-002;SWR-DATA-003;SWR-NFR-001,,静态分析与组件级验证,已按实现建立基线
FUN-237E01DB5B,UNIT-2B33A302FC,src/data/fetch_pipeline.py,34,DataFetchResult.bars_summary,public,(self),无显式输入参数,"返回 `dict[str, int]` 类型结果","构建`bars_summary`；返回 `dict[str, int]` 类型结果。",按源码执行顺序经过 `self.raw.items`；不包含显式控制分支。,无需调用方提供显式参数；所属软件单元已经初始化并满足关联需求约束,"返回 `dict[str, int]` 类型结果；静态扫描未发现直接外部副作用",未发现显式 raise,未检测到直接副作用,在调用方线程同步执行,len;self.raw.items,0,2,medium,ARC-DATA,SWR-CORE-001;SWR-DATA-001;SWR-DATA-002;SWR-DATA-003;SWR-NFR-001,tests/unit/test_run_archive.py,直接动态测试,已按实现建立基线
FUN-DEBF2265CA,UNIT-2B33A302FC,src/data/fetch_pipeline.py,37,DataFetchResult.external_preview,public,(self),无显式输入参数,返回 `dict` 类型结果,构建`external_preview`；返回 `dict` 类型结果。,直接通过表达式、字段访问或常量完成处理；不包含显式控制分支。,无需调用方提供显式参数；所属软件单元已经初始化并满足关联需求约束,返回 `dict` 类型结果；静态扫描未发现直接外部副作用,未发现显式 raise,未检测到直接副作用,在调用方线程同步执行,len,0,15,medium,ARC-DATA,SWR-CORE-001;SWR-DATA-001;SWR-DATA-002;SWR-DATA-003;SWR-NFR-001,,静态分析与组件级验证,已按实现建立基线
FUN-112152936C,UNIT-2B33A302FC,src/data/fetch_pipeline.py,54,_fetch_news_external,internal,(),无显式输入参数,返回 `ExternalFactors` 类型结果,获取`news_external`；可能影响外部接口；返回 `ExternalFactors` 类型结果。,按源码执行顺序经过 `fetch_external` → `NewsDataSource`；不包含显式控制分支。,无需调用方提供显式参数；所属软件单元已经初始化并满足关联需求约束；外部客户端、凭据、网络和超时策略已按运行配置准备,返回 `ExternalFactors` 类型结果；可观察变化限于外部接口,未发现显式 raise,外部接口 I/O,在调用方线程同步执行,fetch_external;NewsDataSource,0,2,high,ARC-DATA,SWR-CORE-001;SWR-DATA-001;SWR-DATA-002;SWR-DATA-003;SWR-NFR-001,,静态分析与组件级验证,已按实现建立基线
FUN-DA07C46547,UNIT-2B33A302FC,src/data/fetch_pipeline.py,58,_fetch_social_external,internal,(),无显式输入参数,返回 `ExternalFactors` 类型结果,获取`social_external`；可能影响外部接口；返回 `ExternalFactors` 类型结果。,按源码执行顺序经过 `fetch_external` → `SocialDataSource`；不包含显式控制分支。,无需调用方提供显式参数；所属软件单元已经初始化并满足关联需求约束；外部客户端、凭据、网络和超时策略已按运行配置准备,返回 `ExternalFactors` 类型结果；可观察变化限于外部接口,未发现显式 raise,外部接口 I/O,在调用方线程同步执行,fetch_external;SocialDataSource,0,2,high,ARC-DATA,SWR-CORE-001;SWR-DATA-001;SWR-DATA-002;SWR-DATA-003;SWR-NFR-001,,静态分析与组件级验证,已按实现建立基线
FUN-984C9019FC,UNIT-2B33A302FC,src/data/fetch_pipeline.py,62,_fetch_fundamentals_external,internal,(),无显式输入参数,返回 `ExternalFactors` 类型结果,获取`fundamentals_external`；可能影响外部接口；返回 `ExternalFactors` 类型结果。,按源码执行顺序经过 `fetch_external` → `FundamentalsDataSource`；不包含显式控制分支。,无需调用方提供显式参数；所属软件单元已经初始化并满足关联需求约束；外部客户端、凭据、网络和超时策略已按运行配置准备,返回 `ExternalFactors` 类型结果；可观察变化限于外部接口,未发现显式 raise,外部接口 I/O,在调用方线程同步执行,fetch_external;FundamentalsDataSource,0,2,high,ARC-DATA,SWR-CORE-001;SWR-DATA-001;SWR-DATA-002;SWR-DATA-003;SWR-NFR-001,,静态分析与组件级验证,已按实现建立基线
FUN-6DF80AEE05,UNIT-2B33A302FC,src/data/fetch_pipeline.py,66,fetch_external_bundle,public,"(*, parallel_http: bool=True)",`parallel_http`（bool）：控制对应行为是否启用的布尔值；默认值 `True`,返回 `ExternalFactors` 类型结果,获取`external_bundle`；可能影响外部接口；返回 `ExternalFactors` 类型结果。,按源码执行顺序经过 `ThreadPoolExecutor` → `pool.submit` → `fut_news.result` → `fut_social.result` → `fut_fund.result` → `_fetch_news_external` → `_fetch_fundamentals_external` → `_fetch_social_external`；包含 1 个条件、循环、异常或模式匹配分支，分支结果汇入返回或状态更新。,调用方提供满足参数类型、取值语义和默认值约定的输入；所属软件单元已经初始化并满足关联需求约束；外部客户端、凭据、网络和超时策略已按运行配置准备,返回 `ExternalFactors` 类型结果；可观察变化限于外部接口,未发现显式 raise,外部接口 I/O,在调用方线程同步执行,ThreadPoolExecutor;pool.submit;fut_news.result;fut_social.result;fut_fund.result;_fetch_news_external;_fetch_fundamentals_external;_fetch_social_external;merge_external,1,15,high,ARC-DATA,SWR-CORE-001;SWR-DATA-001;SWR-DATA-002;SWR-DATA-003;SWR-NFR-001,,静态分析与组件级验证,已按实现建立基线
FUN-D6C382B005,UNIT-2B33A302FC,src/data/fetch_pipeline.py,83,fetch_all_data,public,(),无显式输入参数,返回 `DataFetchResult` 类型结果,获取`all_data`；可能影响外部接口、共享状态；返回 `DataFetchResult` 类型结果。,按源码执行顺序经过 `get_progress` → `time.perf_counter` → `prog.start` → `fetch_multi_timeframe` → `prog.fail` → `prog.update` → `fetch_external_bundle` → `get_active_source`；包含 5 个条件、循环、异常或模式匹配分支，分支结果汇入返回或状态更新。,无需调用方提供显式参数；所属软件单元已经初始化并满足关联需求约束；外部客户端、凭据、网络和超时策略已按运行配置准备,返回 `DataFetchResult` 类型结果；可观察变化限于外部接口、共享状态,未发现显式 raise,外部接口 I/O；共享状态变更,在调用方线程同步执行,get_progress;time.perf_counter;prog.start;fetch_multi_timeframe;prog.fail;str;prog.update;fetch_external_bundle;get_active_source;int;len;raw.items;bars.get;ext_bits.append;DataFetchResult;prog.stage_io;json.dumps;result.external_preview;prog.done;join,5,62,high,ARC-DATA,SWR-CORE-001;SWR-DATA-001;SWR-DATA-002;SWR-DATA-003;SWR-NFR-001,tests/unit/test_orchestrator_hooks.py,直接动态测试,已按实现建立基线
FUN-F5CFDCFE8D,UNIT-5C3B60E30A,src/data/fetcher.py,18,clear_cache,public,(),无显式输入参数,无返回值（None）,执行`clear_cache`处理；无返回值（None）。,按源码执行顺序经过 `log.debug` → `tradingview.reset_client`；不包含显式控制分支。,无需调用方提供显式参数；所属软件单元已经初始化并满足关联需求约束,无返回值（None）；静态扫描未发现直接外部副作用,未发现显式 raise,未检测到直接副作用,在调用方线程同步执行,log.debug;tradingview.reset_client,0,3,medium,ARC-DATA,SWR-CORE-001;SWR-DATA-001;SWR-DATA-002;SWR-DATA-003;SWR-NFR-001,tests/unit/test_generation_worker.py,直接动态测试,已按实现建立基线
FUN-E9AD7716D7,UNIT-5C3B60E30A,src/data/fetcher.py,23,get_active_source,public,(),无显式输入参数,返回 `str` 类型结果,获取`active_source`；返回 `str` 类型结果。,按源码执行顺序经过 `tradingview.source_label`；不包含显式控制分支。,无需调用方提供显式参数；所属软件单元已经初始化并满足关联需求约束,返回 `str` 类型结果；静态扫描未发现直接外部副作用,未发现显式 raise,未检测到直接副作用,在调用方线程同步执行,tradingview.source_label,0,2,medium,ARC-DATA,SWR-CORE-001;SWR-DATA-001;SWR-DATA-002;SWR-DATA-003;SWR-NFR-001,,静态分析与组件级验证,已按实现建立基线
FUN-D6FBD9BEAA,UNIT-5C3B60E30A,src/data/fetcher.py,27,fetch_multi_timeframe,public,(),无显式输入参数,"返回 `dict[Timeframe, pd.DataFrame]` 类型结果","获取多时间框架分析；可能影响外部接口；返回 `dict[Timeframe, pd.DataFrame]` 类型结果。",按源码执行顺序经过 `tradingview.fetch_multi_timeframe`；不包含显式控制分支。,无需调用方提供显式参数；所属软件单元已经初始化并满足关联需求约束；外部客户端、凭据、网络和超时策略已按运行配置准备,"返回 `dict[Timeframe, pd.DataFrame]` 类型结果；可观察变化限于外部接口",未发现显式 raise,外部接口 I/O,在调用方线程同步执行,tradingview.fetch_multi_timeframe,0,2,high,ARC-DATA,SWR-CORE-001;SWR-DATA-001;SWR-DATA-002;SWR-DATA-003;SWR-NFR-001,,静态分析与组件级验证,已按实现建立基线
FUN-1BB0E91F10,UNIT-5C3B60E30A,src/data/fetcher.py,31,fetch_all,public,(),无显式输入参数,返回 `'DataFetchResult'` 类型结果,获取`all`；可能影响外部接口；返回 `'DataFetchResult'` 类型结果。,按源码执行顺序经过 `fetch_all_data`；不包含显式控制分支。,无需调用方提供显式参数；所属软件单元已经初始化并满足关联需求约束；外部客户端、凭据、网络和超时策略已按运行配置准备,返回 `'DataFetchResult'` 类型结果；可观察变化限于外部接口,未发现显式 raise,外部接口 I/O,在调用方线程同步执行,fetch_all_data,0,5,high,ARC-DATA,SWR-CORE-001;SWR-DATA-001;SWR-DATA-002;SWR-DATA-003;SWR-NFR-001,,静态分析与组件级验证,已按实现建立基线
FUN-5A69F43861,UNIT-5C3B60E30A,src/data/fetcher.py,38,daily_metrics,public,(df_1d: pd.DataFrame),`df_1d`（pd.DataFrame）：由调用方提供的 `df_1d` 输入对象,返回 `dict` 类型结果,构建`daily_metrics`；返回 `dict` 类型结果。,直接通过表达式、字段访问或常量完成处理；包含 2 个条件、循环、异常或模式匹配分支，分支结果汇入返回或状态更新。,调用方提供满足参数类型、取值语义和默认值约定的输入；所属软件单元已经初始化并满足关联需求约束,返回 `dict` 类型结果；静态扫描未发现直接外部副作用,未发现显式 raise,未检测到直接副作用,在调用方线程同步执行,len;float,2,28,medium,ARC-DATA,SWR-CORE-001;SWR-DATA-001;SWR-DATA-002;SWR-DATA-003;SWR-NFR-001,tests/unit/test_indicators.py,直接动态测试,已按实现建立基线
FUN-8A157CCCAD,UNIT-5C3B60E30A,src/data/fetcher.py,68,market_metrics,public,"(df_1d: pd.DataFrame, df_5m: pd.DataFrame)",`df_1d`（pd.DataFrame）：由调用方提供的 `df_1d` 输入对象；`df_5m`（pd.DataFrame）：5 分钟 OHLCV 数据表,返回 `dict` 类型结果,构建`market_metrics`；返回 `dict` 类型结果。,按源码执行顺序经过 `daily_metrics` → `date` → `pd.Timestamp` → `max` → `min` → `metrics.update`；包含 5 个条件、循环、异常或模式匹配分支，分支结果汇入返回或状态更新。,调用方提供满足参数类型、取值语义和默认值约定的输入；所属软件单元已经初始化并满足关联需求约束,返回 `dict` 类型结果；静态扫描未发现直接外部副作用,未发现显式 raise,未检测到直接副作用,在调用方线程同步执行,daily_metrics;float;date;pd.Timestamp;max;min;metrics.update,5,35,medium,ARC-DATA,SWR-CORE-001;SWR-DATA-001;SWR-DATA-002;SWR-DATA-003;SWR-NFR-001,tests/unit/test_indicators.py,直接动态测试,已按实现建立基线
FUN-F3D127C2A7,UNIT-5C3B60E30A,src/data/fetcher.py,108,utc8_now,public,(),无显式输入参数,返回 `datetime` 类型结果,生成`utc8_now`结果；返回 `datetime` 类型结果。,按源码执行顺序经过 `datetime.now`；不包含显式控制分支。,无需调用方提供显式参数；所属软件单元已经初始化并满足关联需求约束,返回 `datetime` 类型结果；静态扫描未发现直接外部副作用,未发现显式 raise,未检测到直接副作用,在调用方线程同步执行,datetime.now,0,2,medium,ARC-DATA,SWR-CORE-001;SWR-DATA-001;SWR-DATA-002;SWR-DATA-003;SWR-NFR-001,,静态分析与组件级验证,已按实现建立基线
FUN-782624F6ED,UNIT-5C3B60E30A,src/data/fetcher.py,112,format_utc8,public,"(iso_value: object, *, fmt: str='%Y-%m-%d %H:%M')",`iso_value`（object）：待处理值；`fmt`（str）：由 `fmt` 表示的文本或标识；默认值 `'%Y-%m-%d %H:%M'`,返回 `str` 类型结果,格式化`utc8`；返回 `str` 类型结果。,按源码执行顺序经过 `strip` → `isdigit` → `raw.rstrip` → `replace` → `datetime.strptime` → `dt.astimezone` → `local.strftime` → `raw.replace`；包含 5 个条件、循环、异常或模式匹配分支，分支结果汇入返回或状态更新。,调用方提供满足参数类型、取值语义和默认值约定的输入；所属软件单元已经初始化并满足关联需求约束,返回 `str` 类型结果；静态扫描未发现直接外部副作用,未发现显式 raise,未检测到直接副作用,在调用方线程同步执行,strip;str;len;isdigit;raw.rstrip;replace;datetime.strptime;dt.astimezone;local.strftime;raw.replace;datetime.fromisoformat;dt.replace,5,22,medium,ARC-DATA,SWR-CORE-001;SWR-DATA-001;SWR-DATA-002;SWR-DATA-003;SWR-NFR-001,tests/unit/test_run_archive.py,直接动态测试,已按实现建立基线
FUN-A41F07FAAB,UNIT-52888D723D,src/data/mt5.py,40,MT5Provider.is_available,public,(self),无显式输入参数,返回 `bool` 类型结果,判断`available`；返回 `bool` 类型结果。,直接通过表达式、字段访问或常量完成处理；不包含显式控制分支。,无需调用方提供显式参数；所属软件单元已经初始化并满足关联需求约束,返回 `bool` 类型结果；静态扫描未发现直接外部副作用,未发现显式 raise,未检测到直接副作用,在调用方线程同步执行,none,0,2,medium,ARC-DATA,SWR-CORE-001;SWR-DATA-001;SWR-DATA-002;SWR-DATA-003;SWR-NFR-001,tests/unit/test_mt5_provider.py,直接动态测试,已按实现建立基线
FUN-A1DFE3CE6D,UNIT-52888D723D,src/data/mt5.py,43,MT5Provider.account_info,public,(self),无显式输入参数,"返回 `dict[str, object]` 类型结果","构建交易账户信息；返回 `dict[str, object]` 类型结果。",直接通过表达式、字段访问或常量完成处理；不包含显式控制分支。,无需调用方提供显式参数；所属软件单元已经初始化并满足关联需求约束,"返回 `dict[str, object]` 类型结果；静态扫描未发现直接外部副作用",未发现显式 raise,未检测到直接副作用,在调用方线程同步执行,none,0,2,medium,ARC-DATA,SWR-CORE-001;SWR-DATA-001;SWR-DATA-002;SWR-DATA-003;SWR-NFR-001,tests/unit/test_mt5_provider.py,直接动态测试,已按实现建立基线
FUN-2CEB3AE7C8,UNIT-52888D723D,src/data/mt5.py,46,MT5Provider.shutdown,public,(self),无显式输入参数,无返回值（None）,执行`shutdown`处理；无返回值（None）。,直接通过表达式、字段访问或常量完成处理；不包含显式控制分支。,无需调用方提供显式参数；所属软件单元已经初始化并满足关联需求约束,无返回值（None）；静态扫描未发现直接外部副作用,未发现显式 raise,未检测到直接副作用,在调用方线程同步执行,none,0,2,medium,ARC-DATA,SWR-CORE-001;SWR-DATA-001;SWR-DATA-002;SWR-DATA-003;SWR-NFR-001,,静态分析与组件级验证,已按实现建立基线
FUN-EBA1AB6898,UNIT-52888D723D,src/data/mt5.py,57,DisabledMT5Provider.__init__,internal,"(self, reason: str='MT5_ENABLED=false')",`reason`（str）：判定或拒绝原因；默认值 `'MT5_ENABLED=false'`,无返回值（None）,初始化当前类实例并建立字段约束；无返回值（None）。,直接通过表达式、字段访问或常量完成处理；不包含显式控制分支。,调用方提供满足参数类型、取值语义和默认值约定的输入；所属软件单元已经初始化并满足关联需求约束,无返回值（None）；静态扫描未发现直接外部副作用,未发现显式 raise,未检测到直接副作用,在调用方线程同步执行,none,0,2,low,ARC-DATA,SWR-CORE-001;SWR-DATA-001;SWR-DATA-002;SWR-DATA-003;SWR-NFR-001,,静态分析与组件级验证,已按实现建立基线
FUN-142D9A85D4,UNIT-52888D723D,src/data/mt5.py,60,DisabledMT5Provider.is_available,public,(self),无显式输入参数,返回 `bool` 类型结果,判断`available`；返回 `bool` 类型结果。,直接通过表达式、字段访问或常量完成处理；不包含显式控制分支。,无需调用方提供显式参数；所属软件单元已经初始化并满足关联需求约束,返回 `bool` 类型结果；静态扫描未发现直接外部副作用,未发现显式 raise,未检测到直接副作用,在调用方线程同步执行,none,0,2,medium,ARC-DATA,SWR-CORE-001;SWR-DATA-001;SWR-DATA-002;SWR-DATA-003;SWR-NFR-001,tests/unit/test_mt5_provider.py,直接动态测试,已按实现建立基线
FUN-A96D8007A3,UNIT-52888D723D,src/data/mt5.py,63,DisabledMT5Provider.account_info,public,(self),无显式输入参数,"返回 `dict[str, object]` 类型结果","构建交易账户信息；返回 `dict[str, object]` 类型结果。",按源码执行顺序经过 `MT5UnavailableError`；不包含显式控制分支。,无需调用方提供显式参数；所属软件单元已经初始化并满足关联需求约束,"返回 `dict[str, object]` 类型结果；静态扫描未发现直接外部副作用",MT5UnavailableError,未检测到直接副作用,在调用方线程同步执行,MT5UnavailableError,0,2,medium,ARC-DATA,SWR-CORE-001;SWR-DATA-001;SWR-DATA-002;SWR-DATA-003;SWR-NFR-001,tests/unit/test_mt5_provider.py,直接动态测试,已按实现建立基线
FUN-0F677DDA5E,UNIT-52888D723D,src/data/mt5.py,66,DisabledMT5Provider.shutdown,public,(self),无显式输入参数,无返回值（None）,执行`shutdown`处理；无返回值（None）。,直接通过表达式、字段访问或常量完成处理；不包含显式控制分支。,无需调用方提供显式参数；所属软件单元已经初始化并满足关联需求约束,无返回值（None）；静态扫描未发现直接外部副作用,未发现显式 raise,未检测到直接副作用,在调用方线程同步执行,none,0,2,medium,ARC-DATA,SWR-CORE-001;SWR-DATA-001;SWR-DATA-002;SWR-DATA-003;SWR-NFR-001,,静态分析与组件级验证,已按实现建立基线
FUN-EFAF091F3B,UNIT-52888D723D,src/data/mt5.py,73,MetaTrader5Provider.__init__,internal,"(self, config: MT5Config | None=None)",`config`（MT5Config | None）：运行配置；默认值 `None`,无返回值（None）,初始化当前类实例并建立字段约束；无返回值（None）。,按源码执行顺序经过 `MT5Config` → `MT5UnavailableError`；包含 1 个条件、循环、异常或模式匹配分支，分支结果汇入返回或状态更新。,调用方提供满足参数类型、取值语义和默认值约定的输入；所属软件单元已经初始化并满足关联需求约束,无返回值（None）；静态扫描未发现直接外部副作用,MT5UnavailableError,未检测到直接副作用,在调用方线程同步执行,MT5Config;MT5UnavailableError,1,8,high,ARC-DATA,SWR-CORE-001;SWR-DATA-001;SWR-DATA-002;SWR-DATA-003;SWR-NFR-001,,静态分析与组件级验证,已按实现建立基线
FUN-D4E9736D8A,UNIT-52888D723D,src/data/mt5.py,82,MetaTrader5Provider.is_available,public,(self),无显式输入参数,返回 `bool` 类型结果,判断`available`；返回 `bool` 类型结果。,按源码执行顺序经过 `self._ensure_initialized`；包含 1 个条件、循环、异常或模式匹配分支，分支结果汇入返回或状态更新。,无需调用方提供显式参数；所属软件单元已经初始化并满足关联需求约束,返回 `bool` 类型结果；静态扫描未发现直接外部副作用,未发现显式 raise,未检测到直接副作用,在调用方线程同步执行,self._ensure_initialized,1,6,high,ARC-DATA,SWR-CORE-001;SWR-DATA-001;SWR-DATA-002;SWR-DATA-003;SWR-NFR-001,tests/unit/test_mt5_provider.py,直接动态测试,已按实现建立基线
FUN-2C7542532D,UNIT-52888D723D,src/data/mt5.py,89,MetaTrader5Provider.account_info,public,(self),无显式输入参数,"返回 `dict[str, object]` 类型结果","构建交易账户信息；返回 `dict[str, object]` 类型结果。",按源码执行顺序经过 `self._ensure_initialized` → `self._mt5.account_info` → `self._mt5.last_error` → `MT5UnavailableError` → `info._asdict` → `data.get`；包含 1 个条件、循环、异常或模式匹配分支，分支结果汇入返回或状态更新。,无需调用方提供显式参数；所属软件单元已经初始化并满足关联需求约束,"返回 `dict[str, object]` 类型结果；静态扫描未发现直接外部副作用",MT5UnavailableError,未检测到直接副作用,在调用方线程同步执行,self._ensure_initialized;self._mt5.account_info;self._mt5.last_error;MT5UnavailableError;info._asdict;data.get,1,17,high,ARC-DATA,SWR-CORE-001;SWR-DATA-001;SWR-DATA-002;SWR-DATA-003;SWR-NFR-001,tests/unit/test_mt5_provider.py,直接动态测试,已按实现建立基线
FUN-573D1AEBA3,UNIT-52888D723D,src/data/mt5.py,107,MetaTrader5Provider.shutdown,public,(self),无显式输入参数,无返回值（None）,执行`shutdown`处理；无返回值（None）。,按源码执行顺序经过 `self._mt5.shutdown`；包含 1 个条件、循环、异常或模式匹配分支，分支结果汇入返回或状态更新。,无需调用方提供显式参数；所属软件单元已经初始化并满足关联需求约束,无返回值（None）；静态扫描未发现直接外部副作用,未发现显式 raise,未检测到直接副作用,在调用方线程同步执行,self._mt5.shutdown,1,4,high,ARC-DATA,SWR-CORE-001;SWR-DATA-001;SWR-DATA-002;SWR-DATA-003;SWR-NFR-001,,静态分析与组件级验证,已按实现建立基线
FUN-F8948E51CB,UNIT-52888D723D,src/data/mt5.py,112,MetaTrader5Provider._ensure_initialized,internal,(self),无显式输入参数,无返回值（None）,确保`initialized`；无返回值（None）。,按源码执行顺序经过 `self._mt5.initialize` → `self._mt5.last_error` → `MT5UnavailableError`；包含 6 个条件、循环、异常或模式匹配分支，分支结果汇入返回或状态更新。,无需调用方提供显式参数；所属软件单元已经初始化并满足关联需求约束,无返回值（None）；静态扫描未发现直接外部副作用,MT5UnavailableError,未检测到直接副作用,在调用方线程同步执行,int;self._mt5.initialize;self._mt5.last_error;MT5UnavailableError,6,17,high,ARC-DATA,SWR-CORE-001;SWR-DATA-001;SWR-DATA-002;SWR-DATA-003;SWR-NFR-001,,静态分析与组件级验证,已按实现建立基线
FUN-28BBA5CB4C,UNIT-52888D723D,src/data/mt5.py,131,get_mt5_provider,public,(config: MT5Config | None=None),`config`（MT5Config | None）：运行配置；默认值 `None`,返回 `MT5Provider` 类型结果,获取`mt5_provider`；返回 `MT5Provider` 类型结果。,按源码执行顺序经过 `MT5Config` → `DisabledMT5Provider` → `MetaTrader5Provider`；包含 2 个条件、循环、异常或模式匹配分支，分支结果汇入返回或状态更新。,调用方提供满足参数类型、取值语义和默认值约定的输入；所属软件单元已经初始化并满足关联需求约束,返回 `MT5Provider` 类型结果；静态扫描未发现直接外部副作用,未发现显式 raise,未检测到直接副作用,在调用方线程同步执行,MT5Config;DisabledMT5Provider;MetaTrader5Provider;str,2,8,medium,ARC-DATA,SWR-CORE-001;SWR-DATA-001;SWR-DATA-002;SWR-DATA-003;SWR-NFR-001,tests/unit/test_mt5_provider.py,直接动态测试,已按实现建立基线
FUN-1ED76EBFC7,UNIT-C335B8F5CF,src/data/news_topics.py,17,cluster_headline_topics,public,"(items: list[HeadlineItem], *, max_topics: int=3)",`items`（list[HeadlineItem]）：输入项集合；`max_topics`（int）：由 `max_topics` 表示的数值参数；默认值 `3`,"返回 `list[dict[str, object]]` 类型结果","构建`cluster_headline_topics`；返回 `list[dict[str, object]]` 类型结果。",按源码执行顺序经过 `item.text.lower` → `any` → `k.lower` → `append` → `buckets.items` → `topics.append` → `topics.sort`；包含 5 个条件、循环、异常或模式匹配分支，分支结果汇入返回或状态更新。,调用方提供满足参数类型、取值语义和默认值约定的输入；所属软件单元已经初始化并满足关联需求约束,"返回 `list[dict[str, object]]` 类型结果；静态扫描未发现直接外部副作用",未发现显式 raise,未检测到直接副作用,在调用方线程同步执行,item.text.lower;any;k.lower;append;buckets.items;topics.append;len;topics.sort;int,5,27,medium,ARC-DATA,SWR-CORE-001;SWR-DATA-001;SWR-DATA-002;SWR-DATA-003;SWR-NFR-001,,静态分析与组件级验证,已按实现建立基线
FUN-CE8B65F86A,UNIT-0F842B8ECE,src/data/proxy_env.py,8,read_system_proxy,public,(),无显式输入参数,返回 `str | None` 类型结果,读取系统代理配置；可能影响文件系统、共享状态；返回 `str | None` 类型结果。,按源码执行顺序经过 `os.environ.get` → `winreg.OpenKey` → `winreg.QueryValueEx` → `strip` → `server.split` → `winreg.CloseKey`；包含 6 个条件、循环、异常或模式匹配分支，分支结果汇入返回或状态更新。,无需调用方提供显式参数；所属软件单元已经初始化并满足关联需求约束；相关路径满足读取或写入权限及目录边界,返回 `str | None` 类型结果；可观察变化限于文件系统、共享状态,未发现显式 raise,文件系统读写；共享状态变更,在调用方线程同步执行,os.environ.get;winreg.OpenKey;winreg.QueryValueEx;strip;server.split;winreg.CloseKey,6,24,medium,ARC-DATA,SWR-CORE-001;SWR-DATA-001;SWR-DATA-002;SWR-DATA-003;SWR-NFR-001,,静态分析与组件级验证,已按实现建立基线
FUN-2365B1EA92,UNIT-0F842B8ECE,src/data/proxy_env.py,34,apply_system_proxy,public,(),无显式输入参数,返回 `str | None` 类型结果,应用系统代理配置；可能影响共享状态；返回 `str | None` 类型结果。,按源码执行顺序经过 `read_system_proxy` → `os.environ.setdefault`；包含 1 个条件、循环、异常或模式匹配分支，分支结果汇入返回或状态更新。,无需调用方提供显式参数；所属软件单元已经初始化并满足关联需求约束,返回 `str | None` 类型结果；可观察变化限于共享状态,未发现显式 raise,共享状态变更,在调用方线程同步执行,read_system_proxy;os.environ.setdefault,1,7,medium,ARC-DATA,SWR-CORE-001;SWR-DATA-001;SWR-DATA-002;SWR-DATA-003;SWR-NFR-001,,静态分析与组件级验证,已按实现建立基线
FUN-FC8CBED92A,UNIT-C590FCE576,src/data/sources/_http.py,29,post_json,public,"(url: str, *, body: dict[str, Any] | list[Any], params: dict[str, Any] | None=None, headers: dict[str, str] | None=None, timeout: int | None=None)","`url`（str）：外部资源地址；`body`（dict[str, Any] | list[Any]）：由 `body` 表示的输入集合；`params`（dict[str, Any] | None）：由 `params` 表示的键值映射；默认值 `None`；`headers`（dict[str, str] | None）：表头或 HTTP 头字段；默认值 `None`；`timeout`（int | None）：超时秒数；默认值 `None`",返回 `Any` 类型结果,生成`post_json`结果；可能影响外部接口；返回 `Any` 类型结果。,按源码执行顺序经过 `merged.setdefault` → `range` → `requests.post` → `resp.raise_for_status` → `resp.json` → `log.warning` → `time.sleep` → `RuntimeError`；包含 4 个条件、循环、异常或模式匹配分支，分支结果汇入返回或状态更新。,调用方提供满足参数类型、取值语义和默认值约定的输入；所属软件单元已经初始化并满足关联需求约束；外部客户端、凭据、网络和超时策略已按运行配置准备,返回 `Any` 类型结果；可观察变化限于外部接口,RuntimeError,外部接口 I/O,在调用方线程同步执行,merged.setdefault;range;requests.post;resp.raise_for_status;resp.json;log.warning;time.sleep;RuntimeError,4,32,high,ARC-DATA,SWR-CORE-001;SWR-DATA-001;SWR-DATA-002;SWR-DATA-003;SWR-NFR-001,tests/unit/test_http_helpers.py,直接动态测试,已按实现建立基线
FUN-6AFE1EC0A4,UNIT-C590FCE576,src/data/sources/_http.py,63,get_json,public,"(url: str, *, params: dict[str, Any] | None=None, headers: dict[str, str] | None=None, cookies: dict[str, str] | None=None)","`url`（str）：外部资源地址；`params`（dict[str, Any] | None）：由 `params` 表示的键值映射；默认值 `None`；`headers`（dict[str, str] | None）：表头或 HTTP 头字段；默认值 `None`；`cookies`（dict[str, str] | None）：由 `cookies` 表示的键值映射；默认值 `None`",返回 `Any` 类型结果,获取JSON 数据；返回 `Any` 类型结果。,按源码执行顺序经过 `json.loads` → `get_text`；不包含显式控制分支。,调用方提供满足参数类型、取值语义和默认值约定的输入；所属软件单元已经初始化并满足关联需求约束,返回 `Any` 类型结果；静态扫描未发现直接外部副作用,未发现显式 raise,未检测到直接副作用,在调用方线程同步执行,json.loads;get_text,0,8,medium,ARC-DATA,SWR-CORE-001;SWR-DATA-001;SWR-DATA-002;SWR-DATA-003;SWR-NFR-001,tests/unit/test_http_helpers.py,直接动态测试,已按实现建立基线
FUN-299C0D3A32,UNIT-C590FCE576,src/data/sources/_http.py,73,get_text,public,"(url: str, *, params: dict[str, Any] | None=None, headers: dict[str, str] | None=None, cookies: dict[str, str] | None=None)","`url`（str）：外部资源地址；`params`（dict[str, Any] | None）：由 `params` 表示的键值映射；默认值 `None`；`headers`（dict[str, str] | None）：表头或 HTTP 头字段；默认值 `None`；`cookies`（dict[str, str] | None）：由 `cookies` 表示的键值映射；默认值 `None`",返回 `str` 类型结果,获取文本；可能影响外部接口；返回 `str` 类型结果。,按源码执行顺序经过 `range` → `requests.get` → `resp.raise_for_status` → `log.warning` → `time.sleep` → `RuntimeError`；包含 3 个条件、循环、异常或模式匹配分支，分支结果汇入返回或状态更新。,调用方提供满足参数类型、取值语义和默认值约定的输入；所属软件单元已经初始化并满足关联需求约束；外部客户端、凭据、网络和超时策略已按运行配置准备,返回 `str` 类型结果；可观察变化限于外部接口,RuntimeError,外部接口 I/O,在调用方线程同步执行,range;requests.get;resp.raise_for_status;log.warning;time.sleep;RuntimeError,3,29,high,ARC-DATA,SWR-CORE-001;SWR-DATA-001;SWR-DATA-002;SWR-DATA-003;SWR-NFR-001,tests/unit/test_http_helpers.py,直接动态测试,已按实现建立基线
FUN-600C64BCB0,UNIT-0DF4638D5E,src/data/sources/base.py,14,DataSource.fetch,public,(self),无显式输入参数,返回 `list[EvidenceItem] | ExternalFactors` 类型结果,获取外部或市场数据；返回 `list[EvidenceItem] | ExternalFactors` 类型结果。,直接通过表达式、字段访问或常量完成处理；不包含显式控制分支。,无需调用方提供显式参数；所属软件单元已经初始化并满足关联需求约束,返回 `list[EvidenceItem] | ExternalFactors` 类型结果；静态扫描未发现直接外部副作用,未发现显式 raise,未检测到直接副作用,在调用方线程同步执行,none,0,2,medium,ARC-DATA,SWR-CORE-001;SWR-DATA-001;SWR-DATA-002;SWR-DATA-003;SWR-NFR-001,tests/unit/test_archive_compat.py;tests/unit/test_archive_optimizations.py;tests/unit/test_archive_transfer.py;tests/unit/test_external_data_view.py;tests/unit/test_generation_worker.py;tests/unit/test_orchestrator_hooks.py;tests/unit/test_pipeline_progress_headline.py;tests/unit/test_run_archive.py;tests/unit/test_tradingview_retry.py,直接动态测试,已按实现建立基线
FUN-85282DDC4D,UNIT-1FA1BDF5BA,src/data/sources/dxy.py,14,fetch_dxy_impact,public,(),无显式输入参数,"返回 `tuple[str, dict]` 类型结果","获取`dxy_impact`；可能影响外部接口；返回 `tuple[str, dict]` 类型结果。",按源码执行顺序经过 `fetch_symbol_daily` → `ValueError` → `round` → `log.info` → `log.warning` → `_PLACEHOLDER.replace`；包含 5 个条件、循环、异常或模式匹配分支，分支结果汇入返回或状态更新。,无需调用方提供显式参数；所属软件单元已经初始化并满足关联需求约束；外部客户端、凭据、网络和超时策略已按运行配置准备,"返回 `tuple[str, dict]` 类型结果；可观察变化限于外部接口",ValueError,外部接口 I/O,在调用方线程同步执行,fetch_symbol_daily;len;ValueError;float;round;log.info;log.warning;_PLACEHOLDER.replace;str,5,40,high,ARC-DATA,SWR-CORE-001;SWR-DATA-001;SWR-DATA-002;SWR-DATA-003;SWR-NFR-001,tests/integration/test_external_apis.py;tests/unit/test_external_sources.py,直接动态测试,已按实现建立基线
FUN-85EA252365,UNIT-EC9B21793D,src/data/sources/fundamentals.py,12,FundamentalsDataSource.fetch_external,public,(self),无显式输入参数,返回 `ExternalFactors` 类型结果,获取外部数据快照；可能影响外部接口；返回 `ExternalFactors` 类型结果。,按源码执行顺序经过 `fetch_macro_quotes` → `next` → `any` → `sources.append` → `ExternalFactors`；包含 3 个条件、循环、异常或模式匹配分支，分支结果汇入返回或状态更新。,无需调用方提供显式参数；所属软件单元已经初始化并满足关联需求约束；外部客户端、凭据、网络和超时策略已按运行配置准备,返回 `ExternalFactors` 类型结果；可观察变化限于外部接口,未发现显式 raise,外部接口 I/O,在调用方线程同步执行,fetch_macro_quotes;next;any;sources.append;ExternalFactors,3,12,high,ARC-DATA,SWR-CORE-001;SWR-DATA-001;SWR-DATA-002;SWR-DATA-003;SWR-NFR-001,tests/integration/test_external_apis.py;tests/unit/test_external_sources.py,直接动态测试,已按实现建立基线
FUN-6A23A66CFF,UNIT-EC9B21793D,src/data/sources/fundamentals.py,25,FundamentalsDataSource.fetch_evidence,public,(self),无显式输入参数,返回 `list[EvidenceItem]` 类型结果,获取证据；可能影响外部接口；返回 `list[EvidenceItem]` 类型结果。,按源码执行顺序经过 `macro_quotes_to_evidence` → `fetch_macro_quotes`；不包含显式控制分支。,无需调用方提供显式参数；所属软件单元已经初始化并满足关联需求约束；外部客户端、凭据、网络和超时策略已按运行配置准备,返回 `list[EvidenceItem]` 类型结果；可观察变化限于外部接口,未发现显式 raise,外部接口 I/O,在调用方线程同步执行,macro_quotes_to_evidence;fetch_macro_quotes,0,2,high,ARC-DATA,SWR-CORE-001;SWR-DATA-001;SWR-DATA-002;SWR-DATA-003;SWR-NFR-001,tests/unit/test_external_sources.py,直接动态测试,已按实现建立基线
FUN-AD52255426,UNIT-EC9B21793D,src/data/sources/fundamentals.py,29,macro_quotes_to_evidence,public,(quotes: list[MacroQuote]),`quotes`（list[MacroQuote]）：由 `quotes` 表示的输入集合,返回 `list[EvidenceItem]` 类型结果,构建`macro_quotes_to_evidence`；返回 `list[EvidenceItem]` 类型结果。,按源码执行顺序经过 `items.append` → `EvidenceItem` → `q.to_dict`；包含 3 个条件、循环、异常或模式匹配分支，分支结果汇入返回或状态更新。,调用方提供满足参数类型、取值语义和默认值约定的输入；所属软件单元已经初始化并满足关联需求约束,返回 `list[EvidenceItem]` 类型结果；静态扫描未发现直接外部副作用,未发现显式 raise,未检测到直接副作用,在调用方线程同步执行,items.append;EvidenceItem;q.to_dict,3,23,medium,ARC-DATA,SWR-CORE-001;SWR-DATA-001;SWR-DATA-002;SWR-DATA-003;SWR-NFR-001,,静态分析与组件级验证,已按实现建立基线
FUN-683A4407DD,UNIT-EC9B21793D,src/data/sources/fundamentals.py,54,external_macro_evidence,public,(ext: ExternalFactors),`ext`（ExternalFactors）：由调用方提供的 `ext` 输入对象,返回 `list[EvidenceItem]` 类型结果,构建`external_macro_evidence`；可能影响外部接口；返回 `list[EvidenceItem]` 类型结果。,按源码执行顺序经过 `macro_quotes_to_evidence` → `EvidenceItem` → `fetch_evidence` → `FundamentalsDataSource`；包含 2 个条件、循环、异常或模式匹配分支，分支结果汇入返回或状态更新。,调用方提供满足参数类型、取值语义和默认值约定的输入；所属软件单元已经初始化并满足关联需求约束；外部客户端、凭据、网络和超时策略已按运行配置准备,返回 `list[EvidenceItem]` 类型结果；可观察变化限于外部接口,未发现显式 raise,外部接口 I/O,在调用方线程同步执行,macro_quotes_to_evidence;EvidenceItem;fetch_evidence;FundamentalsDataSource,2,13,high,ARC-DATA,SWR-CORE-001;SWR-DATA-001;SWR-DATA-002;SWR-DATA-003;SWR-NFR-001,,静态分析与组件级验证,已按实现建立基线
FUN-64DA59BA88,UNIT-4D4D8A02C7,src/data/sources/gold_relevance.py,121,matches_gold_headline,public,(text: str),`text`（str）：输入文本,返回 `bool` 类型结果,判断`matches_gold_headline`条件是否成立；返回 `bool` 类型结果。,按源码执行顺序经过 `text.lower` → `any`；不包含显式控制分支。,调用方提供满足参数类型、取值语义和默认值约定的输入；所属软件单元已经初始化并满足关联需求约束,返回 `bool` 类型结果；静态扫描未发现直接外部副作用,未发现显式 raise,未检测到直接副作用,在调用方线程同步执行,text.lower;any,0,3,medium,ARC-DATA,SWR-CORE-001;SWR-DATA-001;SWR-DATA-002;SWR-DATA-003;SWR-NFR-001,,静态分析与组件级验证,已按实现建立基线
FUN-30D61EF6F5,UNIT-4D4D8A02C7,src/data/sources/gold_relevance.py,126,is_gold_macro_event,public,"(event: str, region: str='', *, importance: float | None=None)",`event`（str）：事件对象；`region`（str）：由 `region` 表示的文本或标识；默认值 `''`；`importance`（float | None）：由调用方提供的 `importance` 输入对象；默认值 `None`,返回 `bool` 类型结果,判断`gold_macro_event`；返回 `bool` 类型结果。,按源码执行顺序经过 `strip` → `text.lower` → `pat.search` → `any`；包含 4 个条件、循环、异常或模式匹配分支，分支结果汇入返回或状态更新。,调用方提供满足参数类型、取值语义和默认值约定的输入；所属软件单元已经初始化并满足关联需求约束,返回 `bool` 类型结果；静态扫描未发现直接外部副作用,未发现显式 raise,未检测到直接副作用,在调用方线程同步执行,strip;text.lower;pat.search;any,4,12,medium,ARC-DATA,SWR-CORE-001;SWR-DATA-001;SWR-DATA-002;SWR-DATA-003;SWR-NFR-001,tests/unit/test_external_sources.py,直接动态测试,已按实现建立基线
FUN-AD84260CD0,UNIT-7020937074,src/data/sources/jin10_feed.py,47,Jin10NewsBundle.headline_items,public,(self),无显式输入参数,返回 `list[HeadlineItem]` 类型结果,构建`headline_items`；返回 `list[HeadlineItem]` 类型结果。,直接通过表达式、字段访问或常量完成处理；不包含显式控制分支。,无需调用方提供显式参数；所属软件单元已经初始化并满足关联需求约束,返回 `list[HeadlineItem]` 类型结果；静态扫描未发现直接外部副作用,未发现显式 raise,未检测到直接副作用,在调用方线程同步执行,none,0,2,medium,ARC-DATA,SWR-CORE-001;SWR-DATA-001;SWR-DATA-002;SWR-DATA-003;SWR-NFR-001,tests/unit/test_external_data_view.py;tests/unit/test_run_archive.py,直接动态测试,已按实现建立基线
FUN-0424648ECF,UNIT-7020937074,src/data/sources/jin10_feed.py,51,Jin10NewsBundle.headlines,public,(self),无显式输入参数,返回 `list[str]` 类型结果,构建`headlines`；返回 `list[str]` 类型结果。,按源码执行顺序经过 `item.text.strip` → `seen.add` → `merged.append`；包含 3 个条件、循环、异常或模式匹配分支，分支结果汇入返回或状态更新。,无需调用方提供显式参数；所属软件单元已经初始化并满足关联需求约束,返回 `list[str]` 类型结果；静态扫描未发现直接外部副作用,未发现显式 raise,未检测到直接副作用,在调用方线程同步执行,set;item.text.strip;seen.add;merged.append;len,3,12,medium,ARC-DATA,SWR-CORE-001;SWR-DATA-001;SWR-DATA-002;SWR-DATA-003;SWR-NFR-001,tests/integration/test_external_apis.py;tests/unit/test_external_sources.py,直接动态测试,已按实现建立基线
FUN-F87AC8A103,UNIT-7020937074,src/data/sources/jin10_feed.py,65,Jin10NewsBundle.is_live,public,(self),无显式输入参数,返回 `bool` 类型结果,判断`live`；返回 `bool` 类型结果。,直接通过表达式、字段访问或常量完成处理；不包含显式控制分支。,无需调用方提供显式参数；所属软件单元已经初始化并满足关联需求约束,返回 `bool` 类型结果；静态扫描未发现直接外部副作用,未发现显式 raise,未检测到直接副作用,在调用方线程同步执行,bool,0,2,medium,ARC-DATA,SWR-CORE-001;SWR-DATA-001;SWR-DATA-002;SWR-DATA-003;SWR-NFR-001,,静态分析与组件级验证,已按实现建立基线
FUN-E4D9BF91CA,UNIT-7020937074,src/data/sources/jin10_feed.py,69,_cached,internal,"(key: str, ttl: int, fn: Callable[[], Any])","`key`（str）：索引键；`ttl`（int）：由 `ttl` 表示的数值参数；`fn`（Callable[[], Any]）：调用方提供的回调函数","返回 `tuple[Any, str | None]` 类型结果","构建`cached`；可能影响共享状态；返回 `tuple[Any, str | None]` 类型结果。",按源码执行顺序经过 `_CACHE.get` → `time.time` → `fn` → `log.warning`；包含 4 个条件、循环、异常或模式匹配分支，分支结果汇入返回或状态更新。,调用方提供满足参数类型、取值语义和默认值约定的输入；所属软件单元已经初始化并满足关联需求约束,"返回 `tuple[Any, str | None]` 类型结果；可观察变化限于共享状态",未发现显式 raise,共享状态变更,在调用方线程同步执行,_CACHE.get;time.time;fn;log.warning;str,4,13,low,ARC-DATA,SWR-CORE-001;SWR-DATA-001;SWR-DATA-002;SWR-DATA-003;SWR-NFR-001,,静态分析与组件级验证,已按实现建立基线
FUN-54E278DDF4,UNIT-7020937074,src/data/sources/jin10_feed.py,84,_iter_rows,internal,(data: Any),`data`（Any）：输入数据,"返回 `list[dict[str, Any]]` 类型结果","构建`iter_rows`；返回 `list[dict[str, Any]]` 类型结果。",按源码执行顺序经过 `isinstance` → `data.get` → `_iter_rows`；包含 6 个条件、循环、异常或模式匹配分支，分支结果汇入返回或状态更新。,调用方提供满足参数类型、取值语义和默认值约定的输入；所属软件单元已经初始化并满足关联需求约束,"返回 `list[dict[str, Any]]` 类型结果；静态扫描未发现直接外部副作用",未发现显式 raise,未检测到直接副作用,在调用方线程同步执行,isinstance;data.get;_iter_rows,6,14,low,ARC-DATA,SWR-CORE-001;SWR-DATA-001;SWR-DATA-002;SWR-DATA-003;SWR-NFR-001,,静态分析与组件级验证,已按实现建立基线
FUN-71917BCD45,UNIT-7020937074,src/data/sources/jin10_feed.py,100,_is_relevant,internal,"(text: str, keyword: str)",`text`（str）：输入文本；`keyword`（str）：由 `keyword` 表示的文本或标识,返回 `bool` 类型结果,判断`relevant`；返回 `bool` 类型结果。,按源码执行顺序经过 `matches_gold_headline`；不包含显式控制分支。,调用方提供满足参数类型、取值语义和默认值约定的输入；所属软件单元已经初始化并满足关联需求约束,返回 `bool` 类型结果；静态扫描未发现直接外部副作用,未发现显式 raise,未检测到直接副作用,在调用方线程同步执行,matches_gold_headline;bool,0,2,low,ARC-DATA,SWR-CORE-001;SWR-DATA-001;SWR-DATA-002;SWR-DATA-003;SWR-NFR-001,,静态分析与组件级验证,已按实现建立基线
FUN-81D80410A1,UNIT-7020937074,src/data/sources/jin10_feed.py,104,_parse_flash_item,internal,"(row: dict[str, Any])","`row`（dict[str, Any]）：当前记录行",返回 `HeadlineItem` 类型结果,解析`flash_item`；返回 `HeadlineItem` 类型结果。,按源码执行顺序经过 `strip` → `row.get` → `HeadlineItem`；包含 1 个条件、循环、异常或模式匹配分支，分支结果汇入返回或状态更新。,调用方提供满足参数类型、取值语义和默认值约定的输入；所属软件单元已经初始化并满足关联需求约束,返回 `HeadlineItem` 类型结果；静态扫描未发现直接外部副作用,未发现显式 raise,未检测到直接副作用,在调用方线程同步执行,strip;str;row.get;HeadlineItem,1,12,low,ARC-DATA,SWR-CORE-001;SWR-DATA-001;SWR-DATA-002;SWR-DATA-003;SWR-NFR-001,,静态分析与组件级验证,已按实现建立基线
FUN-99163599FB,UNIT-7020937074,src/data/sources/jin10_feed.py,118,_parse_article_item,internal,"(row: dict[str, Any])","`row`（dict[str, Any]）：当前记录行",返回 `HeadlineItem` 类型结果,解析`article_item`；返回 `HeadlineItem` 类型结果。,按源码执行顺序经过 `strip` → `row.get` → `HeadlineItem`；包含 2 个条件、循环、异常或模式匹配分支，分支结果汇入返回或状态更新。,调用方提供满足参数类型、取值语义和默认值约定的输入；所属软件单元已经初始化并满足关联需求约束,返回 `HeadlineItem` 类型结果；静态扫描未发现直接外部副作用,未发现显式 raise,未检测到直接副作用,在调用方线程同步执行,strip;str;row.get;HeadlineItem,2,16,low,ARC-DATA,SWR-CORE-001;SWR-DATA-001;SWR-DATA-002;SWR-DATA-003;SWR-NFR-001,,静态分析与组件级验证,已按实现建立基线
FUN-6AC6FD360C,UNIT-7020937074,src/data/sources/jin10_feed.py,136,_parse_calendar_row,internal,"(row: dict[str, Any])","`row`（dict[str, Any]）：当前记录行",返回 `CalendarEvent | None` 类型结果,解析`calendar_row`；返回 `CalendarEvent | None` 类型结果。,按源码执行顺序经过 `strip` → `row.get` → `is_gold_macro_event` → `CalendarEvent`；包含 4 个条件、循环、异常或模式匹配分支，分支结果汇入返回或状态更新。,调用方提供满足参数类型、取值语义和默认值约定的输入；所属软件单元已经初始化并满足关联需求约束,返回 `CalendarEvent | None` 类型结果；静态扫描未发现直接外部副作用,未发现显式 raise,未检测到直接副作用,在调用方线程同步执行,strip;str;row.get;is_gold_macro_event;CalendarEvent,4,24,low,ARC-DATA,SWR-CORE-001;SWR-DATA-001;SWR-DATA-002;SWR-DATA-003;SWR-NFR-001,,静态分析与组件级验证,已按实现建立基线
FUN-4CE9F1E780,UNIT-7020937074,src/data/sources/jin10_feed.py,162,_collect_items,internal,"(rows: list[dict[str, Any]], *, parse_fn: Callable[[dict[str, Any]], HeadlineItem], keyword: str, limit: int, fallback: bool)","`rows`（list[dict[str, Any]]）：记录行集合；`parse_fn`（Callable[[dict[str, Any]], HeadlineItem]）：调用方提供的回调函数；`keyword`（str）：由 `keyword` 表示的文本或标识；`limit`（int）：返回或处理数量上限；`fallback`（bool）：控制对应行为是否启用的布尔值",返回 `list[HeadlineItem]` 类型结果,收集`items`；返回 `list[HeadlineItem]` 类型结果。,按源码执行顺序经过 `parse_fn` → `_is_relevant` → `seen.add` → `items.append`；包含 7 个条件、循环、异常或模式匹配分支，分支结果汇入返回或状态更新。,调用方提供满足参数类型、取值语义和默认值约定的输入；所属软件单元已经初始化并满足关联需求约束,返回 `list[HeadlineItem]` 类型结果；静态扫描未发现直接外部副作用,未发现显式 raise,未检测到直接副作用,在调用方线程同步执行,set;parse_fn;_is_relevant;seen.add;items.append;len,7,25,low,ARC-DATA,SWR-CORE-001;SWR-DATA-001;SWR-DATA-002;SWR-DATA-003;SWR-NFR-001,,静态分析与组件级验证,已按实现建立基线
FUN-E38A05CB72,UNIT-7020937074,src/data/sources/jin10_feed.py,189,fetch_jin10_flash,public,(),无显式输入参数,"返回 `tuple[list[HeadlineItem], str | None]` 类型结果","获取`jin10_flash`；可能影响共享状态；返回 `tuple[list[HeadlineItem], str | None]` 类型结果。",按源码执行顺序经过 `JIN10_KEYWORD.strip` → `jin10_call_tool` → `_cached` → `_collect_items` → `_iter_rows`；包含 3 个条件、循环、异常或模式匹配分支，分支结果汇入返回或状态更新。,无需调用方提供显式参数；所属软件单元已经初始化并满足关联需求约束,"返回 `tuple[list[HeadlineItem], str | None]` 类型结果；可观察变化限于共享状态",未发现显式 raise,共享状态变更,在调用方线程同步执行,JIN10_KEYWORD.strip;jin10_call_tool;_cached;_collect_items;_iter_rows,3,22,medium,ARC-DATA,SWR-CORE-001;SWR-DATA-001;SWR-DATA-002;SWR-DATA-003;SWR-NFR-001,tests/unit/test_external_sources.py,直接动态测试,已按实现建立基线
FUN-E26F91DAA9,UNIT-7020937074,src/data/sources/jin10_feed.py,196,fetch_jin10_flash._pull,internal,(),无显式输入参数,返回 `Any` 类型结果,生成`pull`结果；返回 `Any` 类型结果。,按源码执行顺序经过 `jin10_call_tool`；不包含显式控制分支。,无需调用方提供显式参数；所属软件单元已经初始化并满足关联需求约束,返回 `Any` 类型结果；静态扫描未发现直接外部副作用,未发现显式 raise,未检测到直接副作用,在调用方线程同步执行,jin10_call_tool,0,2,low,ARC-DATA,SWR-CORE-001;SWR-DATA-001;SWR-DATA-002;SWR-DATA-003;SWR-NFR-001,,静态分析与组件级验证,已按实现建立基线
FUN-FA951F8508,UNIT-7020937074,src/data/sources/jin10_feed.py,213,fetch_jin10_articles,public,(),无显式输入参数,"返回 `tuple[list[HeadlineItem], str | None]` 类型结果","获取`jin10_articles`；可能影响共享状态；返回 `tuple[list[HeadlineItem], str | None]` 类型结果。",按源码执行顺序经过 `JIN10_KEYWORD.strip` → `jin10_call_tool` → `_cached` → `_collect_items` → `_iter_rows`；包含 4 个条件、循环、异常或模式匹配分支，分支结果汇入返回或状态更新。,无需调用方提供显式参数；所属软件单元已经初始化并满足关联需求约束,"返回 `tuple[list[HeadlineItem], str | None]` 类型结果；可观察变化限于共享状态",未发现显式 raise,共享状态变更,在调用方线程同步执行,JIN10_KEYWORD.strip;jin10_call_tool;_cached;_collect_items;_iter_rows,4,24,medium,ARC-DATA,SWR-CORE-001;SWR-DATA-001;SWR-DATA-002;SWR-DATA-003;SWR-NFR-001,tests/unit/test_external_sources.py,直接动态测试,已按实现建立基线
FUN-82911D6A6C,UNIT-7020937074,src/data/sources/jin10_feed.py,220,fetch_jin10_articles._pull,internal,(),无显式输入参数,返回 `Any` 类型结果,生成`pull`结果；返回 `Any` 类型结果。,按源码执行顺序经过 `jin10_call_tool`；包含 1 个条件、循环、异常或模式匹配分支，分支结果汇入返回或状态更新。,无需调用方提供显式参数；所属软件单元已经初始化并满足关联需求约束,返回 `Any` 类型结果；静态扫描未发现直接外部副作用,未发现显式 raise,未检测到直接副作用,在调用方线程同步执行,jin10_call_tool,1,4,low,ARC-DATA,SWR-CORE-001;SWR-DATA-001;SWR-DATA-002;SWR-DATA-003;SWR-NFR-001,,静态分析与组件级验证,已按实现建立基线
FUN-8780D21897,UNIT-7020937074,src/data/sources/jin10_feed.py,239,fetch_jin10_calendar,public,(),无显式输入参数,"返回 `tuple[list[CalendarEvent], str | None]` 类型结果","获取`jin10_calendar`；可能影响共享状态；返回 `tuple[list[CalendarEvent], str | None]` 类型结果。",按源码执行顺序经过 `jin10_call_tool` → `_cached` → `_iter_rows` → `_parse_calendar_row` → `ev.display` → `seen.add` → `events.append`；包含 7 个条件、循环、异常或模式匹配分支，分支结果汇入返回或状态更新。,无需调用方提供显式参数；所属软件单元已经初始化并满足关联需求约束,"返回 `tuple[list[CalendarEvent], str | None]` 类型结果；可观察变化限于共享状态",未发现显式 raise,共享状态变更,在调用方线程同步执行,jin10_call_tool;_cached;set;_iter_rows;_parse_calendar_row;ev.display;seen.add;events.append;len,7,28,medium,ARC-DATA,SWR-CORE-001;SWR-DATA-001;SWR-DATA-002;SWR-DATA-003;SWR-NFR-001,tests/unit/test_external_sources.py,直接动态测试,已按实现建立基线
FUN-BD5C7672D7,UNIT-7020937074,src/data/sources/jin10_feed.py,243,fetch_jin10_calendar._pull,internal,(),无显式输入参数,返回 `Any` 类型结果,生成`pull`结果；返回 `Any` 类型结果。,按源码执行顺序经过 `jin10_call_tool`；不包含显式控制分支。,无需调用方提供显式参数；所属软件单元已经初始化并满足关联需求约束,返回 `Any` 类型结果；静态扫描未发现直接外部副作用,未发现显式 raise,未检测到直接副作用,在调用方线程同步执行,jin10_call_tool,0,2,low,ARC-DATA,SWR-CORE-001;SWR-DATA-001;SWR-DATA-002;SWR-DATA-003;SWR-NFR-001,,静态分析与组件级验证,已按实现建立基线
FUN-051831AC48,UNIT-7020937074,src/data/sources/jin10_feed.py,269,fetch_jin10_risk_events,public,(),无显式输入参数,"返回 `tuple[str, str | None]` 类型结果","获取`jin10_risk_events`；可能影响外部接口；返回 `tuple[str, str | None]` 类型结果。",按源码执行顺序经过 `fetch_jin10_calendar` → `filter_upcoming_calendar_events` → `calendar_to_risk_text`；包含 2 个条件、循环、异常或模式匹配分支，分支结果汇入返回或状态更新。,无需调用方提供显式参数；所属软件单元已经初始化并满足关联需求约束；外部客户端、凭据、网络和超时策略已按运行配置准备,"返回 `tuple[str, str | None]` 类型结果；可观察变化限于外部接口",未发现显式 raise,外部接口 I/O,在调用方线程同步执行,fetch_jin10_calendar;filter_upcoming_calendar_events;calendar_to_risk_text,2,9,high,ARC-DATA,SWR-CORE-001;SWR-DATA-001;SWR-DATA-002;SWR-DATA-003;SWR-NFR-001,,静态分析与组件级验证,已按实现建立基线
FUN-BB6EF855AA,UNIT-7020937074,src/data/sources/jin10_feed.py,280,fetch_jin10_bundle,public,(),无显式输入参数,返回 `Jin10NewsBundle` 类型结果,获取`jin10_bundle`；可能影响外部接口；返回 `Jin10NewsBundle` 类型结果。,按源码执行顺序经过 `Jin10NewsBundle` → `bundle.errors.append` → `fetch_jin10_flash` → `bundle.sources.append` → `fetch_jin10_articles` → `fetch_jin10_calendar` → `filter_upcoming_calendar_events` → `calendar_to_risk_text`；包含 7 个条件、循环、异常或模式匹配分支，分支结果汇入返回或状态更新。,无需调用方提供显式参数；所属软件单元已经初始化并满足关联需求约束；外部客户端、凭据、网络和超时策略已按运行配置准备,返回 `Jin10NewsBundle` 类型结果；可观察变化限于外部接口,未发现显式 raise,外部接口 I/O,在调用方线程同步执行,Jin10NewsBundle;bundle.errors.append;fetch_jin10_flash;bundle.sources.append;fetch_jin10_articles;fetch_jin10_calendar;filter_upcoming_calendar_events;calendar_to_risk_text,7,36,high,ARC-DATA,SWR-CORE-001;SWR-DATA-001;SWR-DATA-002;SWR-DATA-003;SWR-NFR-001,tests/integration/test_external_apis.py;tests/unit/test_external_sources.py,直接动态测试,已按实现建立基线
FUN-B4EF16EE9F,UNIT-7020937074,src/data/sources/jin10_feed.py,321,fetch_jin10_quote,public,(code: str | None=None),`code`（str | None）：由调用方提供的 `code` 输入对象；默认值 `None`,"返回 `tuple[dict[str, Any] | None, str | None]` 类型结果","获取`jin10_quote`；可能影响共享状态；返回 `tuple[dict[str, Any] | None, str | None]` 类型结果。",按源码执行顺序经过 `strip` → `jin10_call_tool` → `_cached` → `isinstance` → `data.get`；包含 4 个条件、循环、异常或模式匹配分支，分支结果汇入返回或状态更新。,调用方提供满足参数类型、取值语义和默认值约定的输入；所属软件单元已经初始化并满足关联需求约束,"返回 `tuple[dict[str, Any] | None, str | None]` 类型结果；可观察变化限于共享状态",未发现显式 raise,共享状态变更,在调用方线程同步执行,strip;jin10_call_tool;_cached;isinstance;data.get,4,20,medium,ARC-DATA,SWR-CORE-001;SWR-DATA-001;SWR-DATA-002;SWR-DATA-003;SWR-NFR-001,,静态分析与组件级验证,已按实现建立基线
FUN-67EF031B31,UNIT-7020937074,src/data/sources/jin10_feed.py,329,fetch_jin10_quote._pull,internal,(),无显式输入参数,返回 `Any` 类型结果,生成`pull`结果；返回 `Any` 类型结果。,按源码执行顺序经过 `jin10_call_tool`；不包含显式控制分支。,无需调用方提供显式参数；所属软件单元已经初始化并满足关联需求约束,返回 `Any` 类型结果；静态扫描未发现直接外部副作用,未发现显式 raise,未检测到直接副作用,在调用方线程同步执行,jin10_call_tool,0,2,low,ARC-DATA,SWR-CORE-001;SWR-DATA-001;SWR-DATA-002;SWR-DATA-003;SWR-NFR-001,,静态分析与组件级验证,已按实现建立基线
FUN-FBCED9BBE7,UNIT-7020937074,src/data/sources/jin10_feed.py,343,_normalize_kline_bars,internal,(data: Any),`data`（Any）：输入数据,"返回 `list[dict[str, Any]]` 类型结果","标准化`kline_bars`；返回 `list[dict[str, Any]]` 类型结果。",按源码执行顺序经过 `_iter_rows` → `row.get` → `bars.append`；包含 3 个条件、循环、异常或模式匹配分支，分支结果汇入返回或状态更新。,调用方提供满足参数类型、取值语义和默认值约定的输入；所属软件单元已经初始化并满足关联需求约束,"返回 `list[dict[str, Any]]` 类型结果；静态扫描未发现直接外部副作用",未发现显式 raise,未检测到直接副作用,在调用方线程同步执行,_iter_rows;row.get;float;bars.append,3,22,low,ARC-DATA,SWR-CORE-001;SWR-DATA-001;SWR-DATA-002;SWR-DATA-003;SWR-NFR-001,,静态分析与组件级验证,已按实现建立基线
FUN-759EAF2C78,UNIT-7020937074,src/data/sources/jin10_feed.py,367,fetch_jin10_kline,public,"(code: str | None=None, *, period: str | None=None, count: int | None=None)",`code`（str | None）：由调用方提供的 `code` 输入对象；默认值 `None`；`period`（str | None）：计算周期长度；默认值 `None`；`count`（int | None）：由调用方提供的 `count` 输入对象；默认值 `None`,"返回 `tuple[list[dict[str, Any]], str | None]` 类型结果","获取`jin10_kline`；可能影响共享状态；返回 `tuple[list[dict[str, Any]], str | None]` 类型结果。",按源码执行顺序经过 `strip` → `jin10_call_tool` → `_cached` → `isinstance` → `data.get` → `_normalize_kline_bars`；包含 6 个条件、循环、异常或模式匹配分支，分支结果汇入返回或状态更新。,调用方提供满足参数类型、取值语义和默认值约定的输入；所属软件单元已经初始化并满足关联需求约束,"返回 `tuple[list[dict[str, Any]], str | None]` 类型结果；可观察变化限于共享状态",未发现显式 raise,共享状态变更,在调用方线程同步执行,strip;jin10_call_tool;_cached;isinstance;data.get;_normalize_kline_bars,6,34,medium,ARC-DATA,SWR-CORE-001;SWR-DATA-001;SWR-DATA-002;SWR-DATA-003;SWR-NFR-001,,静态分析与组件级验证,已按实现建立基线
FUN-C4ACAB9575,UNIT-7020937074,src/data/sources/jin10_feed.py,386,fetch_jin10_kline._pull,internal,(),无显式输入参数,返回 `Any` 类型结果,生成`pull`结果；返回 `Any` 类型结果。,按源码执行顺序经过 `jin10_call_tool`；包含 1 个条件、循环、异常或模式匹配分支，分支结果汇入返回或状态更新。,无需调用方提供显式参数；所属软件单元已经初始化并满足关联需求约束,返回 `Any` 类型结果；静态扫描未发现直接外部副作用,未发现显式 raise,未检测到直接副作用,在调用方线程同步执行,jin10_call_tool,1,5,low,ARC-DATA,SWR-CORE-001;SWR-DATA-001;SWR-DATA-002;SWR-DATA-003;SWR-NFR-001,,静态分析与组件级验证,已按实现建立基线
FUN-A697C9BE9D,UNIT-927BB1749D,src/data/sources/jin10_mcp_client.py,25,_parse_sse,internal,(text: str),`text`（str）：输入文本,"返回 `list[dict[str, Any]]` 类型结果","解析`sse`；返回 `list[dict[str, Any]]` 类型结果。",按源码执行顺序经过 `text.find` → `RuntimeError` → `strip` → `json.loads` → `splitlines` → `line.startswith` → `buf.append` → `join`；包含 5 个条件、循环、异常或模式匹配分支，分支结果汇入返回或状态更新。,调用方提供满足参数类型、取值语义和默认值约定的输入；所属软件单元已经初始化并满足关联需求约束,"返回 `list[dict[str, Any]]` 类型结果；静态扫描未发现直接外部副作用",RuntimeError,未检测到直接副作用,在调用方线程同步执行,text.find;RuntimeError;strip;len;json.loads;splitlines;line.startswith;buf.append;join,5,26,low,ARC-DATA,SWR-CORE-001;SWR-DATA-001;SWR-DATA-002;SWR-DATA-003;SWR-NFR-001,,静态分析与组件级验证,已按实现建立基线
FUN-78F0060E7A,UNIT-927BB1749D,src/data/sources/jin10_mcp_client.py,53,_pick_data,internal,"(result: dict[str, Any] | None)","`result`（dict[str, Any] | None）：处理结果",返回 `Any` 类型结果,生成`pick_data`结果；返回 `Any` 类型结果。,按源码执行顺序经过 `result.get` → `isinstance` → `block.get` → `json.loads`；包含 7 个条件、循环、异常或模式匹配分支，分支结果汇入返回或状态更新。,调用方提供满足参数类型、取值语义和默认值约定的输入；所属软件单元已经初始化并满足关联需求约束,返回 `Any` 类型结果；静态扫描未发现直接外部副作用,未发现显式 raise,未检测到直接副作用,在调用方线程同步执行,result.get;isinstance;block.get;json.loads,7,16,low,ARC-DATA,SWR-CORE-001;SWR-DATA-001;SWR-DATA-002;SWR-DATA-003;SWR-NFR-001,,静态分析与组件级验证,已按实现建立基线
FUN-84897C5CCE,UNIT-927BB1749D,src/data/sources/jin10_mcp_client.py,72,Jin10McpClient.__init__,internal,"(self, *, token: str, url: str=JIN10_MCP_URL, protocol: str=JIN10_MCP_PROTOCOL)",`token`（str）：标记或认证令牌；`url`（str）：外部资源地址；默认值 `JIN10_MCP_URL`；`protocol`（str）：由 `protocol` 表示的文本或标识；默认值 `JIN10_MCP_PROTOCOL`,无返回值（None）,初始化当前类实例并建立字段约束；无返回值（None）。,直接通过表达式、字段访问或常量完成处理；不包含显式控制分支。,调用方提供满足参数类型、取值语义和默认值约定的输入；所属软件单元已经初始化并满足关联需求约束,无返回值（None）；静态扫描未发现直接外部副作用,未发现显式 raise,未检测到直接副作用,在调用方线程同步执行,none,0,6,low,ARC-DATA,SWR-CORE-001;SWR-DATA-001;SWR-DATA-002;SWR-DATA-003;SWR-NFR-001,,静态分析与组件级验证,已按实现建立基线
FUN-45A198880A,UNIT-927BB1749D,src/data/sources/jin10_mcp_client.py,79,Jin10McpClient._headers,internal,(self),无显式输入参数,"返回 `dict[str, str]` 类型结果","构建`headers`；返回 `dict[str, str]` 类型结果。",直接通过表达式、字段访问或常量完成处理；包含 1 个条件、循环、异常或模式匹配分支，分支结果汇入返回或状态更新。,无需调用方提供显式参数；所属软件单元已经初始化并满足关联需求约束,"返回 `dict[str, str]` 类型结果；静态扫描未发现直接外部副作用",未发现显式 raise,未检测到直接副作用,在调用方线程同步执行,none,1,8,low,ARC-DATA,SWR-CORE-001;SWR-DATA-001;SWR-DATA-002;SWR-DATA-003;SWR-NFR-001,,静态分析与组件级验证,已按实现建立基线
FUN-9CB066A5E9,UNIT-927BB1749D,src/data/sources/jin10_mcp_client.py,88,Jin10McpClient._next_id,internal,(self),无显式输入参数,返回 `int` 类型结果,计算`next_id`；返回 `int` 类型结果。,直接通过表达式、字段访问或常量完成处理；不包含显式控制分支。,无需调用方提供显式参数；所属软件单元已经初始化并满足关联需求约束,返回 `int` 类型结果；静态扫描未发现直接外部副作用,未发现显式 raise,未检测到直接副作用,在调用方线程同步执行,none,0,3,low,ARC-DATA,SWR-CORE-001;SWR-DATA-001;SWR-DATA-002;SWR-DATA-003;SWR-NFR-001,,静态分析与组件级验证,已按实现建立基线
FUN-48E026A8BB,UNIT-927BB1749D,src/data/sources/jin10_mcp_client.py,92,Jin10McpClient._post,internal,"(self, body: dict[str, Any], *, expect_response: bool=True)","`body`（dict[str, Any]）：由 `body` 表示的键值映射；`expect_response`（bool）：控制对应行为是否启用的布尔值；默认值 `True`",返回 `Any` 类型结果,生成`post`结果；可能影响外部接口；返回 `Any` 类型结果。,按源码执行顺序经过 `range` → `requests.post` → `self._headers` → `time.sleep` → `RuntimeError` → `resp.headers.get` → `resp.content.decode` → `_parse_sse`；包含 9 个条件、循环、异常或模式匹配分支，分支结果汇入返回或状态更新。,调用方提供满足参数类型、取值语义和默认值约定的输入；所属软件单元已经初始化并满足关联需求约束；外部客户端、凭据、网络和超时策略已按运行配置准备,返回 `Any` 类型结果；可观察变化限于外部接口,RuntimeError,外部接口 I/O,在调用方线程同步执行,range;requests.post;self._headers;time.sleep;RuntimeError;resp.headers.get;resp.content.decode;_parse_sse;next;e.get;rpc.get;err.get,9,43,high,ARC-DATA,SWR-CORE-001;SWR-DATA-001;SWR-DATA-002;SWR-DATA-003;SWR-NFR-001,,静态分析与组件级验证,已按实现建立基线
FUN-72BB9B66CE,UNIT-927BB1749D,src/data/sources/jin10_mcp_client.py,136,Jin10McpClient.connect,public,(self),无显式输入参数,无返回值（None）,执行`connect`处理；无返回值（None）。,按源码执行顺序经过 `self._post` → `self._next_id`；不包含显式控制分支。,无需调用方提供显式参数；所属软件单元已经初始化并满足关联需求约束,无返回值（None）；静态扫描未发现直接外部副作用,未发现显式 raise,未检测到直接副作用,在调用方线程同步执行,self._post;self._next_id,0,17,medium,ARC-DATA,SWR-CORE-001;SWR-DATA-001;SWR-DATA-002;SWR-DATA-003;SWR-NFR-001,tests/unit/test_llm_client_timeouts.py,直接动态测试,已按实现建立基线
FUN-F9D2C12D6E,UNIT-927BB1749D,src/data/sources/jin10_mcp_client.py,154,Jin10McpClient.call_tool,public,"(self, name: str, arguments: dict[str, Any] | None=None)","`name`（str）：对象名称；`arguments`（dict[str, Any] | None）：由 `arguments` 表示的键值映射；默认值 `None`",返回 `Any` 类型结果,生成`call_tool`结果；返回 `Any` 类型结果。,按源码执行顺序经过 `self._post` → `self._next_id` → `isinstance` → `result.get` → `RuntimeError` → `_pick_data`；包含 1 个条件、循环、异常或模式匹配分支，分支结果汇入返回或状态更新。,调用方提供满足参数类型、取值语义和默认值约定的输入；所属软件单元已经初始化并满足关联需求约束,返回 `Any` 类型结果；静态扫描未发现直接外部副作用,RuntimeError,未检测到直接副作用,在调用方线程同步执行,self._post;self._next_id;isinstance;result.get;RuntimeError;_pick_data,1,12,medium,ARC-DATA,SWR-CORE-001;SWR-DATA-001;SWR-DATA-002;SWR-DATA-003;SWR-NFR-001,,静态分析与组件级验证,已按实现建立基线
FUN-6B5241464F,UNIT-927BB1749D,src/data/sources/jin10_mcp_client.py,168,get_jin10_client,public,(),无显式输入参数,返回 `Jin10McpClient` 类型结果,获取`jin10_client`；可能影响外部接口；返回 `Jin10McpClient` 类型结果。,按源码执行顺序经过 `RuntimeError` → `time.time` → `_SESSION.get` → `Jin10McpClient` → `client.connect`；包含 2 个条件、循环、异常或模式匹配分支，分支结果汇入返回或状态更新。,无需调用方提供显式参数；所属软件单元已经初始化并满足关联需求约束；外部客户端、凭据、网络和超时策略已按运行配置准备,返回 `Jin10McpClient` 类型结果；可观察变化限于外部接口,RuntimeError,外部接口 I/O,在调用方线程同步执行,RuntimeError;time.time;_SESSION.get;float;Jin10McpClient;client.connect,2,12,high,ARC-DATA,SWR-CORE-001;SWR-DATA-001;SWR-DATA-002;SWR-DATA-003;SWR-NFR-001,,静态分析与组件级验证,已按实现建立基线
FUN-57BE12AE7A,UNIT-927BB1749D,src/data/sources/jin10_mcp_client.py,182,jin10_call_tool,public,"(name: str, arguments: dict[str, Any] | None=None)","`name`（str）：对象名称；`arguments`（dict[str, Any] | None）：由 `arguments` 表示的键值映射；默认值 `None`",返回 `Any` 类型结果,生成`jin10_call_tool`结果；返回 `Any` 类型结果。,按源码执行顺序经过 `call_tool` → `get_jin10_client`；不包含显式控制分支。,调用方提供满足参数类型、取值语义和默认值约定的输入；所属软件单元已经初始化并满足关联需求约束,返回 `Any` 类型结果；静态扫描未发现直接外部副作用,未发现显式 raise,未检测到直接副作用,在调用方线程同步执行,call_tool;get_jin10_client,0,2,medium,ARC-DATA,SWR-CORE-001;SWR-DATA-001;SWR-DATA-002;SWR-DATA-003;SWR-NFR-001,tests/unit/test_external_sources.py,直接动态测试,已按实现建立基线
FUN-9A59422023,UNIT-FE5C27C113,src/data/sources/macro.py,17,_daily_change,internal,(df),`df`（实现约定类型）：输入数据表,"返回 `tuple[float, float, float]` 类型结果","构建`daily_change`；返回 `tuple[float, float, float]` 类型结果。",直接通过表达式、字段访问或常量完成处理；包含 1 个条件、循环、异常或模式匹配分支，分支结果汇入返回或状态更新。,调用方提供满足参数类型、取值语义和默认值约定的输入；所属软件单元已经初始化并满足关联需求约束,"返回 `tuple[float, float, float]` 类型结果；静态扫描未发现直接外部副作用",未发现显式 raise,未检测到直接副作用,在调用方线程同步执行,float,1,5,low,ARC-DATA,SWR-CORE-001;SWR-DATA-001;SWR-DATA-002;SWR-DATA-003;SWR-NFR-001,,静态分析与组件级验证,已按实现建立基线
FUN-E016877E87,UNIT-FE5C27C113,src/data/sources/macro.py,24,_gold_bias_from_change,internal,"(change_pct: float, *, invert: bool)",`change_pct`（float）：百分比数值；`invert`（bool）：控制对应行为是否启用的布尔值,"返回 `tuple[str, str]` 类型结果","根据`change`构建`gold_bias`；返回 `tuple[str, str]` 类型结果。",直接通过表达式、字段访问或常量完成处理；包含 5 个条件、循环、异常或模式匹配分支，分支结果汇入返回或状态更新。,调用方提供满足参数类型、取值语义和默认值约定的输入；所属软件单元已经初始化并满足关联需求约束,"返回 `tuple[str, str]` 类型结果；静态扫描未发现直接外部副作用",未发现显式 raise,未检测到直接副作用,在调用方线程同步执行,none,5,14,low,ARC-DATA,SWR-CORE-001;SWR-DATA-001;SWR-DATA-002;SWR-DATA-003;SWR-NFR-001,,静态分析与组件级验证,已按实现建立基线
FUN-708B026267,UNIT-FE5C27C113,src/data/sources/macro.py,40,fetch_dxy_quote,public,(),无显式输入参数,返回 `MacroQuote | None` 类型结果,获取`dxy_quote`；可能影响外部接口；返回 `MacroQuote | None` 类型结果。,按源码执行顺序经过 `fetch_symbol_daily` → `_daily_change` → `_gold_bias_from_change` → `MacroQuote` → `round` → `log.warning`；包含 4 个条件、循环、异常或模式匹配分支，分支结果汇入返回或状态更新。,无需调用方提供显式参数；所属软件单元已经初始化并满足关联需求约束；外部客户端、凭据、网络和超时策略已按运行配置准备,返回 `MacroQuote | None` 类型结果；可观察变化限于外部接口,未发现显式 raise,外部接口 I/O,在调用方线程同步执行,fetch_symbol_daily;len;_daily_change;_gold_bias_from_change;MacroQuote;round;log.warning,4,25,high,ARC-DATA,SWR-CORE-001;SWR-DATA-001;SWR-DATA-002;SWR-DATA-003;SWR-NFR-001,,静态分析与组件级验证,已按实现建立基线
FUN-7BBBAADF8C,UNIT-FE5C27C113,src/data/sources/macro.py,67,fetch_us10y_quote,public,(),无显式输入参数,返回 `MacroQuote | None` 类型结果,获取`us10y_quote`；可能影响外部接口；返回 `MacroQuote | None` 类型结果。,按源码执行顺序经过 `fetch_symbol_daily` → `_daily_change` → `_gold_bias_from_change` → `MacroQuote` → `round` → `log.warning`；包含 4 个条件、循环、异常或模式匹配分支，分支结果汇入返回或状态更新。,无需调用方提供显式参数；所属软件单元已经初始化并满足关联需求约束；外部客户端、凭据、网络和超时策略已按运行配置准备,返回 `MacroQuote | None` 类型结果；可观察变化限于外部接口,未发现显式 raise,外部接口 I/O,在调用方线程同步执行,fetch_symbol_daily;len;_daily_change;_gold_bias_from_change;MacroQuote;round;log.warning,4,25,high,ARC-DATA,SWR-CORE-001;SWR-DATA-001;SWR-DATA-002;SWR-DATA-003;SWR-NFR-001,,静态分析与组件级验证,已按实现建立基线
FUN-777BC4DF7E,UNIT-FE5C27C113,src/data/sources/macro.py,94,fetch_macro_quotes,public,(),无显式输入参数,返回 `list[MacroQuote]` 类型结果,获取`macro_quotes`；返回 `list[MacroQuote]` 类型结果。,按源码执行顺序经过 `fn` → `quotes.append`；包含 2 个条件、循环、异常或模式匹配分支，分支结果汇入返回或状态更新。,无需调用方提供显式参数；所属软件单元已经初始化并满足关联需求约束,返回 `list[MacroQuote]` 类型结果；静态扫描未发现直接外部副作用,未发现显式 raise,未检测到直接副作用,在调用方线程同步执行,fn;quotes.append,2,7,medium,ARC-DATA,SWR-CORE-001;SWR-DATA-001;SWR-DATA-002;SWR-DATA-003;SWR-NFR-001,tests/unit/test_external_sources.py,直接动态测试,已按实现建立基线
FUN-55497EF40F,UNIT-603339624C,src/data/sources/market.py,16,MarketDataSource.__init__,internal,"(self, enriched: dict[str, pd.DataFrame])","`enriched`（dict[str, pd.DataFrame]）：已补充指标的行情数据",无返回值（None）,初始化当前类实例并建立字段约束；无返回值（None）。,直接通过表达式、字段访问或常量完成处理；不包含显式控制分支。,调用方提供满足参数类型、取值语义和默认值约定的输入；所属软件单元已经初始化并满足关联需求约束,无返回值（None）；静态扫描未发现直接外部副作用,未发现显式 raise,未检测到直接副作用,在调用方线程同步执行,none,0,2,low,ARC-DATA,SWR-CORE-001;SWR-DATA-001;SWR-DATA-002;SWR-DATA-003;SWR-NFR-001,,静态分析与组件级验证,已按实现建立基线
FUN-EEFF26C071,UNIT-603339624C,src/data/sources/market.py,19,MarketDataSource.fetch_evidence,public,(self),无显式输入参数,返回 `list[EvidenceItem]` 类型结果,获取证据；返回 `list[EvidenceItem]` 类型结果。,按源码执行顺序经过 `daily_metrics` → `EvidenceItem` → `min` → `abs` → `pd.notna` → `items.append`；包含 3 个条件、循环、异常或模式匹配分支，分支结果汇入返回或状态更新。,无需调用方提供显式参数；所属软件单元已经初始化并满足关联需求约束,返回 `list[EvidenceItem]` 类型结果；静态扫描未发现直接外部副作用,未发现显式 raise,未检测到直接副作用,在调用方线程同步执行,daily_metrics;EvidenceItem;min;abs;pd.notna;float;items.append,3,37,medium,ARC-DATA,SWR-CORE-001;SWR-DATA-001;SWR-DATA-002;SWR-DATA-003;SWR-NFR-001,tests/unit/test_external_sources.py,直接动态测试,已按实现建立基线
FUN-495F172DB6,UNIT-58D6F95301,src/data/sources/news.py,12,_bundle_to_external,internal,(bundle: Jin10NewsBundle),`bundle`（Jin10NewsBundle）：由调用方提供的 `bundle` 输入对象,返回 `ExternalFactors` 类型结果,生成`bundle_to_external`结果；返回 `ExternalFactors` 类型结果。,按源码执行顺序经过 `ExternalFactors` → `headlines_to_strings` → `sync_external_legacy_fields`；包含 2 个条件、循环、异常或模式匹配分支，分支结果汇入返回或状态更新。,调用方提供满足参数类型、取值语义和默认值约定的输入；所属软件单元已经初始化并满足关联需求约束,返回 `ExternalFactors` 类型结果；静态扫描未发现直接外部副作用,未发现显式 raise,未检测到直接副作用,在调用方线程同步执行,ExternalFactors;headlines_to_strings;list;sync_external_legacy_fields,2,18,low,ARC-DATA,SWR-CORE-001;SWR-DATA-001;SWR-DATA-002;SWR-DATA-003;SWR-NFR-001,,静态分析与组件级验证,已按实现建立基线
FUN-1E1D7D437A,UNIT-58D6F95301,src/data/sources/news.py,32,external_to_evidence,public,"(ext: ExternalFactors, *, is_live: bool)",`ext`（ExternalFactors）：由调用方提供的 `ext` 输入对象；`is_live`（bool）：控制对应行为是否启用的布尔值,返回 `list[EvidenceItem]` 类型结果,构建`external_to_evidence`；返回 `list[EvidenceItem]` 类型结果。,按源码执行顺序经过 `items.append` → `EvidenceItem` → `ev.display` → `min` → `any`；包含 10 个条件、循环、异常或模式匹配分支，分支结果汇入返回或状态更新。,调用方提供满足参数类型、取值语义和默认值约定的输入；所属软件单元已经初始化并满足关联需求约束,返回 `list[EvidenceItem]` 类型结果；静态扫描未发现直接外部副作用,未发现显式 raise,未检测到直接副作用,在调用方线程同步执行,items.append;EvidenceItem;ev.display;min;any,10,57,medium,ARC-DATA,SWR-CORE-001;SWR-DATA-001;SWR-DATA-002;SWR-DATA-003;SWR-NFR-001,,静态分析与组件级验证,已按实现建立基线
FUN-AD19EB744E,UNIT-58D6F95301,src/data/sources/news.py,94,NewsDataSource.fetch_external,public,(self),无显式输入参数,返回 `ExternalFactors` 类型结果,获取外部数据快照；可能影响外部接口；返回 `ExternalFactors` 类型结果。,按源码执行顺序经过 `_bundle_to_external` → `fetch_jin10_bundle`；不包含显式控制分支。,无需调用方提供显式参数；所属软件单元已经初始化并满足关联需求约束；外部客户端、凭据、网络和超时策略已按运行配置准备,返回 `ExternalFactors` 类型结果；可观察变化限于外部接口,未发现显式 raise,外部接口 I/O,在调用方线程同步执行,_bundle_to_external;fetch_jin10_bundle,0,2,high,ARC-DATA,SWR-CORE-001;SWR-DATA-001;SWR-DATA-002;SWR-DATA-003;SWR-NFR-001,tests/integration/test_external_apis.py;tests/unit/test_external_sources.py,直接动态测试,已按实现建立基线
FUN-DE57FB8E2A,UNIT-58D6F95301,src/data/sources/news.py,97,NewsDataSource.fetch_evidence,public,(self),无显式输入参数,返回 `list[EvidenceItem]` 类型结果,获取证据；可能影响外部接口；返回 `list[EvidenceItem]` 类型结果。,按源码执行顺序经过 `fetch_jin10_bundle` → `_bundle_to_external` → `external_to_evidence`；不包含显式控制分支。,无需调用方提供显式参数；所属软件单元已经初始化并满足关联需求约束；外部客户端、凭据、网络和超时策略已按运行配置准备,返回 `list[EvidenceItem]` 类型结果；可观察变化限于外部接口,未发现显式 raise,外部接口 I/O,在调用方线程同步执行,fetch_jin10_bundle;_bundle_to_external;external_to_evidence,0,4,high,ARC-DATA,SWR-CORE-001;SWR-DATA-001;SWR-DATA-002;SWR-DATA-003;SWR-NFR-001,tests/unit/test_external_sources.py,直接动态测试,已按实现建立基线
FUN-95201E57FD,UNIT-BA8DF8A829,src/data/sources/social.py,14,SocialDataSource.fetch_external,public,(self),无显式输入参数,返回 `ExternalFactors` 类型结果,获取外部数据快照；可能影响外部接口；返回 `ExternalFactors` 类型结果。,按源码执行顺序经过 `fetch_social_sentiment` → `refs.get` → `ExternalFactors`；包含 3 个条件、循环、异常或模式匹配分支，分支结果汇入返回或状态更新。,无需调用方提供显式参数；所属软件单元已经初始化并满足关联需求约束；外部客户端、凭据、网络和超时策略已按运行配置准备,返回 `ExternalFactors` 类型结果；可观察变化限于外部接口,未发现显式 raise,外部接口 I/O,在调用方线程同步执行,fetch_social_sentiment;refs.get;ExternalFactors,3,13,high,ARC-DATA,SWR-CORE-001;SWR-DATA-001;SWR-DATA-002;SWR-DATA-003;SWR-NFR-001,tests/integration/test_external_apis.py;tests/unit/test_external_sources.py,直接动态测试,已按实现建立基线
FUN-99EAFC0124,UNIT-BA8DF8A829,src/data/sources/social.py,28,SocialDataSource.fetch_external_summary,public,(self),无显式输入参数,"返回 `tuple[str, dict]` 类型结果","获取`external_summary`；可能影响外部接口；返回 `tuple[str, dict]` 类型结果。",按源码执行顺序经过 `fetch_social_sentiment`；不包含显式控制分支。,无需调用方提供显式参数；所属软件单元已经初始化并满足关联需求约束；外部客户端、凭据、网络和超时策略已按运行配置准备,"返回 `tuple[str, dict]` 类型结果；可观察变化限于外部接口",未发现显式 raise,外部接口 I/O,在调用方线程同步执行,fetch_social_sentiment,0,3,high,ARC-DATA,SWR-CORE-001;SWR-DATA-001;SWR-DATA-002;SWR-DATA-003;SWR-NFR-001,,静态分析与组件级验证,已按实现建立基线
FUN-AAD92EC141,UNIT-BA8DF8A829,src/data/sources/social.py,32,SocialDataSource.fetch_evidence,public,(self),无显式输入参数,返回 `list[EvidenceItem]` 类型结果,获取证据；可能影响外部接口；返回 `list[EvidenceItem]` 类型结果。,按源码执行顺序经过 `fetch_social_sentiment` → `refs.get` → `EvidenceItem` → `post.get` → `items.append` → `min`；包含 2 个条件、循环、异常或模式匹配分支，分支结果汇入返回或状态更新。,无需调用方提供显式参数；所属软件单元已经初始化并满足关联需求约束；外部客户端、凭据、网络和超时策略已按运行配置准备,返回 `list[EvidenceItem]` 类型结果；可观察变化限于外部接口,未发现显式 raise,外部接口 I/O,在调用方线程同步执行,fetch_social_sentiment;refs.get;EvidenceItem;post.get;str;int;items.append;min,2,32,high,ARC-DATA,SWR-CORE-001;SWR-DATA-001;SWR-DATA-002;SWR-DATA-003;SWR-NFR-001,tests/unit/test_external_sources.py,直接动态测试,已按实现建立基线
FUN-CAABB05BC5,UNIT-B05F7AFFA4,src/data/sources/social_feed.py,29,_tv_headers,internal,(symbol: str),`symbol`（str）：交易品种代码,"返回 `dict[str, str]` 类型结果","构建`tv_headers`；返回 `dict[str, str]` 类型结果。",直接通过表达式、字段访问或常量完成处理；不包含显式控制分支。,调用方提供满足参数类型、取值语义和默认值约定的输入；所属软件单元已经初始化并满足关联需求约束,"返回 `dict[str, str]` 类型结果；静态扫描未发现直接外部副作用",未发现显式 raise,未检测到直接副作用,在调用方线程同步执行,none,0,10,low,ARC-DATA,SWR-CORE-001;SWR-DATA-001;SWR-DATA-002;SWR-DATA-003;SWR-NFR-001,,静态分析与组件级验证,已按实现建立基线
FUN-A3DFEFA187,UNIT-B05F7AFFA4,src/data/sources/social_feed.py,41,_score_text,internal,(text: str),`text`（str）：输入文本,返回 `int` 类型结果,评分文本；返回 `int` 类型结果。,按源码执行顺序经过 `_BULL_WORDS.findall` → `_BEAR_WORDS.findall`；不包含显式控制分支。,调用方提供满足参数类型、取值语义和默认值约定的输入；所属软件单元已经初始化并满足关联需求约束,返回 `int` 类型结果；静态扫描未发现直接外部副作用,未发现显式 raise,未检测到直接副作用,在调用方线程同步执行,len;_BULL_WORDS.findall;_BEAR_WORDS.findall,0,4,low,ARC-DATA,SWR-CORE-001;SWR-DATA-001;SWR-DATA-002;SWR-DATA-003;SWR-NFR-001,,静态分析与组件级验证,已按实现建立基线
FUN-90FEED0DB0,UNIT-B05F7AFFA4,src/data/sources/social_feed.py,47,_flatten_ast,internal,(node: Any),`node`（Any）：AST 或结构节点,返回 `str` 类型结果,生成`flatten_ast`文本；返回 `str` 类型结果。,按源码执行顺序经过 `isinstance` → `strip` → `join` → `_flatten_ast` → `node.get` → `get` → `chunks.append`；包含 6 个条件、循环、异常或模式匹配分支，分支结果汇入返回或状态更新。,调用方提供满足参数类型、取值语义和默认值约定的输入；所属软件单元已经初始化并满足关联需求约束,返回 `str` 类型结果；静态扫描未发现直接外部副作用,未发现显式 raise,未检测到直接副作用,在调用方线程同步执行,isinstance;strip;join;_flatten_ast;node.get;str;get;chunks.append,6,15,low,ARC-DATA,SWR-CORE-001;SWR-DATA-001;SWR-DATA-002;SWR-DATA-003;SWR-NFR-001,,静态分析与组件级验证,已按实现建立基线
FUN-73C783A893,UNIT-B05F7AFFA4,src/data/sources/social_feed.py,64,_idea_bias,internal,(item: dict),`item`（dict）：当前处理条目,返回 `int` 类型结果,计算`idea_bias`；返回 `int` 类型结果。,按源码执行顺序经过 `item.get` → `isinstance` → `symbol.get` → `_DIRECTION_BIAS.get` → `_score_text`；包含 3 个条件、循环、异常或模式匹配分支，分支结果汇入返回或状态更新。,调用方提供满足参数类型、取值语义和默认值约定的输入；所属软件单元已经初始化并满足关联需求约束,返回 `int` 类型结果；静态扫描未发现直接外部副作用,未发现显式 raise,未检测到直接副作用,在调用方线程同步执行,item.get;isinstance;symbol.get;_DIRECTION_BIAS.get;int;_score_text;str,3,11,low,ARC-DATA,SWR-CORE-001;SWR-DATA-001;SWR-DATA-002;SWR-DATA-003;SWR-NFR-001,,静态分析与组件级验证,已按实现建立基线
FUN-B89E173F01,UNIT-B05F7AFFA4,src/data/sources/social_feed.py,77,_mind_bias,internal,(item: dict),`item`（dict）：当前处理条目,返回 `int` 类型结果,计算`mind_bias`；返回 `int` 类型结果。,按源码执行顺序经过 `_score_text` → `_flatten_ast` → `item.get`；不包含显式控制分支。,调用方提供满足参数类型、取值语义和默认值约定的输入；所属软件单元已经初始化并满足关联需求约束,返回 `int` 类型结果；静态扫描未发现直接外部副作用,未发现显式 raise,未检测到直接副作用,在调用方线程同步执行,_score_text;_flatten_ast;item.get,0,2,low,ARC-DATA,SWR-CORE-001;SWR-DATA-001;SWR-DATA-002;SWR-DATA-003;SWR-NFR-001,,静态分析与组件级验证,已按实现建立基线
FUN-F4BB9EAD13,UNIT-B05F7AFFA4,src/data/sources/social_feed.py,81,parse_tv_ideas,public,(payload: dict),`payload`（dict）：结构化载荷,返回 `list[dict]` 类型结果,解析`tv_ideas`；返回 `list[dict]` 类型结果。,按源码执行顺序经过 `get` → `payload.get` → `ideas.get` → `isinstance` → `inner.get` → `strip` → `item.get` → `posts.append`；包含 7 个条件、循环、异常或模式匹配分支，分支结果汇入返回或状态更新。,调用方提供满足参数类型、取值语义和默认值约定的输入；所属软件单元已经初始化并满足关联需求约束,返回 `list[dict]` 类型结果；静态扫描未发现直接外部副作用,未发现显式 raise,未检测到直接副作用,在调用方线程同步执行,get;payload.get;ideas.get;isinstance;inner.get;strip;str;item.get;posts.append;user.get;int;_idea_bias,7,26,medium,ARC-DATA,SWR-CORE-001;SWR-DATA-001;SWR-DATA-002;SWR-DATA-003;SWR-NFR-001,tests/unit/test_external_sources.py,直接动态测试,已按实现建立基线
FUN-B5DC3CE070,UNIT-B05F7AFFA4,src/data/sources/social_feed.py,109,parse_tv_minds,public,(payload: dict),`payload`（dict）：结构化载荷,返回 `list[dict]` 类型结果,解析`tv_minds`；返回 `list[dict]` 类型结果。,按源码执行顺序经过 `get` → `payload.get` → `minds.get` → `isinstance` → `strip` → `_flatten_ast` → `item.get` → `posts.append`；包含 6 个条件、循环、异常或模式匹配分支，分支结果汇入返回或状态更新。,调用方提供满足参数类型、取值语义和默认值约定的输入；所属软件单元已经初始化并满足关联需求约束,返回 `list[dict]` 类型结果；静态扫描未发现直接外部副作用,未发现显式 raise,未检测到直接副作用,在调用方线程同步执行,get;payload.get;minds.get;isinstance;strip;_flatten_ast;item.get;posts.append;str;author.get;int;_mind_bias,6,25,medium,ARC-DATA,SWR-CORE-001;SWR-DATA-001;SWR-DATA-002;SWR-DATA-003;SWR-NFR-001,tests/unit/test_external_sources.py,直接动态测试,已按实现建立基线
FUN-CF2373671F,UNIT-B05F7AFFA4,src/data/sources/social_feed.py,136,_fetch_tv_json,internal,"(path: str, symbol: str)",`path`（str）：文件或目录路径；`symbol`（str）：交易品种代码,返回 `dict` 类型结果,获取`tv_json`；返回 `dict` 类型结果。,按源码执行顺序经过 `get_json` → `_tv_headers` → `isinstance`；包含 1 个条件、循环、异常或模式匹配分支，分支结果汇入返回或状态更新。,调用方提供满足参数类型、取值语义和默认值约定的输入；所属软件单元已经初始化并满足关联需求约束,返回 `dict` 类型结果；静态扫描未发现直接外部副作用,未发现显式 raise,未检测到直接副作用,在调用方线程同步执行,get_json;_tv_headers;isinstance,1,4,low,ARC-DATA,SWR-CORE-001;SWR-DATA-001;SWR-DATA-002;SWR-DATA-003;SWR-NFR-001,tests/unit/test_external_sources.py,直接动态测试,已按实现建立基线
FUN-B06D0A1526,UNIT-B05F7AFFA4,src/data/sources/social_feed.py,142,_collect_posts,internal,(symbol: str),`symbol`（str）：交易品种代码,返回 `list[dict]` 类型结果,收集`posts`；可能影响外部接口；返回 `list[dict]` 类型结果。,按源码执行顺序经过 `posts.extend` → `parse_tv_ideas` → `_fetch_tv_json` → `parse_tv_minds`；不包含显式控制分支。,调用方提供满足参数类型、取值语义和默认值约定的输入；所属软件单元已经初始化并满足关联需求约束；外部客户端、凭据、网络和超时策略已按运行配置准备,返回 `list[dict]` 类型结果；可观察变化限于外部接口,未发现显式 raise,外部接口 I/O,在调用方线程同步执行,posts.extend;parse_tv_ideas;_fetch_tv_json;parse_tv_minds,0,5,high,ARC-DATA,SWR-CORE-001;SWR-DATA-001;SWR-DATA-002;SWR-DATA-003;SWR-NFR-001,,静态分析与组件级验证,已按实现建立基线
FUN-C35DFF8BFE,UNIT-B05F7AFFA4,src/data/sources/social_feed.py,149,_summarize,internal,(posts: list[dict]),`posts`（list[dict]）：由 `posts` 表示的输入集合,"返回 `tuple[str, str, int, int]` 类型结果","汇总当前对象；返回 `tuple[str, str, int, int]` 类型结果。",按源码执行顺序经过 `post.get` → `max`；包含 6 个条件、循环、异常或模式匹配分支，分支结果汇入返回或状态更新。,调用方提供满足参数类型、取值语义和默认值约定的输入；所属软件单元已经初始化并满足关联需求约束,"返回 `tuple[str, str, int, int]` 类型结果；静态扫描未发现直接外部副作用",未发现显式 raise,未检测到直接副作用,在调用方线程同步执行,int;post.get;max;len,6,43,medium,ARC-DATA,SWR-CORE-001;SWR-DATA-001;SWR-DATA-002;SWR-DATA-003;SWR-NFR-001,,静态分析与组件级验证,已按实现建立基线
FUN-E5DA3D3910,UNIT-B05F7AFFA4,src/data/sources/social_feed.py,194,fetch_social_sentiment,public,(),无显式输入参数,"返回 `tuple[str, list[dict], dict]` 类型结果","获取`social_sentiment`；返回 `tuple[str, list[dict], dict]` 类型结果。",按源码执行顺序经过 `upper` → `TV_SOCIAL_SYMBOL.strip` → `_collect_posts` → `_summarize` → `post.get` → `samples.append` → `sorted` → `p.get`；包含 10 个条件、循环、异常或模式匹配分支，分支结果汇入返回或状态更新。,无需调用方提供显式参数；所属软件单元已经初始化并满足关联需求约束,"返回 `tuple[str, list[dict], dict]` 类型结果；静态扫描未发现直接外部副作用",未发现显式 raise,未检测到直接副作用,在调用方线程同步执行,upper;TV_SOCIAL_SYMBOL.strip;_collect_posts;_summarize;post.get;len;samples.append;sorted;int;p.get;sum;log.warning;str,10,47,medium,ARC-DATA,SWR-CORE-001;SWR-DATA-001;SWR-DATA-002;SWR-DATA-003;SWR-NFR-001,tests/integration/test_external_apis.py;tests/unit/test_external_sources.py,直接动态测试,已按实现建立基线
FUN-00FC6618ED,UNIT-C1711535CA,src/data/tradingview.py,36,_read_system_proxy,internal,(),无显式输入参数,返回 `str | None` 类型结果,读取系统代理配置；返回 `str | None` 类型结果。,按源码执行顺序经过 `read_system_proxy`；不包含显式控制分支。,无需调用方提供显式参数；所属软件单元已经初始化并满足关联需求约束,返回 `str | None` 类型结果；静态扫描未发现直接外部副作用,未发现显式 raise,未检测到直接副作用,在调用方线程同步执行,read_system_proxy,0,2,low,ARC-DATA,SWR-CORE-001;SWR-DATA-001;SWR-DATA-002;SWR-DATA-003;SWR-NFR-001,,静态分析与组件级验证,已按实现建立基线
FUN-39E0F0E515,UNIT-C1711535CA,src/data/tradingview.py,40,_setup_proxy,internal,(),无显式输入参数,无返回值（None）,执行`setup_proxy`处理；无返回值（None）。,按源码执行顺序经过 `apply_system_proxy` → `log.info` → `redact_url`；包含 1 个条件、循环、异常或模式匹配分支，分支结果汇入返回或状态更新。,无需调用方提供显式参数；所属软件单元已经初始化并满足关联需求约束,无返回值（None）；静态扫描未发现直接外部副作用,未发现显式 raise,未检测到直接副作用,在调用方线程同步执行,apply_system_proxy;log.info;redact_url,1,5,low,ARC-DATA,SWR-CORE-001;SWR-DATA-001;SWR-DATA-002;SWR-DATA-003;SWR-NFR-001,,静态分析与组件级验证,已按实现建立基线
FUN-147ABA77BF,UNIT-C1711535CA,src/data/tradingview.py,51,get_last_error,public,(),无显式输入参数,返回 `str | None` 类型结果,获取`last_error`；返回 `str | None` 类型结果。,直接通过表达式、字段访问或常量完成处理；不包含显式控制分支。,无需调用方提供显式参数；所属软件单元已经初始化并满足关联需求约束,返回 `str | None` 类型结果；静态扫描未发现直接外部副作用,未发现显式 raise,未检测到直接副作用,在调用方线程同步执行,none,0,2,medium,ARC-DATA,SWR-CORE-001;SWR-DATA-001;SWR-DATA-002;SWR-DATA-003;SWR-NFR-001,,静态分析与组件级验证,已按实现建立基线
FUN-BB3555EEBF,UNIT-C1711535CA,src/data/tradingview.py,55,reset_client,public,(),无显式输入参数,无返回值（None）,重置`client`；可能影响全局状态；无返回值（None）。,按源码执行顺序经过 `log.debug`；不包含显式控制分支。,无需调用方提供显式参数；所属软件单元已经初始化并满足关联需求约束,无返回值（None）；可观察变化限于全局状态,未发现显式 raise,全局状态变更,在调用方线程同步执行,log.debug,0,5,medium,ARC-DATA,SWR-CORE-001;SWR-DATA-001;SWR-DATA-002;SWR-DATA-003;SWR-NFR-001,tests/unit/test_tradingview_retry.py,直接动态测试,已按实现建立基线
FUN-CFBE891CFE,UNIT-C1711535CA,src/data/tradingview.py,62,_report_fetch,internal,(detail: str),`detail`（str）：详细说明文本,无返回值（None）,获取报告；可能影响共享状态；无返回值（None）。,按源码执行顺序经过 `update` → `get_progress`；不包含显式控制分支。,调用方提供满足参数类型、取值语义和默认值约定的输入；所属软件单元已经初始化并满足关联需求约束,无返回值（None）；可观察变化限于共享状态,未发现显式 raise,共享状态变更,在调用方线程同步执行,update;get_progress,0,2,low,ARC-DATA,SWR-CORE-001;SWR-DATA-001;SWR-DATA-002;SWR-DATA-003;SWR-NFR-001,,静态分析与组件级验证,已按实现建立基线
FUN-71EB929876,UNIT-C1711535CA,src/data/tradingview.py,66,_get_client,internal,(),无显式输入参数,返回实现分支产生的结果（源码未标注类型）,获取`client`；可能影响全局状态；返回实现分支产生的结果（源码未标注类型）。,按源码执行顺序经过 `log.info` → `TvDatafeed`；包含 2 个条件、循环、异常或模式匹配分支，分支结果汇入返回或状态更新。,无需调用方提供显式参数；所属软件单元已经初始化并满足关联需求约束,返回实现分支产生的结果（源码未标注类型）；可观察变化限于全局状态,未发现显式 raise,全局状态变更,在调用方线程同步执行,log.info;TvDatafeed,2,12,low,ARC-DATA,SWR-CORE-001;SWR-DATA-001;SWR-DATA-002;SWR-DATA-003;SWR-NFR-001,tests/unit/test_tradingview_retry.py,直接动态测试,已按实现建立基线
FUN-E022026116,UNIT-C1711535CA,src/data/tradingview.py,80,_normalize,internal,(df: pd.DataFrame | None),`df`（pd.DataFrame | None）：输入数据表,返回 `pd.DataFrame` 类型结果,标准化当前对象；可能影响文件系统；返回 `pd.DataFrame` 类型结果。,按源码执行顺序经过 `ValueError` → `df.copy` → `pd.to_datetime` → `out.rename` → `rename.items` → `copy`；包含 4 个条件、循环、异常或模式匹配分支，分支结果汇入返回或状态更新。,调用方提供满足参数类型、取值语义和默认值约定的输入；所属软件单元已经初始化并满足关联需求约束；相关路径满足读取或写入权限及目录边界,返回 `pd.DataFrame` 类型结果；可观察变化限于文件系统,ValueError,文件系统读写,在调用方线程同步执行,ValueError;df.copy;pd.to_datetime;out.rename;rename.items;copy,4,22,low,ARC-DATA,SWR-CORE-001;SWR-DATA-001;SWR-DATA-002;SWR-DATA-003;SWR-NFR-001,,静态分析与组件级验证,已按实现建立基线
FUN-E5A0C6906A,UNIT-C1711535CA,src/data/tradingview.py,104,_resample,internal,"(df: pd.DataFrame, rule: str)",`df`（pd.DataFrame）：输入数据表；`rule`（str）：由 `rule` 表示的文本或标识,返回 `pd.DataFrame` 类型结果,构建`resample`；返回 `pd.DataFrame` 类型结果。,按源码执行顺序经过 `agg` → `df.resample` → `ohlcv.dropna`；不包含显式控制分支。,调用方提供满足参数类型、取值语义和默认值约定的输入；所属软件单元已经初始化并满足关联需求约束,返回 `pd.DataFrame` 类型结果；静态扫描未发现直接外部副作用,未发现显式 raise,未检测到直接副作用,在调用方线程同步执行,agg;df.resample;ohlcv.dropna,0,5,low,ARC-DATA,SWR-CORE-001;SWR-DATA-001;SWR-DATA-002;SWR-DATA-003;SWR-NFR-001,,静态分析与组件级验证,已按实现建立基线
FUN-CE47BD6AD9,UNIT-C1711535CA,src/data/tradingview.py,111,compute_price_drift_1d,public,"(df_5m: pd.DataFrame, df_1d: pd.DataFrame)",`df_5m`（pd.DataFrame）：5 分钟 OHLCV 数据表；`df_1d`（pd.DataFrame）：由调用方提供的 `df_1d` 输入对象,返回 `float` 类型结果,计算`price_drift_1d`；返回 `float` 类型结果。,按源码执行顺序经过 `_resample` → `round`；包含 1 个条件、循环、异常或模式匹配分支，分支结果汇入返回或状态更新。,调用方提供满足参数类型、取值语义和默认值约定的输入；所属软件单元已经初始化并满足关联需求约束,返回 `float` 类型结果；静态扫描未发现直接外部副作用,未发现显式 raise,未检测到直接副作用,在调用方线程同步执行,float;_resample;round,1,7,medium,ARC-DATA,SWR-CORE-001;SWR-DATA-001;SWR-DATA-002;SWR-DATA-003;SWR-NFR-001,,静态分析与组件级验证,已按实现建立基线
FUN-FC45E4816C,UNIT-C1711535CA,src/data/tradingview.py,120,_fetch_bars,internal,"(interval: 'Interval', n_bars: int, *, label: str, retries: int | None=None, exchange: str | None=None, symbol: str | None=None, report_progress: bool=True)",`interval`（'Interval'）：由调用方提供的 `interval` 输入对象；`n_bars`（int）：K 线记录集合；`label`（str）：展示或分类标签；`retries`（int | None）：由调用方提供的 `retries` 输入对象；默认值 `None`；`exchange`（str | None）：由调用方提供的 `exchange` 输入对象；默认值 `None`；`symbol`（str | None）：交易品种代码；默认值 `None`；`report_progress`（bool）：控制对应行为是否启用的布尔值；默认值 `True`,返回 `pd.DataFrame` 类型结果,获取`bars`；可能影响全局状态；返回 `pd.DataFrame` 类型结果。,按源码执行顺序经过 `range` → `_report_fetch` → `log.debug` → `get_hist` → `_get_client` → `_normalize` → `log.info` → `strftime`；包含 7 个条件、循环、异常或模式匹配分支，分支结果汇入返回或状态更新。,调用方提供满足参数类型、取值语义和默认值约定的输入；所属软件单元已经初始化并满足关联需求约束,返回 `pd.DataFrame` 类型结果；可观察变化限于全局状态,RuntimeError,全局状态变更,在调用方线程同步执行,range;_report_fetch;log.debug;get_hist;_get_client;_normalize;log.info;len;strftime;str;log.warning;reset_client;time.sleep;RuntimeError,7,72,medium,ARC-DATA,SWR-CORE-001;SWR-DATA-001;SWR-DATA-002;SWR-DATA-003;SWR-NFR-001,tests/unit/test_tradingview_retry.py,直接动态测试,已按实现建立基线
FUN-7EE0F590BB,UNIT-C1711535CA,src/data/tradingview.py,194,fetch_symbol_daily,public,"(exchange: str, symbol: str, *, n_bars: int=5, label: str | None=None)",`exchange`（str）：由 `exchange` 表示的文本或标识；`symbol`（str）：交易品种代码；`n_bars`（int）：K 线记录集合；默认值 `5`；`label`（str | None）：展示或分类标签；默认值 `None`,返回 `pd.DataFrame` 类型结果,获取`symbol_daily`；可能影响外部接口；返回 `pd.DataFrame` 类型结果。,按源码执行顺序经过 `_fetch_bars`；不包含显式控制分支。,调用方提供满足参数类型、取值语义和默认值约定的输入；所属软件单元已经初始化并满足关联需求约束；外部客户端、凭据、网络和超时策略已按运行配置准备,返回 `pd.DataFrame` 类型结果；可观察变化限于外部接口,未发现显式 raise,外部接口 I/O,在调用方线程同步执行,_fetch_bars,0,19,high,ARC-DATA,SWR-CORE-001;SWR-DATA-001;SWR-DATA-002;SWR-DATA-003;SWR-NFR-001,tests/unit/test_external_sources.py,直接动态测试,已按实现建立基线
FUN-C4F6ABF085,UNIT-C1711535CA,src/data/tradingview.py,219,_fetch_htf_or_resample,internal,"(interval: 'Interval', *, n_bars: int, label: str, df_5m: pd.DataFrame, resample_rule: str)",`interval`（'Interval'）：由调用方提供的 `interval` 输入对象；`n_bars`（int）：K 线记录集合；`label`（str）：展示或分类标签；`df_5m`（pd.DataFrame）：5 分钟 OHLCV 数据表；`resample_rule`（str）：由 `resample_rule` 表示的文本或标识,返回 `pd.DataFrame` 类型结果,获取`htf_or_resample`；可能影响外部接口；返回 `pd.DataFrame` 类型结果。,按源码执行顺序经过 `time.sleep` → `_fetch_bars` → `log.warning` → `_report_fetch` → `_resample`；包含 1 个条件、循环、异常或模式匹配分支，分支结果汇入返回或状态更新。,调用方提供满足参数类型、取值语义和默认值约定的输入；所属软件单元已经初始化并满足关联需求约束；外部客户端、凭据、网络和超时策略已按运行配置准备,返回 `pd.DataFrame` 类型结果；可观察变化限于外部接口,未发现显式 raise,外部接口 I/O,在调用方线程同步执行,time.sleep;_fetch_bars;log.warning;_report_fetch;_resample,1,16,high,ARC-DATA,SWR-CORE-001;SWR-DATA-001;SWR-DATA-002;SWR-DATA-003;SWR-NFR-001,,静态分析与组件级验证,已按实现建立基线
FUN-D99B48F1EB,UNIT-C1711535CA,src/data/tradingview.py,237,_fetch_multi_timeframe_once,internal,(),无显式输入参数,"返回 `dict[str, pd.DataFrame]` 类型结果","获取`multi_timeframe_once`；可能影响外部接口；返回 `dict[str, pd.DataFrame]` 类型结果。",按源码执行顺序经过 `_report_fetch` → `_fetch_bars` → `_fetch_htf_or_resample` → `time.sleep` → `log.info` → `out.items`；不包含显式控制分支。,无需调用方提供显式参数；所属软件单元已经初始化并满足关联需求约束；外部客户端、凭据、网络和超时策略已按运行配置准备,"返回 `dict[str, pd.DataFrame]` 类型结果；可观察变化限于外部接口",未发现显式 raise,外部接口 I/O,在调用方线程同步执行,_report_fetch;_fetch_bars;_fetch_htf_or_resample;time.sleep;log.info;float;len;out.items,0,46,high,ARC-DATA,SWR-CORE-001;SWR-DATA-001;SWR-DATA-002;SWR-DATA-003;SWR-NFR-001,,静态分析与组件级验证,已按实现建立基线
FUN-440D380A28,UNIT-C1711535CA,src/data/tradingview.py,285,fetch_multi_timeframe,public,(),无显式输入参数,"返回 `dict[str, pd.DataFrame]` 类型结果","获取多时间框架分析；可能影响外部接口；返回 `dict[str, pd.DataFrame]` 类型结果。",按源码执行顺序经过 `log.info` → `_report_fetch` → `range` → `reset_client` → `time.sleep` → `_fetch_multi_timeframe_once` → `log.warning` → `RuntimeError`；包含 3 个条件、循环、异常或模式匹配分支，分支结果汇入返回或状态更新。,无需调用方提供显式参数；所属软件单元已经初始化并满足关联需求约束；外部客户端、凭据、网络和超时策略已按运行配置准备,"返回 `dict[str, pd.DataFrame]` 类型结果；可观察变化限于外部接口",RuntimeError,外部接口 I/O,在调用方线程同步执行,log.info;_report_fetch;range;reset_client;time.sleep;_fetch_multi_timeframe_once;log.warning;RuntimeError,3,25,high,ARC-DATA,SWR-CORE-001;SWR-DATA-001;SWR-DATA-002;SWR-DATA-003;SWR-NFR-001,,静态分析与组件级验证,已按实现建立基线
FUN-B1230C7D4A,UNIT-C1711535CA,src/data/tradingview.py,312,source_label,public,(),无显式输入参数,返回 `str` 类型结果,生成数据来源标签文本；返回 `str` 类型结果。,直接通过表达式、字段访问或常量完成处理；包含 1 个条件、循环、异常或模式匹配分支，分支结果汇入返回或状态更新。,无需调用方提供显式参数；所属软件单元已经初始化并满足关联需求约束,返回 `str` 类型结果；静态扫描未发现直接外部副作用,未发现显式 raise,未检测到直接副作用,在调用方线程同步执行,none,1,3,medium,ARC-DATA,SWR-CORE-001;SWR-DATA-001;SWR-DATA-002;SWR-DATA-003;SWR-NFR-001,tests/unit/test_advice_v2.py;tests/unit/test_archive_optimizations.py;tests/unit/test_archive_transfer.py;tests/unit/test_external_data_view.py;tests/unit/test_orchestrator_hooks.py;tests/unit/test_run_archive.py;tests/unit/test_technical_context_lux.py,直接动态测试,已按实现建立基线
FUN-5D2F35CB3B,UNIT-62A1AFF305,src/data/url_redact.py,8,redact_url,public,(url: str),`url`（str）：外部资源地址,返回 `str` 类型结果,生成`redact_url`文本；返回 `str` 类型结果。,按源码执行顺序经过 `urlparse` → `url.strip` → `urlunparse`；包含 2 个条件、循环、异常或模式匹配分支，分支结果汇入返回或状态更新。,调用方提供满足参数类型、取值语义和默认值约定的输入；所属软件单元已经初始化并满足关联需求约束,返回 `str` 类型结果；静态扫描未发现直接外部副作用,未发现显式 raise,未检测到直接副作用,在调用方线程同步执行,urlparse;url.strip;urlunparse,2,10,medium,ARC-DATA,SWR-CORE-001;SWR-DATA-001;SWR-DATA-002;SWR-DATA-003;SWR-NFR-001,tests/unit/test_url_redact.py,直接动态测试,已按实现建立基线
FUN-8F7E8730D6,UNIT-2F8C299C5B,src/indicators/technical.py,10,add_emas,public,"(df: pd.DataFrame, periods: tuple[int, ...]=(20, 50, 610))","`df`（pd.DataFrame）：输入数据表；`periods`（tuple[int, ...]）：由调用方提供的 `periods` 输入对象；默认值 `(20, 50, 610)`",返回 `pd.DataFrame` 类型结果,添加`emas`；返回 `pd.DataFrame` 类型结果。,按源码执行顺序经过 `df.copy` → `mean` → `ewm`；包含 2 个条件、循环、异常或模式匹配分支，分支结果汇入返回或状态更新。,调用方提供满足参数类型、取值语义和默认值约定的输入；所属软件单元已经初始化并满足关联需求约束,返回 `pd.DataFrame` 类型结果；静态扫描未发现直接外部副作用,未发现显式 raise,未检测到直接副作用,在调用方线程同步执行,df.copy;mean;ewm,2,8,medium,ARC-INDICATORS,SWR-ANA-001,tests/unit/test_indicators.py,直接动态测试,已按实现建立基线
FUN-C3DB0F8450,UNIT-2F8C299C5B,src/indicators/technical.py,20,add_vwap,public,(df: pd.DataFrame),`df`（pd.DataFrame）：输入数据表,返回 `pd.DataFrame` 类型结果,添加`vwap`；返回 `pd.DataFrame` 类型结果。,按源码执行顺序经过 `df.copy` → `fillna` → `replace` → `cumsum` → `tp_vol.groupby` → `vol.groupby`；不包含显式控制分支。,调用方提供满足参数类型、取值语义和默认值约定的输入；所属软件单元已经初始化并满足关联需求约束,返回 `pd.DataFrame` 类型结果；静态扫描未发现直接外部副作用,未发现显式 raise,未检测到直接副作用,在调用方线程同步执行,df.copy;fillna;replace;cumsum;tp_vol.groupby;vol.groupby,0,8,medium,ARC-INDICATORS,SWR-ANA-001,,静态分析与组件级验证,已按实现建立基线
FUN-4D1A54987D,UNIT-2F8C299C5B,src/indicators/technical.py,30,add_atr,public,"(df: pd.DataFrame, period: int=14)",`df`（pd.DataFrame）：输入数据表；`period`（int）：计算周期长度；默认值 `14`,返回 `pd.DataFrame` 类型结果,添加`atr`；返回 `pd.DataFrame` 类型结果。,按源码执行顺序经过 `df.copy` → `shift` → `max` → `pd.concat` → `abs` → `mean` → `tr.rolling`；不包含显式控制分支。,调用方提供满足参数类型、取值语义和默认值约定的输入；所属软件单元已经初始化并满足关联需求约束,返回 `pd.DataFrame` 类型结果；静态扫描未发现直接外部副作用,未发现显式 raise,未检测到直接副作用,在调用方线程同步执行,df.copy;shift;max;pd.concat;abs;mean;tr.rolling,0,13,medium,ARC-INDICATORS,SWR-ANA-001,,静态分析与组件级验证,已按实现建立基线
FUN-3901170D43,UNIT-2F8C299C5B,src/indicators/technical.py,45,add_rsi,public,"(df: pd.DataFrame, period: int=14)",`df`（pd.DataFrame）：输入数据表；`period`（int）：计算周期长度；默认值 `14`,返回 `pd.DataFrame` 类型结果,添加`rsi`；返回 `pd.DataFrame` 类型结果。,按源码执行顺序经过 `df.copy` → `diff` → `mean` → `rolling` → `delta.clip` → `loss.replace` → `rsi.mask`；不包含显式控制分支。,调用方提供满足参数类型、取值语义和默认值约定的输入；所属软件单元已经初始化并满足关联需求约束,返回 `pd.DataFrame` 类型结果；静态扫描未发现直接外部副作用,未发现显式 raise,未检测到直接副作用,在调用方线程同步执行,df.copy;diff;mean;rolling;delta.clip;loss.replace;rsi.mask,0,11,medium,ARC-INDICATORS,SWR-ANA-001,,静态分析与组件级验证,已按实现建立基线
FUN-5299AA4622,UNIT-2F8C299C5B,src/indicators/technical.py,58,add_macd,public,"(df: pd.DataFrame, *, fast: int=12, slow: int=26, signal: int=9)",`df`（pd.DataFrame）：输入数据表；`fast`（int）：由 `fast` 表示的数值参数；默认值 `12`；`slow`（int）：由 `slow` 表示的数值参数；默认值 `26`；`signal`（int）：当前交易信号；默认值 `9`,返回 `pd.DataFrame` 类型结果,添加`macd`；返回 `pd.DataFrame` 类型结果。,按源码执行顺序经过 `df.copy` → `mean` → `ewm`；不包含显式控制分支。,调用方提供满足参数类型、取值语义和默认值约定的输入；所属软件单元已经初始化并满足关联需求约束,返回 `pd.DataFrame` 类型结果；静态扫描未发现直接外部副作用,未发现显式 raise,未检测到直接副作用,在调用方线程同步执行,df.copy;mean;ewm,0,14,medium,ARC-INDICATORS,SWR-ANA-001,,静态分析与组件级验证,已按实现建立基线
FUN-A8F0FC0306,UNIT-2F8C299C5B,src/indicators/technical.py,74,add_adx,public,"(df: pd.DataFrame, period: int=14)",`df`（pd.DataFrame）：输入数据表；`period`（int）：计算周期长度；默认值 `14`,返回 `pd.DataFrame` 类型结果,添加`adx`；返回 `pd.DataFrame` 类型结果。,按源码执行顺序经过 `df.copy` → `diff` → `up_move.where` → `down_move.where` → `shift` → `max` → `pd.concat` → `abs`；不包含显式控制分支。,调用方提供满足参数类型、取值语义和默认值约定的输入；所属软件单元已经初始化并满足关联需求约束,返回 `pd.DataFrame` 类型结果；静态扫描未发现直接外部副作用,未发现显式 raise,未检测到直接副作用,在调用方线程同步执行,df.copy;diff;up_move.where;down_move.where;shift;max;pd.concat;abs;sum;tr.rolling;plus_dm.rolling;tr_sum.replace;minus_dm.rolling;replace;mean;dx.rolling,0,22,medium,ARC-INDICATORS,SWR-ANA-001,,静态分析与组件级验证,已按实现建立基线
FUN-3F2D66C862,UNIT-2F8C299C5B,src/indicators/technical.py,98,enrich,public,(df: pd.DataFrame),`df`（pd.DataFrame）：输入数据表,返回 `pd.DataFrame` 类型结果,构建`enrich`；返回 `pd.DataFrame` 类型结果。,按源码执行顺序经过 `add_adx` → `add_macd` → `add_rsi` → `add_atr` → `add_vwap` → `add_emas`；不包含显式控制分支。,调用方提供满足参数类型、取值语义和默认值约定的输入；所属软件单元已经初始化并满足关联需求约束,返回 `pd.DataFrame` 类型结果；静态扫描未发现直接外部副作用,未发现显式 raise,未检测到直接副作用,在调用方线程同步执行,add_adx;add_macd;add_rsi;add_atr;add_vwap;add_emas,0,2,medium,ARC-INDICATORS,SWR-ANA-001,,静态分析与组件级验证,已按实现建立基线
FUN-D44171A8A2,UNIT-2F8C299C5B,src/indicators/technical.py,102,indicator_values,public,(row: pd.Series),`row`（pd.Series）：当前记录行,"返回 `dict[str, float | None]` 类型结果","构建`indicator_values`；返回 `dict[str, float | None]` 类型结果。",按源码执行顺序经过 `pd.isna` → `round`；包含 2 个条件、循环、异常或模式匹配分支，分支结果汇入返回或状态更新。,调用方提供满足参数类型、取值语义和默认值约定的输入；所属软件单元已经初始化并满足关联需求约束,"返回 `dict[str, float | None]` 类型结果；静态扫描未发现直接外部副作用",未发现显式 raise,未检测到直接副作用,在调用方线程同步执行,pd.isna;round;float,2,8,medium,ARC-INDICATORS,SWR-ANA-001,,静态分析与组件级验证,已按实现建立基线
FUN-1FCD39F6E9,UNIT-2F8C299C5B,src/indicators/technical.py,112,ema_relation,public,"(price: float, row: pd.Series)",`price`（float）：当前或待评估价格；`row`（pd.Series）：当前记录行,"返回 `dict[str, str]` 类型结果","构建`ema_relation`；返回 `dict[str, str]` 类型结果。",按源码执行顺序经过 `pd.isna`；包含 4 个条件、循环、异常或模式匹配分支，分支结果汇入返回或状态更新。,调用方提供满足参数类型、取值语义和默认值约定的输入；所属软件单元已经初始化并满足关联需求约束,"返回 `dict[str, str]` 类型结果；静态扫描未发现直接外部副作用",未发现显式 raise,未检测到直接副作用,在调用方线程同步执行,pd.isna;float,4,14,medium,ARC-INDICATORS,SWR-ANA-001,tests/unit/test_indicators.py,直接动态测试,已按实现建立基线
FUN-6537A68FB4,UNIT-2F8C299C5B,src/indicators/technical.py,128,fibonacci_levels,public,"(swing_high: float, swing_low: float)",`swing_high`（float）：摆动高点价格；`swing_low`（float）：摆动低点价格,返回 `list[dict]` 类型结果,构建`fibonacci_levels`；返回 `list[dict]` 类型结果。,按源码执行顺序经过 `levels.append` → `round`；包含 1 个条件、循环、异常或模式匹配分支，分支结果汇入返回或状态更新。,调用方提供满足参数类型、取值语义和默认值约定的输入；所属软件单元已经初始化并满足关联需求约束,返回 `list[dict]` 类型结果；静态扫描未发现直接外部副作用,未发现显式 raise,未检测到直接副作用,在调用方线程同步执行,levels.append;round,1,23,medium,ARC-INDICATORS,SWR-ANA-001,,静态分析与组件级验证,已按实现建立基线
FUN-C3EC67606C,UNIT-D35A8017FE,src/indicators/verify.py,10,indicator_snapshot,public,"(df: pd.DataFrame, timeframe: str)",`df`（pd.DataFrame）：输入数据表；`timeframe`（str）：行情时间框架,返回 `dict` 类型结果,构建指标快照；返回 `dict` 类型结果。,按源码执行顺序经过 `round` → `pd.notna` → `ema_relation` → `row.update` → `indicator_values` → `sum` → `fillna` → `notes.append`；包含 15 个条件、循环、异常或模式匹配分支，分支结果汇入返回或状态更新。,调用方提供满足参数类型、取值语义和默认值约定的输入；所属软件单元已经初始化并满足关联需求约束,返回 `dict` 类型结果；静态扫描未发现直接外部副作用,未发现显式 raise,未检测到直接副作用,在调用方线程同步执行,float;len;str;round;pd.notna;ema_relation;row.update;indicator_values;int;sum;fillna;notes.append;abs;row.get,15,62,medium,ARC-INDICATORS,SWR-ANA-001,tests/unit/test_indicators.py,直接动态测试,已按实现建立基线
FUN-44BA63C6E8,UNIT-D35A8017FE,src/indicators/verify.py,74,indicator_table_rows,public,(snapshots: list[dict]),`snapshots`（list[dict]）：由 `snapshots` 表示的输入集合,返回 `list[dict]` 类型结果,构建`indicator_table_rows`；返回 `list[dict]` 类型结果。,按源码执行顺序经过 `rows.append` → `s.get`；包含 2 个条件、循环、异常或模式匹配分支，分支结果汇入返回或状态更新。,调用方提供满足参数类型、取值语义和默认值约定的输入；所属软件单元已经初始化并满足关联需求约束,返回 `list[dict]` 类型结果；静态扫描未发现直接外部副作用,未发现显式 raise,未检测到直接副作用,在调用方线程同步执行,rows.append;s.get,2,26,medium,ARC-INDICATORS,SWR-ANA-001,tests/unit/test_indicators.py,直接动态测试,已按实现建立基线
FUN-8EC658E9D5,UNIT-D7FD07AF44,src/llm/client.py,21,normalize_provider_usage,public,(raw: Any),`raw`（Any）：尚未标准化的原始输入,"返回 `dict[str, int] | None` 类型结果","标准化`provider_usage`；返回 `dict[str, int] | None` 类型结果。",按源码执行顺序经过 `isinstance` → `raw.get`；包含 12 个条件、循环、异常或模式匹配分支，分支结果汇入返回或状态更新。,调用方提供满足参数类型、取值语义和默认值约定的输入；所属软件单元已经初始化并满足关联需求约束,"返回 `dict[str, int] | None` 类型结果；静态扫描未发现直接外部副作用",未发现显式 raise,未检测到直接副作用,在调用方线程同步执行,isinstance;raw.get;int,12,32,medium,ARC-LLM,SWR-LLM-001;SWR-LLM-002;SWR-CFG-001;SWR-NFR-001,,静态分析与组件级验证,已按实现建立基线
FUN-184ED552DF,UNIT-D7FD07AF44,src/llm/client.py,58,LLMClient.__init__,internal,"(self, *, api_key: str, base_url: str, model: str, timeout: int | float | None=None, connect_timeout: float | None=None, read_timeout: float | None=None)",`api_key`（str）：索引键；`base_url`（str）：外部资源地址；`model`（str）：模型名称或模型对象；`timeout`（int | float | None）：超时秒数；默认值 `None`；`connect_timeout`（float | None）：超时秒数；默认值 `None`；`read_timeout`（float | None）：超时秒数；默认值 `None`,无返回值（None）,初始化当前类实例并建立字段约束；无返回值（None）。,按源码执行顺序经过 `base_url.rstrip` → `min`；包含 4 个条件、循环、异常或模式匹配分支，分支结果汇入返回或状态更新。,调用方提供满足参数类型、取值语义和默认值约定的输入；所属软件单元已经初始化并满足关联需求约束,无返回值（None）；静态扫描未发现直接外部副作用,未发现显式 raise,未检测到直接副作用,在调用方线程同步执行,base_url.rstrip;float;min,4,30,low,ARC-LLM,SWR-LLM-001;SWR-LLM-002;SWR-CFG-001;SWR-NFR-001,,静态分析与组件级验证,已按实现建立基线
FUN-B3CF019763,UNIT-D7FD07AF44,src/llm/client.py,90,LLMClient.timeout,public,(self),无显式输入参数,返回 `float` 类型结果,计算`timeout`；返回 `float` 类型结果。,直接通过表达式、字段访问或常量完成处理；不包含显式控制分支。,无需调用方提供显式参数；所属软件单元已经初始化并满足关联需求约束,返回 `float` 类型结果；静态扫描未发现直接外部副作用,未发现显式 raise,未检测到直接副作用,在调用方线程同步执行,none,0,3,medium,ARC-LLM,SWR-LLM-001;SWR-LLM-002;SWR-CFG-001;SWR-NFR-001,tests/regression/test_aspice_assets.py;tests/unit/test_archive_transfer.py;tests/unit/test_generation_worker.py;tests/unit/test_http_helpers.py;tests/unit/test_llm_client_timeouts.py;tests/unit/test_llm_config.py;tests/unit/test_llm_stage_policy.py;tests/unit/test_llm_transport.py;tests/unit/test_pipeline_progress_live.py,直接动态测试,已按实现建立基线
FUN-6281D0133F,UNIT-D7FD07AF44,src/llm/client.py,94,LLMClient._request_timeout,internal,(self),无显式输入参数,"返回 `tuple[float, float]` 类型结果","构建`request_timeout`；返回 `tuple[float, float]` 类型结果。",直接通过表达式、字段访问或常量完成处理；不包含显式控制分支。,无需调用方提供显式参数；所属软件单元已经初始化并满足关联需求约束,"返回 `tuple[float, float]` 类型结果；静态扫描未发现直接外部副作用",未发现显式 raise,未检测到直接副作用,在调用方线程同步执行,none,0,2,low,ARC-LLM,SWR-LLM-001;SWR-LLM-002;SWR-CFG-001;SWR-NFR-001,tests/unit/test_llm_client_timeouts.py,直接动态测试,已按实现建立基线
FUN-870C1D436C,UNIT-D7FD07AF44,src/llm/client.py,97,LLMClient._headers,internal,(self),无显式输入参数,"返回 `dict[str, str]` 类型结果","构建`headers`；返回 `dict[str, str]` 类型结果。",直接通过表达式、字段访问或常量完成处理；不包含显式控制分支。,无需调用方提供显式参数；所属软件单元已经初始化并满足关联需求约束,"返回 `dict[str, str]` 类型结果；静态扫描未发现直接外部副作用",未发现显式 raise,未检测到直接副作用,在调用方线程同步执行,none,0,5,low,ARC-LLM,SWR-LLM-001;SWR-LLM-002;SWR-CFG-001;SWR-NFR-001,,静态分析与组件级验证,已按实现建立基线
FUN-89B4063B63,UNIT-D7FD07AF44,src/llm/client.py,103,LLMClient._parse_sse_event,internal,"(self, line: str)",`line`（str）：由 `line` 表示的文本或标识,"返回 `tuple[str | None, dict[str, int] | None]` 类型结果","解析`sse_event`；返回 `tuple[str | None, dict[str, int] | None]` 类型结果。",按源码执行顺序经过 `line.strip` → `line.startswith` → `strip` → `json.loads` → `isinstance` → `normalize_provider_usage` → `data.get` → `get`；包含 7 个条件、循环、异常或模式匹配分支，分支结果汇入返回或状态更新。,调用方提供满足参数类型、取值语义和默认值约定的输入；所属软件单元已经初始化并满足关联需求约束,"返回 `tuple[str | None, dict[str, int] | None]` 类型结果；静态扫描未发现直接外部副作用",未发现显式 raise,未检测到直接副作用,在调用方线程同步执行,line.strip;line.startswith;strip;json.loads;isinstance;normalize_provider_usage;data.get;get;delta.get,7,27,low,ARC-LLM,SWR-LLM-001;SWR-LLM-002;SWR-CFG-001;SWR-NFR-001,,静态分析与组件级验证,已按实现建立基线
FUN-C5E317F9C8,UNIT-D7FD07AF44,src/llm/client.py,131,LLMClient._parse_sse_line,internal,"(self, line: str)",`line`（str）：由 `line` 表示的文本或标识,返回 `str | None` 类型结果,解析`sse_line`；返回 `str | None` 类型结果。,按源码执行顺序经过 `self._parse_sse_event`；不包含显式控制分支。,调用方提供满足参数类型、取值语义和默认值约定的输入；所属软件单元已经初始化并满足关联需求约束,返回 `str | None` 类型结果；静态扫描未发现直接外部副作用,未发现显式 raise,未检测到直接副作用,在调用方线程同步执行,self._parse_sse_event,0,4,low,ARC-LLM,SWR-LLM-001;SWR-LLM-002;SWR-CFG-001;SWR-NFR-001,,静态分析与组件级验证,已按实现建立基线
FUN-B2C894BD12,UNIT-D7FD07AF44,src/llm/client.py,136,LLMClient.chat_stream,public,"(self, messages: list[dict[str, str]], *, temperature: float=0.3, response_format: dict[str, str] | None=None, include_usage: bool | None=None)","`messages`（list[dict[str, str]]）：消息序列；`temperature`（float）：模型采样温度；默认值 `0.3`；`response_format`（dict[str, str] | None）：由 `response_format` 表示的键值映射；默认值 `None`；`include_usage`（bool | None）：由调用方提供的 `include_usage` 输入对象；默认值 `None`",返回 `Iterator[str]` 类型结果,生成`chat_stream`文本；可能影响外部接口；返回 `Iterator[str]` 类型结果。,按源码执行顺序经过 `payload.update` → `llm_provider_extra_payload` → `log.debug` → `requests.post` → `self._headers` → `self._request_timeout` → `LLMClientError` → `resp.iter_lines`；包含 11 个条件、循环、异常或模式匹配分支，分支结果汇入返回或状态更新。,调用方提供满足参数类型、取值语义和默认值约定的输入；所属软件单元已经初始化并满足关联需求约束；外部客户端、凭据、网络和超时策略已按运行配置准备,返回 `Iterator[str]` 类型结果；可观察变化限于外部接口,LLMClientError,外部接口 I/O,在调用方线程同步执行,bool;payload.update;llm_provider_extra_payload;log.debug;requests.post;self._headers;self._request_timeout;LLMClientError;resp.iter_lines;raw.decode;isinstance;str;self._parse_sse_event,11,77,high,ARC-LLM,SWR-LLM-001;SWR-LLM-002;SWR-CFG-001;SWR-NFR-001,tests/unit/test_llm_client_timeouts.py;tests/unit/test_llm_config.py;tests/unit/test_llm_transport.py,直接动态测试,已按实现建立基线
FUN-FEAF06C7C1,UNIT-D7FD07AF44,src/llm/client.py,214,LLMClient.chat,public,"(self, messages: list[dict[str, str]], *, temperature: float=0.3, response_format: dict[str, str] | None=None)","`messages`（list[dict[str, str]]）：消息序列；`temperature`（float）：模型采样温度；默认值 `0.3`；`response_format`（dict[str, str] | None）：由 `response_format` 表示的键值映射；默认值 `None`",返回 `str` 类型结果,生成`chat`文本；返回 `str` 类型结果。,按源码执行顺序经过 `self.chat_stream` → `strip` → `join` → `LLMClientError`；包含 1 个条件、循环、异常或模式匹配分支，分支结果汇入返回或状态更新。,调用方提供满足参数类型、取值语义和默认值约定的输入；所属软件单元已经初始化并满足关联需求约束,返回 `str` 类型结果；静态扫描未发现直接外部副作用,LLMClientError,未检测到直接副作用,在调用方线程同步执行,list;self.chat_stream;strip;join;LLMClientError,1,18,medium,ARC-LLM,SWR-LLM-001;SWR-LLM-002;SWR-CFG-001;SWR-NFR-001,,静态分析与组件级验证,已按实现建立基线
FUN-CC950A51E1,UNIT-D7FD07AF44,src/llm/client.py,233,LLMClient.chat_json,public,"(self, messages: list[dict[str, str]], *, temperature: float=0.2)","`messages`（list[dict[str, str]]）：消息序列；`temperature`（float）：模型采样温度；默认值 `0.2`","返回 `dict[str, Any]` 类型结果","构建`chat_json`；返回 `dict[str, Any]` 类型结果。",按源码执行顺序经过 `self.chat` → `json.loads` → `LLMClientError` → `isinstance`；包含 2 个条件、循环、异常或模式匹配分支，分支结果汇入返回或状态更新。,调用方提供满足参数类型、取值语义和默认值约定的输入；所属软件单元已经初始化并满足关联需求约束,"返回 `dict[str, Any]` 类型结果；静态扫描未发现直接外部副作用",LLMClientError,未检测到直接副作用,在调用方线程同步执行,self.chat;json.loads;LLMClientError;isinstance,2,13,medium,ARC-LLM,SWR-LLM-001;SWR-LLM-002;SWR-CFG-001;SWR-NFR-001,,静态分析与组件级验证,已按实现建立基线
FUN-9200A4BF77,UNIT-DEB0D517C6,src/llm/format_io.py,9,format_llm_output,public,(text: str),`text`（str）：输入文本,返回 `str` 类型结果,格式化`llm_output`；返回 `str` 类型结果。,按源码执行顺序经过 `text.strip` → `json.dumps` → `json.loads`；包含 2 个条件、循环、异常或模式匹配分支，分支结果汇入返回或状态更新。,调用方提供满足参数类型、取值语义和默认值约定的输入；所属软件单元已经初始化并满足关联需求约束,返回 `str` 类型结果；静态扫描未发现直接外部副作用,未发现显式 raise,未检测到直接副作用,在调用方线程同步执行,text.strip;json.dumps;json.loads,2,9,medium,ARC-LLM,SWR-LLM-001;SWR-LLM-002;SWR-CFG-001;SWR-NFR-001,,静态分析与组件级验证,已按实现建立基线
FUN-0D23896651,UNIT-DEB0D517C6,src/llm/format_io.py,20,format_messages,public,"(messages: list[dict[str, str]], *, max_chars: int=12000)","`messages`（list[dict[str, str]]）：消息序列；`max_chars`（int）：由 `max_chars` 表示的数值参数；默认值 `12000`",返回 `str` 类型结果,格式化LLM 消息集合；返回 `str` 类型结果。,按源码执行顺序经过 `msg.get` → `strip` → `lines.append` → `join`；包含 2 个条件、循环、异常或模式匹配分支，分支结果汇入返回或状态更新。,调用方提供满足参数类型、取值语义和默认值约定的输入；所属软件单元已经初始化并满足关联需求约束,返回 `str` 类型结果；静态扫描未发现直接外部副作用,未发现显式 raise,未检测到直接副作用,在调用方线程同步执行,msg.get;strip;lines.append;join;len,2,10,medium,ARC-LLM,SWR-LLM-001;SWR-LLM-002;SWR-CFG-001;SWR-NFR-001,,静态分析与组件级验证,已按实现建立基线
FUN-C67D97C1FE,UNIT-DEB0D517C6,src/llm/format_io.py,32,messages_to_dict,public,"(messages: list[dict[str, str]])","`messages`（list[dict[str, str]]）：消息序列","返回 `list[dict[str, Any]]` 类型结果","构建`messages_to_dict`；返回 `list[dict[str, Any]]` 类型结果。",按源码执行顺序经过 `m.get`；不包含显式控制分支。,调用方提供满足参数类型、取值语义和默认值约定的输入；所属软件单元已经初始化并满足关联需求约束,"返回 `list[dict[str, Any]]` 类型结果；静态扫描未发现直接外部副作用",未发现显式 raise,未检测到直接副作用,在调用方线程同步执行,m.get,0,2,medium,ARC-LLM,SWR-LLM-001;SWR-LLM-002;SWR-CFG-001;SWR-NFR-001,,静态分析与组件级验证,已按实现建立基线
FUN-5605D6120B,UNIT-FBF77B94FB,src/llm/narrative_output.py,10,_try_parse_json,internal,(raw: str),`raw`（str）：尚未标准化的原始输入,"返回 `dict[str, Any] | None` 类型结果","解析`try_json`；返回 `dict[str, Any] | None` 类型结果。",按源码执行顺序经过 `strip` → `json.loads` → `isinstance`；包含 3 个条件、循环、异常或模式匹配分支，分支结果汇入返回或状态更新。,调用方提供满足参数类型、取值语义和默认值约定的输入；所属软件单元已经初始化并满足关联需求约束,"返回 `dict[str, Any] | None` 类型结果；静态扫描未发现直接外部副作用",未发现显式 raise,未检测到直接副作用,在调用方线程同步执行,strip;json.loads;isinstance,3,9,low,ARC-LLM,SWR-LLM-001;SWR-LLM-002;SWR-CFG-001;SWR-NFR-001,,静态分析与组件级验证,已按实现建立基线
FUN-65868418A4,UNIT-FBF77B94FB,src/llm/narrative_output.py,21,_bullet_list,internal,"(items: list[Any], *, limit: int=8)",`items`（list[Any]）：输入项集合；`limit`（int）：返回或处理数量上限；默认值 `8`,返回 `str` 类型结果,生成`bullet_list`文本；返回 `str` 类型结果。,按源码执行顺序经过 `escape` → `strip` → `join`；包含 1 个条件、循环、异常或模式匹配分支，分支结果汇入返回或状态更新。,调用方提供满足参数类型、取值语义和默认值约定的输入；所属软件单元已经初始化并满足关联需求约束,返回 `str` 类型结果；静态扫描未发现直接外部副作用,未发现显式 raise,未检测到直接副作用,在调用方线程同步执行,escape;str;strip;join,1,3,low,ARC-LLM,SWR-LLM-001;SWR-LLM-002;SWR-CFG-001;SWR-NFR-001,,静态分析与组件级验证,已按实现建立基线
FUN-4CD834DCDC,UNIT-FBF77B94FB,src/llm/narrative_output.py,26,_fmt_advisor_wording,internal,"(data: dict[str, Any])","`data`（dict[str, Any]）：输入数据",返回 `str` 类型结果,生成`fmt_advisor_wording`文本；返回 `str` 类型结果。,按源码执行顺序经过 `escape` → `data.get` → `_bullet_list` → `parts.append` → `join`；包含 2 个条件、循环、异常或模式匹配分支，分支结果汇入返回或状态更新。,调用方提供满足参数类型、取值语义和默认值约定的输入；所属软件单元已经初始化并满足关联需求约束,返回 `str` 类型结果；静态扫描未发现直接外部副作用,未发现显式 raise,未检测到直接副作用,在调用方线程同步执行,escape;str;data.get;_bullet_list;list;parts.append;join,2,13,low,ARC-LLM,SWR-LLM-001;SWR-LLM-002;SWR-CFG-001;SWR-NFR-001,,静态分析与组件级验证,已按实现建立基线
FUN-AC5A907908,UNIT-FBF77B94FB,src/llm/narrative_output.py,41,_fmt_generic,internal,"(data: dict[str, Any])","`data`（dict[str, Any]）：输入数据",返回 `str` 类型结果,生成`fmt_generic`文本；返回 `str` 类型结果。,按源码执行顺序经过 `escape` → `json.dumps`；不包含显式控制分支。,调用方提供满足参数类型、取值语义和默认值约定的输入；所属软件单元已经初始化并满足关联需求约束,返回 `str` 类型结果；静态扫描未发现直接外部副作用,未发现显式 raise,未检测到直接副作用,在调用方线程同步执行,escape;json.dumps,0,3,low,ARC-LLM,SWR-LLM-001;SWR-LLM-002;SWR-CFG-001;SWR-NFR-001,,静态分析与组件级验证,已按实现建立基线
FUN-3B28D5A15C,UNIT-FBF77B94FB,src/llm/narrative_output.py,46,format_llm_narrative,public,"(stage: str, raw: str)",`stage`（str）：流水线或 Agent 阶段标识；`raw`（str）：尚未标准化的原始输入,返回 `str` 类型结果,格式化`llm_narrative`；返回 `str` 类型结果。,按源码执行顺序经过 `strip` → `_try_parse_json` → `escape` → `_fmt_advisor_wording` → `_fmt_generic`；包含 4 个条件、循环、异常或模式匹配分支，分支结果汇入返回或状态更新。,调用方提供满足参数类型、取值语义和默认值约定的输入；所属软件单元已经初始化并满足关联需求约束,返回 `str` 类型结果；静态扫描未发现直接外部副作用,未发现显式 raise,未检测到直接副作用,在调用方线程同步执行,strip;_try_parse_json;escape;len;_fmt_advisor_wording;_fmt_generic,4,17,medium,ARC-LLM,SWR-LLM-001;SWR-LLM-002;SWR-CFG-001;SWR-NFR-001,,静态分析与组件级验证,已按实现建立基线
FUN-4719DE86FF,UNIT-6568B95AFA,src/llm/router.py,15,client_for_stage,public,(stage: str),`stage`（str）：流水线或 Agent 阶段标识,返回 `LLMClient` 类型结果,生成`client_for_stage`结果；返回 `LLMClient` 类型结果。,按源码执行顺序经过 `LLMClient`；不包含显式控制分支。,调用方提供满足参数类型、取值语义和默认值约定的输入；所属软件单元已经初始化并满足关联需求约束,返回 `LLMClient` 类型结果；静态扫描未发现直接外部副作用,未发现显式 raise,未检测到直接副作用,在调用方线程同步执行,LLMClient,0,10,medium,ARC-LLM,SWR-LLM-001;SWR-LLM-002;SWR-CFG-001;SWR-NFR-001,,静态分析与组件级验证,已按实现建立基线
FUN-32AB5ACBE0,UNIT-6568B95AFA,src/llm/router.py,27,llm_configured,public,(),无显式输入参数,返回 `bool` 类型结果,判断`llm_configured`条件是否成立；返回 `bool` 类型结果。,直接通过表达式、字段访问或常量完成处理；不包含显式控制分支。,无需调用方提供显式参数；所属软件单元已经初始化并满足关联需求约束,返回 `bool` 类型结果；静态扫描未发现直接外部副作用,未发现显式 raise,未检测到直接副作用,在调用方线程同步执行,bool,0,2,medium,ARC-LLM,SWR-LLM-001;SWR-LLM-002;SWR-CFG-001;SWR-NFR-001,,静态分析与组件级验证,已按实现建立基线
FUN-135329B2EB,UNIT-31083EB5D0,src/llm/stage.py,30,_backoff_seconds,internal,(attempt: int),`attempt`（int）：由 `attempt` 表示的数值参数,返回 `float` 类型结果,计算`backoff_seconds`；返回 `float` 类型结果。,直接通过表达式、字段访问或常量完成处理；不包含显式控制分支。,调用方提供满足参数类型、取值语义和默认值约定的输入；所属软件单元已经初始化并满足关联需求约束,返回 `float` 类型结果；静态扫描未发现直接外部副作用,未发现显式 raise,未检测到直接副作用,在调用方线程同步执行,none,0,4,low,ARC-LLM,SWR-LLM-001;SWR-LLM-002;SWR-CFG-001;SWR-NFR-001,,静态分析与组件级验证,已按实现建立基线
FUN-4D72F972FF,UNIT-31083EB5D0,src/llm/stage.py,36,_parse_llm_json,internal,(raw: str),`raw`（str）：尚未标准化的原始输入,"返回 `dict[str, Any]` 类型结果","解析`llm_json`；返回 `dict[str, Any]` 类型结果。",按源码执行顺序经过 `raw.strip` → `json.JSONDecodeError` → `text.find` → `text.rfind` → `attempts.append` → `re.sub` → `json.loads` → `isinstance`；包含 6 个条件、循环、异常或模式匹配分支，分支结果汇入返回或状态更新。,调用方提供满足参数类型、取值语义和默认值约定的输入；所属软件单元已经初始化并满足关联需求约束,"返回 `dict[str, Any]` 类型结果；静态扫描未发现直接外部副作用",ValueError；json.JSONDecodeError；last_err,未检测到直接副作用,在调用方线程同步执行,raw.strip;json.JSONDecodeError;text.find;text.rfind;attempts.append;list;re.sub;json.loads;isinstance;ValueError,6,27,low,ARC-LLM,SWR-LLM-001;SWR-LLM-002;SWR-CFG-001;SWR-NFR-001,tests/unit/test_llm_json.py,直接动态测试,已按实现建立基线
FUN-7E0B5443E6,UNIT-31083EB5D0,src/llm/stage.py,65,_stream_once,internal,"(client: LLMClient, messages: list[dict[str, str]], *, stage: str, temperature: float)","`client`（LLMClient）：外部服务客户端；`messages`（list[dict[str, str]]）：消息序列；`stage`（str）：流水线或 Agent 阶段标识；`temperature`（float）：模型采样温度",返回 `str` 类型结果,生成`stream_once`文本；可能影响共享状态；返回 `str` 类型结果。,按源码执行顺序经过 `get_progress` → `prog.run_llm_stream` → `client.chat_stream`；不包含显式控制分支。,调用方提供满足参数类型、取值语义和默认值约定的输入；所属软件单元已经初始化并满足关联需求约束,返回 `str` 类型结果；可观察变化限于共享状态,未发现显式 raise,共享状态变更,在调用方线程同步执行,get_progress;prog.run_llm_stream;client.chat_stream,0,17,low,ARC-LLM,SWR-LLM-001;SWR-LLM-002;SWR-CFG-001;SWR-NFR-001,tests/unit/test_llm_stage_policy.py;tests/unit/test_llm_transport.py,直接动态测试,已按实现建立基线
FUN-4AC0FC04C1,UNIT-31083EB5D0,src/llm/stage.py,84,_add_provider_usage,internal,"(total: dict[str, int] | None, attempt: dict[str, int] | None)","`total`（dict[str, int] | None）：由 `total` 表示的键值映射；`attempt`（dict[str, int] | None）：由 `attempt` 表示的键值映射","返回 `dict[str, int] | None` 类型结果","添加`provider_usage`；返回 `dict[str, int] | None` 类型结果。",按源码执行顺序经过 `attempt.get` → `merged.get`；包含 3 个条件、循环、异常或模式匹配分支，分支结果汇入返回或状态更新。,调用方提供满足参数类型、取值语义和默认值约定的输入；所属软件单元已经初始化并满足关联需求约束,"返回 `dict[str, int] | None` 类型结果；静态扫描未发现直接外部副作用",未发现显式 raise,未检测到直接副作用,在调用方线程同步执行,dict;attempt.get;int;merged.get,3,12,low,ARC-LLM,SWR-LLM-001;SWR-LLM-002;SWR-CFG-001;SWR-NFR-001,,静态分析与组件级验证,已按实现建立基线
FUN-46CD856473,UNIT-31083EB5D0,src/llm/stage.py,98,stream_llm_json,public,"(client: LLMClient, messages: list[dict[str, str]], *, stage: str, temperature: float=0.2, max_attempts: int | None=None)","`client`（LLMClient）：外部服务客户端；`messages`（list[dict[str, str]]）：消息序列；`stage`（str）：流水线或 Agent 阶段标识；`temperature`（float）：模型采样温度；默认值 `0.2`；`max_attempts`（int | None）：由调用方提供的 `max_attempts` 输入对象；默认值 `None`",返回 `str` 类型结果,生成`stream_llm_json`文本；返回 `str` 类型结果。,按源码执行顺序经过 `get_stage_policy` → `max` → `range` → `min` → `_stream_once` → `_backoff_seconds` → `log.warning` → `time.sleep`；包含 5 个条件、循环、异常或模式匹配分支，分支结果汇入返回或状态更新。,调用方提供满足参数类型、取值语义和默认值约定的输入；所属软件单元已经初始化并满足关联需求约束,返回 `str` 类型结果；静态扫描未发现直接外部副作用,last_exc,未检测到直接副作用,在调用方线程同步执行,get_stage_policy;max;int;range;min;_stream_once;_backoff_seconds;log.warning;time.sleep,5,39,medium,ARC-LLM,SWR-LLM-001;SWR-LLM-002;SWR-CFG-001;SWR-NFR-001,tests/unit/test_llm_stage_policy.py;tests/unit/test_llm_transport.py,直接动态测试,已按实现建立基线
FUN-F57B2FE384,UNIT-31083EB5D0,src/llm/stage.py,139,run_llm_stage,public,"(*, stage: str, model: str, client: LLMClient, messages: list[dict[str, str]], parse: Callable[[dict[str, Any]], T], temperature: float=0.2)","`stage`（str）：流水线或 Agent 阶段标识；`model`（str）：模型名称或模型对象；`client`（LLMClient）：外部服务客户端；`messages`（list[dict[str, str]]）：消息序列；`parse`（Callable[[dict[str, Any]], T]）：调用方提供的回调函数；`temperature`（float）：模型采样温度；默认值 `0.2`","返回 `tuple[T | None, LLMStageTrace]` 类型结果","执行`llm_stage`；可能影响共享状态；返回 `tuple[T | None, LLMStageTrace]` 类型结果。",按源码执行顺序经过 `get_stage_policy` → `build_routing_strategy` → `apply_input_budget` → `log.warning` → `budget_meta.get` → `get_progress` → `routing.get` → `prog.llm_begin`；包含 11 个条件、循环、异常或模式匹配分支，分支结果汇入返回或状态更新。,调用方提供满足参数类型、取值语义和默认值约定的输入；所属软件单元已经初始化并满足关联需求约束,"返回 `tuple[T | None, LLMStageTrace]` 类型结果；可观察变化限于共享状态",未发现显式 raise,共享状态变更,在调用方线程同步执行,get_stage_policy;build_routing_strategy;apply_input_budget;log.warning;budget_meta.get;get_progress;routing.get;prog.llm_begin;time.perf_counter;range;min;_stream_once;getattr;_add_provider_usage;_parse_llm_json;parse;int;estimate_text_size;prog.llm_end;log.info,11,204,high,ARC-LLM,SWR-LLM-001;SWR-LLM-002;SWR-CFG-001;SWR-NFR-001,tests/unit/test_llm_stage_policy.py,直接动态测试,已按实现建立基线
FUN-8A092A53C7,UNIT-E488978A91,src/llm/stage_policy.py,29,StagePolicy.to_dict,public,(self),无显式输入参数,"返回 `dict[str, Any]` 类型结果","将当前对象转换为可序列化字典；返回 `dict[str, Any]` 类型结果。",按源码执行顺序经过 `asdict`；不包含显式控制分支。,无需调用方提供显式参数；所属软件单元已经初始化并满足关联需求约束,"返回 `dict[str, Any]` 类型结果；静态扫描未发现直接外部副作用",未发现显式 raise,未检测到直接副作用,在调用方线程同步执行,asdict,0,2,medium,ARC-LLM,SWR-LLM-001;SWR-LLM-002;SWR-CFG-001;SWR-NFR-001,tests/unit/test_run_config.py,直接动态测试,已按实现建立基线
FUN-16718E4E98,UNIT-E488978A91,src/llm/stage_policy.py,33,_default_attempts,internal,(),无显式输入参数,返回 `int` 类型结果,计算`default_attempts`；返回 `int` 类型结果。,按源码执行顺序经过 `max` → `min`；不包含显式控制分支。,无需调用方提供显式参数；所属软件单元已经初始化并满足关联需求约束,返回 `int` 类型结果；静态扫描未发现直接外部副作用,未发现显式 raise,未检测到直接副作用,在调用方线程同步执行,max;min;int,0,3,low,ARC-LLM,SWR-LLM-001;SWR-LLM-002;SWR-CFG-001;SWR-NFR-001,,静态分析与组件级验证,已按实现建立基线
FUN-500B8F3420,UNIT-E488978A91,src/llm/stage_policy.py,38,_policies,internal,(),无显式输入参数,"返回 `dict[str, StagePolicy]` 类型结果","构建`policies`；返回 `dict[str, StagePolicy]` 类型结果。",按源码执行顺序经过 `_default_attempts` → `StagePolicy`；不包含显式控制分支。,无需调用方提供显式参数；所属软件单元已经初始化并满足关联需求约束,"返回 `dict[str, StagePolicy]` 类型结果；静态扫描未发现直接外部副作用",未发现显式 raise,未检测到直接副作用,在调用方线程同步执行,_default_attempts;int;StagePolicy,0,14,low,ARC-LLM,SWR-LLM-001;SWR-LLM-002;SWR-CFG-001;SWR-NFR-001,,静态分析与组件级验证,已按实现建立基线
FUN-1D1021888E,UNIT-E488978A91,src/llm/stage_policy.py,54,get_stage_policy,public,(stage: str),`stage`（str）：流水线或 Agent 阶段标识,返回 `StagePolicy` 类型结果,获取`stage_policy`；返回 `StagePolicy` 类型结果。,按源码执行顺序经过 `_policies` → `_default_attempts` → `StagePolicy`；包含 1 个条件、循环、异常或模式匹配分支，分支结果汇入返回或状态更新。,调用方提供满足参数类型、取值语义和默认值约定的输入；所属软件单元已经初始化并满足关联需求约束,返回 `StagePolicy` 类型结果；静态扫描未发现直接外部副作用,未发现显式 raise,未检测到直接副作用,在调用方线程同步执行,_policies;_default_attempts;StagePolicy;int,1,14,medium,ARC-LLM,SWR-LLM-001;SWR-LLM-002;SWR-CFG-001;SWR-NFR-001,tests/unit/test_llm_client_timeouts.py;tests/unit/test_llm_stage_policy.py,直接动态测试,已按实现建立基线
FUN-931519418F,UNIT-E488978A91,src/llm/stage_policy.py,70,estimate_messages_size,public,"(messages: list[dict[str, str]])","`messages`（list[dict[str, str]]）：消息序列","返回 `dict[str, int]` 类型结果","估算`messages_size`；返回 `dict[str, int]` 类型结果。",按源码执行顺序经过 `sum` → `m.get` → `round`；不包含显式控制分支。,调用方提供满足参数类型、取值语义和默认值约定的输入；所属软件单元已经初始化并满足关联需求约束,"返回 `dict[str, int]` 类型结果；静态扫描未发现直接外部副作用",未发现显式 raise,未检测到直接副作用,在调用方线程同步执行,sum;len;str;m.get;int;round,0,6,medium,ARC-LLM,SWR-LLM-001;SWR-LLM-002;SWR-CFG-001;SWR-NFR-001,,静态分析与组件级验证,已按实现建立基线
FUN-288812BAC3,UNIT-E488978A91,src/llm/stage_policy.py,78,estimate_text_size,public,(text: str),`text`（str）：输入文本,"返回 `dict[str, int]` 类型结果","估算`text_size`；返回 `dict[str, int]` 类型结果。",按源码执行顺序经过 `round`；不包含显式控制分支。,调用方提供满足参数类型、取值语义和默认值约定的输入；所属软件单元已经初始化并满足关联需求约束,"返回 `dict[str, int]` 类型结果；静态扫描未发现直接外部副作用",未发现显式 raise,未检测到直接副作用,在调用方线程同步执行,len;int;round,0,6,medium,ARC-LLM,SWR-LLM-001;SWR-LLM-002;SWR-CFG-001;SWR-NFR-001,,静态分析与组件级验证,已按实现建立基线
FUN-639AF5AAFB,UNIT-E488978A91,src/llm/stage_policy.py,86,apply_input_budget,public,"(messages: list[dict[str, str]], policy: StagePolicy)","`messages`（list[dict[str, str]]）：消息序列；`policy`（StagePolicy）：由调用方提供的 `policy` 输入对象","返回 `tuple[list[dict[str, str]], BudgetAction, dict[str, Any]]` 类型结果","应用`input_budget`；返回 `tuple[list[dict[str, str]], BudgetAction, dict[str, Any]]` 类型结果。",按源码执行顺序经过 `estimate_messages_size` → `enumerate` → `m.get` → `range` → `max` → `get` → `meta.update`；包含 5 个条件、循环、异常或模式匹配分支，分支结果汇入返回或状态更新。,调用方提供满足参数类型、取值语义和默认值约定的输入；所属软件单元已经初始化并满足关联需求约束,"返回 `tuple[list[dict[str, str]], BudgetAction, dict[str, Any]]` 类型结果；静态扫描未发现直接外部副作用",未发现显式 raise,未检测到直接副作用,在调用方线程同步执行,estimate_messages_size;dict;enumerate;m.get;list;range;len;max;str;get;meta.update,5,54,medium,ARC-LLM,SWR-LLM-001;SWR-LLM-002;SWR-CFG-001;SWR-NFR-001,tests/unit/test_llm_stage_policy.py,直接动态测试,已按实现建立基线
FUN-E3B03C5E15,UNIT-E488978A91,src/llm/stage_policy.py,142,build_routing_strategy,public,(),无显式输入参数,"返回 `dict[str, Any]` 类型结果","构建`routing_strategy`；返回 `dict[str, Any]` 类型结果。",按源码执行顺序经过 `p.to_dict` → `items` → `_policies`；不包含显式控制分支。,无需调用方提供显式参数；所属软件单元已经初始化并满足关联需求约束,"返回 `dict[str, Any]` 类型结果；静态扫描未发现直接外部副作用",未发现显式 raise,未检测到直接副作用,在调用方线程同步执行,p.to_dict;items;_policies,0,10,medium,ARC-LLM,SWR-LLM-001;SWR-LLM-002;SWR-CFG-001;SWR-NFR-001,tests/unit/test_llm_stage_policy.py,直接动态测试,已按实现建立基线
FUN-286F9ADBE7,UNIT-A91501B8CA,src/log.py,17,setup_logging,public,"(*, level: str | None=None, log_file: str | None=None)",`level`（str | None）：候选价格水平；默认值 `None`；`log_file`（str | None）：由调用方提供的 `log_file` 输入对象；默认值 `None`,无返回值（None）,执行`setup_logging`处理；可能影响文件系统、全局状态；无返回值（None）。,按源码执行顺序经过 `upper` → `getattr` → `logging.getLogger` → `root.setLevel` → `logging.StreamHandler` → `hasattr` → `sys.stderr.reconfigure` → `console.setFormatter`；包含 5 个条件、循环、异常或模式匹配分支，分支结果汇入返回或状态更新。,调用方提供满足参数类型、取值语义和默认值约定的输入；所属软件单元已经初始化并满足关联需求约束；相关路径满足读取或写入权限及目录边界,无返回值（None）；可观察变化限于文件系统、全局状态,未发现显式 raise,文件系统读写；全局状态变更,在调用方线程同步执行,upper;getattr;logging.getLogger;root.setLevel;logging.StreamHandler;hasattr;sys.stderr.reconfigure;console.setFormatter;logging.Formatter;root.addHandler;Path;path.parent.mkdir;RotatingFileHandler;file_handler.setFormatter;setLevel;debug,5,43,medium,ARC-CORE,SWR-CORE-001;SWR-CORE-002;SWR-REP-001;SWR-ARC-001;SWR-NFR-002,,静态分析与组件级验证,已按实现建立基线
FUN-02CD3D28EC,UNIT-A91501B8CA,src/log.py,62,get_logger,public,(name: str),`name`（str）：对象名称,返回 `logging.Logger` 类型结果,获取`logger`；返回 `logging.Logger` 类型结果。,按源码执行顺序经过 `setup_logging` → `logging.getLogger`；不包含显式控制分支。,调用方提供满足参数类型、取值语义和默认值约定的输入；所属软件单元已经初始化并满足关联需求约束,返回 `logging.Logger` 类型结果；静态扫描未发现直接外部副作用,未发现显式 raise,未检测到直接副作用,在调用方线程同步执行,setup_logging;logging.getLogger,0,4,medium,ARC-CORE,SWR-CORE-001;SWR-CORE-002;SWR-REP-001;SWR-ARC-001;SWR-NFR-002,,静态分析与组件级验证,已按实现建立基线
FUN-33AEF245BA,UNIT-BA3F06E87A,src/pipeline.py,11,run_analysis,public,(),无显式输入参数,"返回 `tuple[dict, dict, dict]` 类型结果","执行`analysis`；返回 `tuple[dict, dict, dict]` 类型结果。",按源码执行顺序经过 `log.debug` → `run_advice_pipeline`；不包含显式控制分支。,无需调用方提供显式参数；所属软件单元已经初始化并满足关联需求约束,"返回 `tuple[dict, dict, dict]` 类型结果；静态扫描未发现直接外部副作用",未发现显式 raise,未检测到直接副作用,在调用方线程同步执行,log.debug;run_advice_pipeline,0,3,medium,ARC-CORE,SWR-CORE-001;SWR-CORE-002;SWR-REP-001;SWR-ARC-001;SWR-NFR-002,tests/integration/test_pipeline.py;tests/unit/test_generation_worker.py,直接动态测试,已按实现建立基线
FUN-1BFDAD92BB,UNIT-2F300FEED2,src/run/archive/compat.py,37,_read_json,internal,(path: Path),`path`（Path）：文件或目录路径,返回 `Any` 类型结果,读取JSON 数据；返回 `Any` 类型结果。,按源码执行顺序经过 `json.loads` → `path.read_text`；不包含显式控制分支。,调用方提供满足参数类型、取值语义和默认值约定的输入；所属软件单元已经初始化并满足关联需求约束,返回 `Any` 类型结果；静态扫描未发现直接外部副作用,未发现显式 raise,未检测到直接副作用,在调用方线程同步执行,json.loads;path.read_text,0,2,low,ARC-RUN,SWR-CORE-001;SWR-CORE-002;SWR-REP-001;SWR-ARC-001;SWR-ARC-002;SWR-CFG-001;SWR-NFR-002;SWR-NFR-004,,静态分析与组件级验证,已按实现建立基线
FUN-9B86F7A9E8,UNIT-2F300FEED2,src/run/archive/compat.py,41,synthesize_manifest_from_legacy,public,"(run_id: str, directory: Path)",`run_id`（str）：对象标识；`directory`（Path）：由调用方提供的 `directory` 输入对象,"返回 `dict[str, Any]` 类型结果","根据`legacy`构建`synthesize_manifest`；返回 `dict[str, Any]` 类型结果。",按源码执行顺序经过 `_read_json` → `meta_path.is_file` → `meta.get` → `build_manifest` → `isinstance`；包含 2 个条件、循环、异常或模式匹配分支，分支结果汇入返回或状态更新。,调用方提供满足参数类型、取值语义和默认值约定的输入；所属软件单元已经初始化并满足关联需求约束,"返回 `dict[str, Any]` 类型结果；静态扫描未发现直接外部副作用",未发现显式 raise,未检测到直接副作用,在调用方线程同步执行,_read_json;meta_path.is_file;int;meta.get;build_manifest;str;isinstance,2,19,medium,ARC-RUN,SWR-CORE-001;SWR-CORE-002;SWR-REP-001;SWR-ARC-001;SWR-ARC-002;SWR-CFG-001;SWR-NFR-002;SWR-NFR-004,tests/unit/test_archive_compat.py,直接动态测试,已按实现建立基线
FUN-4ABEC90C24,UNIT-2F300FEED2,src/run/archive/compat.py,62,load_manifest,public,"(run_id: str, directory: Path)",`run_id`（str）：对象标识；`directory`（Path）：由调用方提供的 `directory` 输入对象,"返回 `dict[str, Any]` 类型结果","加载归档清单；返回 `dict[str, Any]` 类型结果。",按源码执行顺序经过 `manifest_path.is_file` → `_read_json` → `isinstance` → `ValueError` → `manifest.setdefault` → `is_file` → `log.info` → `synthesize_manifest_from_legacy`；包含 3 个条件、循环、异常或模式匹配分支，分支结果汇入返回或状态更新。,调用方提供满足参数类型、取值语义和默认值约定的输入；所属软件单元已经初始化并满足关联需求约束,"返回 `dict[str, Any]` 类型结果；静态扫描未发现直接外部副作用",FileNotFoundError；ValueError,未检测到直接副作用,在调用方线程同步执行,manifest_path.is_file;_read_json;isinstance;ValueError;manifest.setdefault;is_file;log.info;synthesize_manifest_from_legacy;FileNotFoundError,3,12,medium,ARC-RUN,SWR-CORE-001;SWR-CORE-002;SWR-REP-001;SWR-ARC-001;SWR-ARC-002;SWR-CFG-001;SWR-NFR-002;SWR-NFR-004,,静态分析与组件级验证,已按实现建立基线
FUN-8186A770F5,UNIT-2F300FEED2,src/run/archive/compat.py,76,inspect_archive,public,"(run_id: str, directory: Path)",`run_id`（str）：对象标识；`directory`（Path）：由调用方提供的 `directory` 输入对象,返回 `ArchiveInspection` 类型结果,归档`inspect`；可能影响外部接口；返回 `ArchiveInspection` 类型结果。,按源码执行顺序经过 `load_manifest` → `ArchiveInspection` → `manifest.get` → `warnings.append` → `errors.append` → `get` → `artifacts.get` → `report_path.is_file`；包含 22 个条件、循环、异常或模式匹配分支，分支结果汇入返回或状态更新。,调用方提供满足参数类型、取值语义和默认值约定的输入；所属软件单元已经初始化并满足关联需求约束；外部客户端、凭据、网络和超时策略已按运行配置准备,返回 `ArchiveInspection` 类型结果；可观察变化限于外部接口,未发现显式 raise,外部接口 I/O,在调用方线程同步执行,load_manifest;ArchiveInspection;str;int;manifest.get;warnings.append;errors.append;get;artifacts.get;report_path.is_file;is_file;enriched_dir.is_dir;any;enriched_dir.glob;analyses_path.is_file;fetch_path.is_file;replay.get;_read_json;isinstance;pipeline_replay_errors,22,108,high,ARC-RUN,SWR-CORE-001;SWR-CORE-002;SWR-REP-001;SWR-ARC-001;SWR-ARC-002;SWR-CFG-001;SWR-NFR-002;SWR-NFR-004,tests/unit/test_archive_compat.py,直接动态测试,已按实现建立基线
FUN-6792CFEA90,UNIT-2F300FEED2,src/run/archive/compat.py,186,normalize_report,public,"(report: Any, *, contract_version: int=REPORT_CONTRACT_VERSION)",`report`（Any）：分析报告；`contract_version`（int）：由 `contract_version` 表示的数值参数；默认值 `REPORT_CONTRACT_VERSION`,"返回 `tuple[dict[str, Any], list[str]]` 类型结果","标准化报告；返回 `tuple[dict[str, Any], list[str]]` 类型结果。",按源码执行顺序经过 `isinstance` → `warnings.append` → `REPORT_TOP_LEVEL_DEFAULTS.items` → `default` → `callable` → `normalized.setdefault` → `meta.setdefault`；包含 6 个条件、循环、异常或模式匹配分支，分支结果汇入返回或状态更新。,调用方提供满足参数类型、取值语义和默认值约定的输入；所属软件单元已经初始化并满足关联需求约束,"返回 `tuple[dict[str, Any], list[str]]` 类型结果；静态扫描未发现直接外部副作用",未发现显式 raise,未检测到直接副作用,在调用方线程同步执行,isinstance;warnings.append;dict;REPORT_TOP_LEVEL_DEFAULTS.items;default;callable;normalized.setdefault;meta.setdefault,6,21,medium,ARC-RUN,SWR-CORE-001;SWR-CORE-002;SWR-REP-001;SWR-ARC-001;SWR-ARC-002;SWR-CFG-001;SWR-NFR-002;SWR-NFR-004,tests/integration/test_offline_report_contract.py;tests/unit/test_archive_compat.py,直接动态测试,已按实现建立基线
FUN-E54BDF4478,UNIT-2F300FEED2,src/run/archive/compat.py,209,migrate_fetch_payload,public,(raw: Any),`raw`（Any）：尚未标准化的原始输入,"返回 `dict[str, Any]` 类型结果","获取`migrate_payload`；返回 `dict[str, Any]` 类型结果。",按源码执行顺序经过 `unwrap_artifact` → `isinstance` → `ValueError` → `log.warning`；包含 3 个条件、循环、异常或模式匹配分支，分支结果汇入返回或状态更新。,调用方提供满足参数类型、取值语义和默认值约定的输入；所属软件单元已经初始化并满足关联需求约束,"返回 `dict[str, Any]` 类型结果；静态扫描未发现直接外部副作用",ValueError,未检测到直接副作用,在调用方线程同步执行,unwrap_artifact;isinstance;ValueError;log.warning,3,10,medium,ARC-RUN,SWR-CORE-001;SWR-CORE-002;SWR-REP-001;SWR-ARC-001;SWR-ARC-002;SWR-CFG-001;SWR-NFR-002;SWR-NFR-004,tests/unit/test_archive_compat.py,直接动态测试,已按实现建立基线
FUN-47EF0675A6,UNIT-2F300FEED2,src/run/archive/compat.py,221,migrate_analyses_payload,public,(raw: Any),`raw`（Any）：尚未标准化的原始输入,"返回 `dict[str, Any]` 类型结果","构建`migrate_analyses_payload`；返回 `dict[str, Any]` 类型结果。",按源码执行顺序经过 `unwrap_artifact` → `isinstance` → `log.warning`；包含 2 个条件、循环、异常或模式匹配分支，分支结果汇入返回或状态更新。,调用方提供满足参数类型、取值语义和默认值约定的输入；所属软件单元已经初始化并满足关联需求约束,"返回 `dict[str, Any]` 类型结果；静态扫描未发现直接外部副作用",未发现显式 raise,未检测到直接副作用,在调用方线程同步执行,unwrap_artifact;isinstance;log.warning,2,7,medium,ARC-RUN,SWR-CORE-001;SWR-CORE-002;SWR-REP-001;SWR-ARC-001;SWR-ARC-002;SWR-CFG-001;SWR-NFR-002;SWR-NFR-004,,静态分析与组件级验证,已按实现建立基线
FUN-8A37D9C11C,UNIT-2F300FEED2,src/run/archive/compat.py,230,migrate_frame_payload,public,(raw: Any),`raw`（Any）：尚未标准化的原始输入,"返回 `dict[str, Any]` 类型结果","构建`migrate_frame_payload`；返回 `dict[str, Any]` 类型结果。",按源码执行顺序经过 `unwrap_artifact` → `isinstance` → `ValueError` → `log.warning`；包含 2 个条件、循环、异常或模式匹配分支，分支结果汇入返回或状态更新。,调用方提供满足参数类型、取值语义和默认值约定的输入；所属软件单元已经初始化并满足关联需求约束,"返回 `dict[str, Any]` 类型结果；静态扫描未发现直接外部副作用",ValueError,未检测到直接副作用,在调用方线程同步执行,unwrap_artifact;isinstance;ValueError;log.warning,2,7,medium,ARC-RUN,SWR-CORE-001;SWR-CORE-002;SWR-REP-001;SWR-ARC-001;SWR-ARC-002;SWR-CFG-001;SWR-NFR-002;SWR-NFR-004,,静态分析与组件级验证,已按实现建立基线
FUN-5BC6D37CE9,UNIT-2F300FEED2,src/run/archive/compat.py,239,upgrade_manifest_if_needed,public,"(manifest: dict[str, Any], run_id: str, directory: Path)","`manifest`（dict[str, Any]）：由 `manifest` 表示的键值映射；`run_id`（str）：对象标识；`directory`（Path）：由调用方提供的 `directory` 输入对象","返回 `dict[str, Any]` 类型结果","构建`upgrade_manifest_if_needed`；可能影响文件系统；返回 `dict[str, Any]` 类型结果。",按源码执行顺序经过 `manifest.get` → `upgraded.get` → `path.is_file` → `path.write_text` → `json.dumps` → `log.info`；包含 3 个条件、循环、异常或模式匹配分支，分支结果汇入返回或状态更新。,调用方提供满足参数类型、取值语义和默认值约定的输入；所属软件单元已经初始化并满足关联需求约束；相关路径满足读取或写入权限及目录边界,"返回 `dict[str, Any]` 类型结果；可观察变化限于文件系统",未发现显式 raise,文件系统读写,在调用方线程同步执行,int;manifest.get;dict;upgraded.get;path.is_file;path.write_text;json.dumps;log.info,3,19,medium,ARC-RUN,SWR-CORE-001;SWR-CORE-002;SWR-REP-001;SWR-ARC-001;SWR-ARC-002;SWR-CFG-001;SWR-NFR-002;SWR-NFR-004,tests/unit/test_archive_compat.py,直接动态测试,已按实现建立基线
FUN-57DFC7A96B,UNIT-AF0B99F0B7,src/run/archive/completion.py,45,generation_step_statuses,public,"(report: dict[str, Any])","`report`（dict[str, Any]）：分析报告","返回 `dict[str, str]` 类型结果","构建`generation_step_statuses`；返回 `dict[str, str]` 类型结果。",按源码执行顺序经过 `get` → `report.get` → `isinstance` → `strip` → `row.get` → `lower`；包含 4 个条件、循环、异常或模式匹配分支，分支结果汇入返回或状态更新。,调用方提供满足参数类型、取值语义和默认值约定的输入；所属软件单元已经初始化并满足关联需求约束,"返回 `dict[str, str]` 类型结果；静态扫描未发现直接外部副作用",未发现显式 raise,未检测到直接副作用,在调用方线程同步执行,get;report.get;isinstance;strip;str;row.get;lower,4,13,medium,ARC-RUN,SWR-CORE-001;SWR-CORE-002;SWR-REP-001;SWR-ARC-001;SWR-ARC-002;SWR-CFG-001;SWR-NFR-002;SWR-NFR-004,,静态分析与组件级验证,已按实现建立基线
FUN-E2414CCD0A,UNIT-AF0B99F0B7,src/run/archive/completion.py,60,required_generation_step_ids,public,"(report: dict[str, Any])","`report`（dict[str, Any]）：分析报告","返回 `tuple[str, ...]` 类型结果","构建`required_generation_step_ids`；返回 `tuple[str, ...]` 类型结果。",按源码执行顺序经过 `report.get`；包含 1 个条件、循环、异常或模式匹配分支，分支结果汇入返回或状态更新。,调用方提供满足参数类型、取值语义和默认值约定的输入；所属软件单元已经初始化并满足关联需求约束,"返回 `tuple[str, ...]` 类型结果；静态扫描未发现直接外部副作用",未发现显式 raise,未检测到直接副作用,在调用方线程同步执行,report.get,1,8,medium,ARC-RUN,SWR-CORE-001;SWR-CORE-002;SWR-REP-001;SWR-ARC-001;SWR-ARC-002;SWR-CFG-001;SWR-NFR-002;SWR-NFR-004,,静态分析与组件级验证,已按实现建立基线
FUN-D7F6E6E3B1,UNIT-AF0B99F0B7,src/run/archive/completion.py,70,pipeline_replay_errors,public,"(report: dict[str, Any], manifest: dict[str, Any] | None=None)","`report`（dict[str, Any]）：分析报告；`manifest`（dict[str, Any] | None）：由 `manifest` 表示的键值映射；默认值 `None`",返回 `list[str]` 类型结果,构建`pipeline_replay_errors`；返回 `list[str]` 类型结果。,按源码执行顺序经过 `get` → `lower` → `strip` → `summary.get` → `errors.append` → `generation_step_statuses` → `required_generation_step_ids` → `step_map.get`；包含 6 个条件、循环、异常或模式匹配分支，分支结果汇入返回或状态更新。,调用方提供满足参数类型、取值语义和默认值约定的输入；所属软件单元已经初始化并满足关联需求约束,返回 `list[str]` 类型结果；静态扫描未发现直接外部副作用,未发现显式 raise,未检测到直接副作用,在调用方线程同步执行,get;lower;strip;str;summary.get;errors.append;generation_step_statuses;required_generation_step_ids;step_map.get,6,26,high,ARC-RUN,SWR-CORE-001;SWR-CORE-002;SWR-REP-001;SWR-ARC-001;SWR-ARC-002;SWR-CFG-001;SWR-NFR-002;SWR-NFR-004,tests/unit/test_archive_compat.py,直接动态测试,已按实现建立基线
FUN-0BB8A53CE4,UNIT-AF0B99F0B7,src/run/archive/completion.py,98,assert_pipeline_replay_ready,public,"(report: dict[str, Any])","`report`（dict[str, Any]）：分析报告",无返回值（None）,执行`assert_pipeline_replay_ready`处理；无返回值（None）。,按源码执行顺序经过 `pipeline_replay_errors` → `ValueError` → `join`；包含 1 个条件、循环、异常或模式匹配分支，分支结果汇入返回或状态更新。,调用方提供满足参数类型、取值语义和默认值约定的输入；所属软件单元已经初始化并满足关联需求约束,无返回值（None）；静态扫描未发现直接外部副作用,ValueError,未检测到直接副作用,在调用方线程同步执行,pipeline_replay_errors;ValueError;join,1,4,high,ARC-RUN,SWR-CORE-001;SWR-CORE-002;SWR-REP-001;SWR-ARC-001;SWR-ARC-002;SWR-CFG-001;SWR-NFR-002;SWR-NFR-004,,静态分析与组件级验证,已按实现建立基线
FUN-9A9D39921E,UNIT-969BF3943A,src/run/archive/index.py,19,index_path,public,(root: Path),`root`（Path）：项目根目录,返回 `Path` 类型结果,生成`index_path`结果；返回 `Path` 类型结果。,直接通过表达式、字段访问或常量完成处理；不包含显式控制分支。,调用方提供满足参数类型、取值语义和默认值约定的输入；所属软件单元已经初始化并满足关联需求约束,返回 `Path` 类型结果；静态扫描未发现直接外部副作用,未发现显式 raise,未检测到直接副作用,在调用方线程同步执行,none,0,2,medium,ARC-RUN,SWR-CORE-001;SWR-CORE-002;SWR-REP-001;SWR-ARC-001;SWR-ARC-002;SWR-CFG-001;SWR-NFR-002;SWR-NFR-004,,静态分析与组件级验证,已按实现建立基线
FUN-0ECEA1344B,UNIT-969BF3943A,src/run/archive/index.py,23,load_index,public,(root: Path),`root`（Path）：项目根目录,"返回 `dict[str, Any]` 类型结果","加载索引；返回 `dict[str, Any]` 类型结果。",按源码执行顺序经过 `index_path` → `path.is_file` → `json.loads` → `path.read_text` → `isinstance` → `payload.setdefault`；包含 3 个条件、循环、异常或模式匹配分支，分支结果汇入返回或状态更新。,调用方提供满足参数类型、取值语义和默认值约定的输入；所属软件单元已经初始化并满足关联需求约束,"返回 `dict[str, Any]` 类型结果；静态扫描未发现直接外部副作用",未发现显式 raise,未检测到直接副作用,在调用方线程同步执行,index_path;path.is_file;json.loads;path.read_text;isinstance;payload.setdefault,3,12,medium,ARC-RUN,SWR-CORE-001;SWR-CORE-002;SWR-REP-001;SWR-ARC-001;SWR-ARC-002;SWR-CFG-001;SWR-NFR-002;SWR-NFR-004,,静态分析与组件级验证,已按实现建立基线
FUN-C4F5638491,UNIT-969BF3943A,src/run/archive/index.py,37,save_index,public,"(root: Path, index: dict[str, Any])","`root`（Path）：项目根目录；`index`（dict[str, Any]）：由 `index` 表示的键值映射",无返回值（None）,保存索引；可能影响文件系统；无返回值（None）。,按源码执行顺序经过 `root.mkdir` → `isoformat` → `datetime.now` → `write_text` → `index_path` → `json.dumps`；不包含显式控制分支。,调用方提供满足参数类型、取值语义和默认值约定的输入；所属软件单元已经初始化并满足关联需求约束；相关路径满足读取或写入权限及目录边界,无返回值（None）；可观察变化限于文件系统,未发现显式 raise,文件系统读写,在调用方线程同步执行,root.mkdir;isoformat;datetime.now;write_text;index_path;json.dumps,0,9,medium,ARC-RUN,SWR-CORE-001;SWR-CORE-002;SWR-REP-001;SWR-ARC-001;SWR-ARC-002;SWR-CFG-001;SWR-NFR-002;SWR-NFR-004,,静态分析与组件级验证,已按实现建立基线
FUN-081A82E5E4,UNIT-969BF3943A,src/run/archive/index.py,48,upsert_index_entry,public,"(root: Path, entry: dict[str, Any])","`root`（Path）：项目根目录；`entry`（dict[str, Any]）：入场价格或入场记录",无返回值（None）,执行`upsert_index_entry`处理；无返回值（None）。,按源码执行顺序经过 `load_index` → `index.get` → `entry.get` → `row.get` → `runs.append` → `runs.sort` → `save_index`；不包含显式控制分支。,调用方提供满足参数类型、取值语义和默认值约定的输入；所属软件单元已经初始化并满足关联需求约束,无返回值（None）；静态扫描未发现直接外部副作用,未发现显式 raise,未检测到直接副作用,在调用方线程同步执行,load_index;list;index.get;str;entry.get;row.get;runs.append;runs.sort;save_index,0,9,medium,ARC-RUN,SWR-CORE-001;SWR-CORE-002;SWR-REP-001;SWR-ARC-001;SWR-ARC-002;SWR-CFG-001;SWR-NFR-002;SWR-NFR-004,,静态分析与组件级验证,已按实现建立基线
FUN-2F44AEF037,UNIT-969BF3943A,src/run/archive/index.py,59,remove_index_entries,public,"(root: Path, run_ids: set[str])",`root`（Path）：项目根目录；`run_ids`（set[str]）：由 `run_ids` 表示的输入集合,无返回值（None）,移除`index_entries`；无返回值（None）。,按源码执行顺序经过 `load_index` → `index.get` → `row.get` → `save_index`；包含 1 个条件、循环、异常或模式匹配分支，分支结果汇入返回或状态更新。,调用方提供满足参数类型、取值语义和默认值约定的输入；所属软件单元已经初始化并满足关联需求约束,无返回值（None）；静态扫描未发现直接外部副作用,未发现显式 raise,未检测到直接副作用,在调用方线程同步执行,load_index;index.get;str;row.get;save_index,1,7,medium,ARC-RUN,SWR-CORE-001;SWR-CORE-002;SWR-REP-001;SWR-ARC-001;SWR-ARC-002;SWR-CFG-001;SWR-NFR-002;SWR-NFR-004,,静态分析与组件级验证,已按实现建立基线
FUN-5115315DFE,UNIT-969BF3943A,src/run/archive/index.py,68,list_index_entries,public,"(root: Path, *, limit: int=100)",`root`（Path）：项目根目录；`limit`（int）：返回或处理数量上限；默认值 `100`,"返回 `list[dict[str, Any]]` 类型结果","构建`list_index_entries`；返回 `list[dict[str, Any]]` 类型结果。",按源码执行顺序经过 `load_index` → `index.get` → `runs.sort` → `row.get`；不包含显式控制分支。,调用方提供满足参数类型、取值语义和默认值约定的输入；所属软件单元已经初始化并满足关联需求约束,"返回 `list[dict[str, Any]]` 类型结果；静态扫描未发现直接外部副作用",未发现显式 raise,未检测到直接副作用,在调用方线程同步执行,load_index;list;index.get;runs.sort;str;row.get,0,5,medium,ARC-RUN,SWR-CORE-001;SWR-CORE-002;SWR-REP-001;SWR-ARC-001;SWR-ARC-002;SWR-CFG-001;SWR-NFR-002;SWR-NFR-004,tests/unit/test_archive_optimizations.py,直接动态测试,已按实现建立基线
FUN-9B663EF8E0,UNIT-969BF3943A,src/run/archive/index.py,75,rebuild_index_from_disk,public,"(root: Path, rows: list[dict[str, Any]])","`root`（Path）：项目根目录；`rows`（list[dict[str, Any]]）：记录行集合",无返回值（None）,根据`disk`构建`rebuild_index`；无返回值（None）。,按源码执行顺序经过 `load_index` → `sorted` → `row.get` → `save_index`；不包含显式控制分支。,调用方提供满足参数类型、取值语义和默认值约定的输入；所属软件单元已经初始化并满足关联需求约束,无返回值（None）；静态扫描未发现直接外部副作用,未发现显式 raise,未检测到直接副作用,在调用方线程同步执行,load_index;sorted;str;row.get;save_index,0,5,medium,ARC-RUN,SWR-CORE-001;SWR-CORE-002;SWR-REP-001;SWR-ARC-001;SWR-ARC-002;SWR-CFG-001;SWR-NFR-002;SWR-NFR-004,tests/unit/test_archive_optimizations.py,直接动态测试,已按实现建立基线
FUN-F03125CDF0,UNIT-038535558B,src/run/archive/prune.py,16,_dir_size_bytes,internal,(path: Path),`path`（Path）：文件或目录路径,返回 `int` 类型结果,计算`dir_size_bytes`；返回 `int` 类型结果。,按源码执行顺序经过 `path.rglob` → `child.is_file` → `child.stat`；包含 3 个条件、循环、异常或模式匹配分支，分支结果汇入返回或状态更新。,调用方提供满足参数类型、取值语义和默认值约定的输入；所属软件单元已经初始化并满足关联需求约束,返回 `int` 类型结果；静态扫描未发现直接外部副作用,未发现显式 raise,未检测到直接副作用,在调用方线程同步执行,path.rglob;child.is_file;child.stat,3,9,low,ARC-RUN,SWR-CORE-001;SWR-CORE-002;SWR-REP-001;SWR-ARC-001;SWR-ARC-002;SWR-CFG-001;SWR-NFR-002;SWR-NFR-004,,静态分析与组件级验证,已按实现建立基线
FUN-A1476B11AB,UNIT-038535558B,src/run/archive/prune.py,27,prune_archives,public,"(root: Path, rows: list[dict[str, Any]], *, max_count: int | None=None, max_mb: int | None=None)","`root`（Path）：项目根目录；`rows`（list[dict[str, Any]]）：记录行集合；`max_count`（int | None）：数量或处理上限；默认值 `None`；`max_mb`（int | None）：由调用方提供的 `max_mb` 输入对象；默认值 `None`",返回 `list[str]` 类型结果,构建`prune_archives`；返回 `list[str]` 类型结果。,按源码执行顺序经过 `sorted` → `row.get` → `to_remove.append` → `folder.is_dir` → `_dir_size_bytes` → `ordered.pop` → `victim.get` → `sizes.get`；包含 15 个条件、循环、异常或模式匹配分支，分支结果汇入返回或状态更新。,调用方提供满足参数类型、取值语义和默认值约定的输入；所属软件单元已经初始化并满足关联需求约束,返回 `list[str]` 类型结果；静态扫描未发现直接外部副作用,未发现显式 raise,未检测到直接副作用,在调用方线程同步执行,sorted;str;row.get;len;to_remove.append;folder.is_dir;_dir_size_bytes;ordered.pop;victim.get;sizes.get;dict.fromkeys;shutil.rmtree;removed.append;log.info;log.warning;remove_index_entries;set,15,57,high,ARC-RUN,SWR-CORE-001;SWR-CORE-002;SWR-REP-001;SWR-ARC-001;SWR-ARC-002;SWR-CFG-001;SWR-NFR-002;SWR-NFR-004,tests/unit/test_archive_optimizations.py,直接动态测试,已按实现建立基线
FUN-4D1E837774,UNIT-EA2375EFD1,src/run/archive/schema.py,71,ArchiveInspection.loadable,public,(self),无显式输入参数,返回 `bool` 类型结果,判断`loadable`条件是否成立；返回 `bool` 类型结果。,直接通过表达式、字段访问或常量完成处理；不包含显式控制分支。,无需调用方提供显式参数；所属软件单元已经初始化并满足关联需求约束,返回 `bool` 类型结果；静态扫描未发现直接外部副作用,未发现显式 raise,未检测到直接副作用,在调用方线程同步执行,none,0,2,high,ARC-RUN,SWR-CORE-001;SWR-CORE-002;SWR-REP-001;SWR-ARC-001;SWR-ARC-002;SWR-CFG-001;SWR-NFR-002;SWR-NFR-004,tests/unit/test_archive_compat.py;tests/unit/test_archive_optimizations.py;tests/unit/test_run_archive.py,直接动态测试,已按实现建立基线
FUN-0FD63F4847,UNIT-EA2375EFD1,src/run/archive/schema.py,75,app_build_version,public,(),无显式输入参数,返回 `str` 类型结果,构建`app_version`；返回 `str` 类型结果。,按源码执行顺序经过 `rsplit` → `__file__.replace` → `strip` → `subprocess.check_output`；包含 2 个条件、循环、异常或模式匹配分支，分支结果汇入返回或状态更新。,无需调用方提供显式参数；所属软件单元已经初始化并满足关联需求约束,返回 `str` 类型结果；静态扫描未发现直接外部副作用,未发现显式 raise,未检测到直接副作用,在调用方线程同步执行,rsplit;__file__.replace;strip;subprocess.check_output,2,16,medium,ARC-RUN,SWR-CORE-001;SWR-CORE-002;SWR-REP-001;SWR-ARC-001;SWR-ARC-002;SWR-CFG-001;SWR-NFR-002;SWR-NFR-004,,静态分析与组件级验证,已按实现建立基线
FUN-350588B114,UNIT-EA2375EFD1,src/run/archive/schema.py,93,artifact_envelope,public,"(*, kind: str, artifact_version: int, payload: Any)",`kind`（str）：类别标识；`artifact_version`（int）：由 `artifact_version` 表示的数值参数；`payload`（Any）：结构化载荷,"返回 `dict[str, Any]` 类型结果","构建`artifact_envelope`；返回 `dict[str, Any]` 类型结果。",直接通过表达式、字段访问或常量完成处理；不包含显式控制分支。,调用方提供满足参数类型、取值语义和默认值约定的输入；所属软件单元已经初始化并满足关联需求约束,"返回 `dict[str, Any]` 类型结果；静态扫描未发现直接外部副作用",未发现显式 raise,未检测到直接副作用,在调用方线程同步执行,none,0,6,medium,ARC-RUN,SWR-CORE-001;SWR-CORE-002;SWR-REP-001;SWR-ARC-001;SWR-ARC-002;SWR-CFG-001;SWR-NFR-002;SWR-NFR-004,tests/unit/test_archive_compat.py;tests/unit/test_run_archive.py,直接动态测试,已按实现建立基线
FUN-9ED5B56457,UNIT-EA2375EFD1,src/run/archive/schema.py,101,unwrap_artifact,public,"(raw: Any, *, kind: str, default_version: int)",`raw`（Any）：尚未标准化的原始输入；`kind`（str）：类别标识；`default_version`（int）：由 `default_version` 表示的数值参数,"返回 `tuple[int, Any]` 类型结果","构建`unwrap_artifact`；返回 `tuple[int, Any]` 类型结果。",按源码执行顺序经过 `isinstance` → `raw.get`；包含 5 个条件、循环、异常或模式匹配分支，分支结果汇入返回或状态更新。,调用方提供满足参数类型、取值语义和默认值约定的输入；所属软件单元已经初始化并满足关联需求约束,"返回 `tuple[int, Any]` 类型结果；静态扫描未发现直接外部副作用",未发现显式 raise,未检测到直接副作用,在调用方线程同步执行,isinstance;raw.get;int,5,17,medium,ARC-RUN,SWR-CORE-001;SWR-CORE-002;SWR-REP-001;SWR-ARC-001;SWR-ARC-002;SWR-CFG-001;SWR-NFR-002;SWR-NFR-004,tests/unit/test_archive_compat.py,直接动态测试,已按实现建立基线
FUN-A7F6BE3E0F,UNIT-EA2375EFD1,src/run/archive/schema.py,120,build_manifest,public,"(*, run_id: str, saved_at: str | None=None, run_config: dict[str, Any] | None=None, summary: dict[str, Any] | None=None, legacy: dict[str, Any] | None=None)","`run_id`（str）：对象标识；`saved_at`（str | None）：事件或数据时间；默认值 `None`；`run_config`（dict[str, Any] | None）：运行配置；默认值 `None`；`summary`（dict[str, Any] | None）：摘要内容；默认值 `None`；`legacy`（dict[str, Any] | None）：由 `legacy` 表示的键值映射；默认值 `None`","返回 `dict[str, Any]` 类型结果","构建归档清单；返回 `dict[str, Any]` 类型结果。",按源码执行顺序经过 `isoformat` → `datetime.now` → `app_build_version`；不包含显式控制分支。,调用方提供满足参数类型、取值语义和默认值约定的输入；所属软件单元已经初始化并满足关联需求约束,"返回 `dict[str, Any]` 类型结果；静态扫描未发现直接外部副作用",未发现显式 raise,未检测到直接副作用,在调用方线程同步执行,isoformat;datetime.now;app_build_version,0,50,medium,ARC-RUN,SWR-CORE-001;SWR-CORE-002;SWR-REP-001;SWR-ARC-001;SWR-ARC-002;SWR-CFG-001;SWR-NFR-002;SWR-NFR-004,,静态分析与组件级验证,已按实现建立基线
FUN-1C86FF94A1,UNIT-D3D34BC712,src/run/archive/store.py,58,archives_root,public,(),无显式输入参数,返回 `Path` 类型结果,生成`archives_root`结果；返回 `Path` 类型结果。,直接通过表达式、字段访问或常量完成处理；不包含显式控制分支。,无需调用方提供显式参数；所属软件单元已经初始化并满足关联需求约束,返回 `Path` 类型结果；静态扫描未发现直接外部副作用,未发现显式 raise,未检测到直接副作用,在调用方线程同步执行,none,0,2,high,ARC-RUN,SWR-CORE-001;SWR-CORE-002;SWR-REP-001;SWR-ARC-001;SWR-ARC-002;SWR-CFG-001;SWR-NFR-002;SWR-NFR-004,tests/unit/test_archive_optimizations.py;tests/unit/test_archive_transfer.py;tests/unit/test_run_archive.py,直接动态测试,已按实现建立基线
FUN-5374BBE5E8,UNIT-D3D34BC712,src/run/archive/store.py,62,run_dir,public,(run_id: str),`run_id`（str）：对象标识,返回 `Path` 类型结果,执行`dir`；返回 `Path` 类型结果。,按源码执行顺序经过 `archives_root`；不包含显式控制分支。,调用方提供满足参数类型、取值语义和默认值约定的输入；所属软件单元已经初始化并满足关联需求约束,返回 `Path` 类型结果；静态扫描未发现直接外部副作用,未发现显式 raise,未检测到直接副作用,在调用方线程同步执行,archives_root,0,2,medium,ARC-RUN,SWR-CORE-001;SWR-CORE-002;SWR-REP-001;SWR-ARC-001;SWR-ARC-002;SWR-CFG-001;SWR-NFR-002;SWR-NFR-004,tests/unit/test_archive_optimizations.py;tests/unit/test_archive_transfer.py;tests/unit/test_run_archive.py,直接动态测试,已按实现建立基线
FUN-4433FA9140,UNIT-D3D34BC712,src/run/archive/store.py,66,_sanitize_json,internal,(obj: Any),`obj`（Any）：由调用方提供的 `obj` 输入对象,返回 `Any` 类型结果,生成`sanitize_json`结果；返回 `Any` 类型结果。,按源码执行顺序经过 `isinstance` → `math.isnan` → `math.isinf` → `round` → `abs` → `_sanitize_json` → `obj.items`；包含 5 个条件、循环、异常或模式匹配分支，分支结果汇入返回或状态更新。,调用方提供满足参数类型、取值语义和默认值约定的输入；所属软件单元已经初始化并满足关联需求约束,返回 `Any` 类型结果；静态扫描未发现直接外部副作用,未发现显式 raise,未检测到直接副作用,在调用方线程同步执行,isinstance;math.isnan;math.isinf;round;abs;_sanitize_json;obj.items,5,10,low,ARC-RUN,SWR-CORE-001;SWR-CORE-002;SWR-REP-001;SWR-ARC-001;SWR-ARC-002;SWR-CFG-001;SWR-NFR-002;SWR-NFR-004,,静态分析与组件级验证,已按实现建立基线
FUN-681DB272F7,UNIT-D3D34BC712,src/run/archive/store.py,78,allocate_run_id,public,(),无显式输入参数,返回 `str` 类型结果,执行`allocate_id`；返回 `str` 类型结果。,按源码执行顺序经过 `strftime` → `datetime.now` → `exists` → `run_dir`；包含 1 个条件、循环、异常或模式匹配分支，分支结果汇入返回或状态更新。,无需调用方提供显式参数；所属软件单元已经初始化并满足关联需求约束,返回 `str` 类型结果；静态扫描未发现直接外部副作用,未发现显式 raise,未检测到直接副作用,在调用方线程同步执行,strftime;datetime.now;exists;run_dir,1,8,medium,ARC-RUN,SWR-CORE-001;SWR-CORE-002;SWR-REP-001;SWR-ARC-001;SWR-ARC-002;SWR-CFG-001;SWR-NFR-002;SWR-NFR-004,tests/unit/test_archive_optimizations.py;tests/unit/test_archive_transfer.py;tests/unit/test_orchestrator_hooks.py;tests/unit/test_run_archive.py,直接动态测试,已按实现建立基线
FUN-ED26B4EE99,UNIT-D3D34BC712,src/run/archive/store.py,88,inspect_run_archive,public,(run_id: str),`run_id`（str）：对象标识,返回 `Any` 类型结果,执行`inspect_archive`；返回 `Any` 类型结果。,按源码执行顺序经过 `inspect_archive` → `run_dir`；不包含显式控制分支。,调用方提供满足参数类型、取值语义和默认值约定的输入；所属软件单元已经初始化并满足关联需求约束,返回 `Any` 类型结果；静态扫描未发现直接外部副作用,未发现显式 raise,未检测到直接副作用,在调用方线程同步执行,inspect_archive;run_dir,0,2,high,ARC-RUN,SWR-CORE-001;SWR-CORE-002;SWR-REP-001;SWR-ARC-001;SWR-ARC-002;SWR-CFG-001;SWR-NFR-002;SWR-NFR-004,tests/unit/test_archive_optimizations.py;tests/unit/test_archive_transfer.py;tests/unit/test_run_archive.py,直接动态测试,已按实现建立基线
FUN-C1C36BD8F4,UNIT-D3D34BC712,src/run/archive/store.py,92,_archive_row_from_path,internal,"(run_id: str, path: Path)",`run_id`（str）：对象标识；`path`（Path）：文件或目录路径,"返回 `dict[str, Any] | None` 类型结果","根据`path`构建`archive_row`；返回 `dict[str, Any] | None` 类型结果。",按源码执行顺序经过 `path.is_dir` → `is_file` → `inspect_archive` → `manifest.get` → `summary.get` → `meta_path.is_file` → `json.loads` → `meta_path.read_text`；包含 5 个条件、循环、异常或模式匹配分支，分支结果汇入返回或状态更新。,调用方提供满足参数类型、取值语义和默认值约定的输入；所属软件单元已经初始化并满足关联需求约束,"返回 `dict[str, Any] | None` 类型结果；静态扫描未发现直接外部副作用",未发现显式 raise,未检测到直接副作用,在调用方线程同步执行,path.is_dir;is_file;inspect_archive;manifest.get;summary.get;str;meta_path.is_file;json.loads;meta_path.read_text;row.setdefault;legacy_meta.get,5,36,high,ARC-RUN,SWR-CORE-001;SWR-CORE-002;SWR-REP-001;SWR-ARC-001;SWR-ARC-002;SWR-CFG-001;SWR-NFR-002;SWR-NFR-004,,静态分析与组件级验证,已按实现建立基线
FUN-1ECBDF7DBE,UNIT-D3D34BC712,src/run/archive/store.py,130,_scan_archives,internal,"(*, limit: int=100)",`limit`（int）：返回或处理数量上限；默认值 `100`,"返回 `list[dict[str, Any]]` 类型结果","构建`scan_archives`；返回 `list[dict[str, Any]]` 类型结果。",按源码执行顺序经过 `archives_root` → `root.is_dir` → `root.iterdir` → `path.is_dir` → `_archive_row_from_path` → `rows.append` → `rows.sort` → `row.get`；包含 4 个条件、循环、异常或模式匹配分支，分支结果汇入返回或状态更新。,调用方提供满足参数类型、取值语义和默认值约定的输入；所属软件单元已经初始化并满足关联需求约束,"返回 `list[dict[str, Any]]` 类型结果；静态扫描未发现直接外部副作用",未发现显式 raise,未检测到直接副作用,在调用方线程同步执行,archives_root;root.is_dir;root.iterdir;path.is_dir;_archive_row_from_path;rows.append;rows.sort;str;row.get,4,13,high,ARC-RUN,SWR-CORE-001;SWR-CORE-002;SWR-REP-001;SWR-ARC-001;SWR-ARC-002;SWR-CFG-001;SWR-NFR-002;SWR-NFR-004,,静态分析与组件级验证,已按实现建立基线
FUN-9E74461596,UNIT-D3D34BC712,src/run/archive/store.py,145,list_archives,public,"(*, limit: int=100)",`limit`（int）：返回或处理数量上限；默认值 `100`,"返回 `list[dict[str, Any]]` 类型结果","构建`list_archives`；返回 `list[dict[str, Any]]` 类型结果。",按源码执行顺序经过 `archives_root` → `root.is_dir` → `list_index_entries` → `_scan_archives` → `max` → `rebuild_index_from_disk`；包含 3 个条件、循环、异常或模式匹配分支，分支结果汇入返回或状态更新。,调用方提供满足参数类型、取值语义和默认值约定的输入；所属软件单元已经初始化并满足关联需求约束,"返回 `list[dict[str, Any]]` 类型结果；静态扫描未发现直接外部副作用",未发现显式 raise,未检测到直接副作用,在调用方线程同步执行,archives_root;root.is_dir;list_index_entries;_scan_archives;max;rebuild_index_from_disk,3,11,high,ARC-RUN,SWR-CORE-001;SWR-CORE-002;SWR-REP-001;SWR-ARC-001;SWR-ARC-002;SWR-CFG-001;SWR-NFR-002;SWR-NFR-004,tests/unit/test_archive_optimizations.py;tests/unit/test_archive_transfer.py;tests/unit/test_run_archive.py,直接动态测试,已按实现建立基线
FUN-02080AAEF3,UNIT-D3D34BC712,src/run/archive/store.py,158,archives_exist,public,(),无显式输入参数,返回 `bool` 类型结果,判断`archives_exist`条件是否成立；返回 `bool` 类型结果。,按源码执行顺序经过 `list_archives`；不包含显式控制分支。,无需调用方提供显式参数；所属软件单元已经初始化并满足关联需求约束,返回 `bool` 类型结果；静态扫描未发现直接外部副作用,未发现显式 raise,未检测到直接副作用,在调用方线程同步执行,bool;list_archives,0,2,high,ARC-RUN,SWR-CORE-001;SWR-CORE-002;SWR-REP-001;SWR-ARC-001;SWR-ARC-002;SWR-CFG-001;SWR-NFR-002;SWR-NFR-004,tests/unit/test_run_archive.py,直接动态测试,已按实现建立基线
FUN-A95B39BC72,UNIT-D3D34BC712,src/run/archive/store.py,162,archive_label,public,"(meta: dict[str, Any])","`meta`（dict[str, Any]）：审计或处理元数据",返回 `str` 类型结果,归档`label`；返回 `str` 类型结果。,按源码执行顺序经过 `meta.get` → `format_utc8` → `archived_config.get` → `isinstance` → `bars.get`；包含 5 个条件、循环、异常或模式匹配分支，分支结果汇入返回或状态更新。,调用方提供满足参数类型、取值语义和默认值约定的输入；所属软件单元已经初始化并满足关联需求约束,返回 `str` 类型结果；静态扫描未发现直接外部副作用,未发现显式 raise,未检测到直接副作用,在调用方线程同步执行,str;meta.get;format_utc8;archived_config.get;float;isinstance;bars.get,5,21,high,ARC-RUN,SWR-CORE-001;SWR-CORE-002;SWR-REP-001;SWR-ARC-001;SWR-ARC-002;SWR-CFG-001;SWR-NFR-002;SWR-NFR-004,tests/unit/test_archive_transfer.py;tests/unit/test_run_archive.py,直接动态测试,已按实现建立基线
FUN-9AE985D283,UNIT-D3D34BC712,src/run/archive/store.py,185,_ts_to_str,internal,(value: Any),`value`（Any）：待处理值,返回 `str` 类型结果,生成`ts_to_str`文本；返回 `str` 类型结果。,按源码执行顺序经过 `isoformat` → `pd.Timestamp`；不包含显式控制分支。,调用方提供满足参数类型、取值语义和默认值约定的输入；所属软件单元已经初始化并满足关联需求约束,返回 `str` 类型结果；静态扫描未发现直接外部副作用,未发现显式 raise,未检测到直接副作用,在调用方线程同步执行,isoformat;pd.Timestamp,0,2,low,ARC-RUN,SWR-CORE-001;SWR-CORE-002;SWR-REP-001;SWR-ARC-001;SWR-ARC-002;SWR-CFG-001;SWR-NFR-002;SWR-NFR-004,,静态分析与组件级验证,已按实现建立基线
FUN-85EF9FD874,UNIT-D3D34BC712,src/run/archive/store.py,189,_ts_from_str,internal,(value: str | None),`value`（str | None）：待处理值,返回 `pd.Timestamp | None` 类型结果,根据`str`构建`ts`；返回 `pd.Timestamp | None` 类型结果。,按源码执行顺序经过 `pd.Timestamp`；包含 1 个条件、循环、异常或模式匹配分支，分支结果汇入返回或状态更新。,调用方提供满足参数类型、取值语义和默认值约定的输入；所属软件单元已经初始化并满足关联需求约束,返回 `pd.Timestamp | None` 类型结果；静态扫描未发现直接外部副作用,未发现显式 raise,未检测到直接副作用,在调用方线程同步执行,pd.Timestamp,1,4,low,ARC-RUN,SWR-CORE-001;SWR-CORE-002;SWR-REP-001;SWR-ARC-001;SWR-ARC-002;SWR-CFG-001;SWR-NFR-002;SWR-NFR-004,,静态分析与组件级验证,已按实现建立基线
FUN-37471CB30F,UNIT-D3D34BC712,src/run/archive/store.py,195,_encode_order_block,internal,(row: OrderBlock),`row`（OrderBlock）：当前记录行,"返回 `dict[str, Any]` 类型结果","编码订单块；返回 `dict[str, Any]` 类型结果。",按源码执行顺序经过 `_ts_to_str`；不包含显式控制分支。,调用方提供满足参数类型、取值语义和默认值约定的输入；所属软件单元已经初始化并满足关联需求约束,"返回 `dict[str, Any]` 类型结果；静态扫描未发现直接外部副作用",未发现显式 raise,未检测到直接副作用,在调用方线程同步执行,_ts_to_str,0,8,high,ARC-RUN,SWR-CORE-001;SWR-CORE-002;SWR-REP-001;SWR-ARC-001;SWR-ARC-002;SWR-CFG-001;SWR-NFR-002;SWR-NFR-004,,静态分析与组件级验证,已按实现建立基线
FUN-AEF3D9744A,UNIT-D3D34BC712,src/run/archive/store.py,205,_decode_order_block,internal,"(payload: dict[str, Any])","`payload`（dict[str, Any]）：结构化载荷",返回 `OrderBlock` 类型结果,解码订单块；返回 `OrderBlock` 类型结果。,按源码执行顺序经过 `OrderBlock` → `_ts_from_str` → `payload.get` → `pd.Timestamp.utcnow`；不包含显式控制分支。,调用方提供满足参数类型、取值语义和默认值约定的输入；所属软件单元已经初始化并满足关联需求约束,返回 `OrderBlock` 类型结果；静态扫描未发现直接外部副作用,未发现显式 raise,未检测到直接副作用,在调用方线程同步执行,OrderBlock;float;_ts_from_str;payload.get;pd.Timestamp.utcnow;str,0,8,high,ARC-RUN,SWR-CORE-001;SWR-CORE-002;SWR-REP-001;SWR-ARC-001;SWR-ARC-002;SWR-CFG-001;SWR-NFR-002;SWR-NFR-004,,静态分析与组件级验证,已按实现建立基线
FUN-B2731107DD,UNIT-D3D34BC712,src/run/archive/store.py,215,_encode_fvg,internal,(row: FairValueGap),`row`（FairValueGap）：当前记录行,"返回 `dict[str, Any]` 类型结果","编码公允价值缺口；返回 `dict[str, Any]` 类型结果。",按源码执行顺序经过 `_ts_to_str`；不包含显式控制分支。,调用方提供满足参数类型、取值语义和默认值约定的输入；所属软件单元已经初始化并满足关联需求约束,"返回 `dict[str, Any]` 类型结果；静态扫描未发现直接外部副作用",未发现显式 raise,未检测到直接副作用,在调用方线程同步执行,_ts_to_str,0,8,low,ARC-RUN,SWR-CORE-001;SWR-CORE-002;SWR-REP-001;SWR-ARC-001;SWR-ARC-002;SWR-CFG-001;SWR-NFR-002;SWR-NFR-004,,静态分析与组件级验证,已按实现建立基线
FUN-55B5B5693E,UNIT-D3D34BC712,src/run/archive/store.py,225,_decode_fvg,internal,"(payload: dict[str, Any])","`payload`（dict[str, Any]）：结构化载荷",返回 `FairValueGap` 类型结果,解码公允价值缺口；返回 `FairValueGap` 类型结果。,按源码执行顺序经过 `FairValueGap` → `_ts_from_str` → `payload.get` → `pd.Timestamp.utcnow`；不包含显式控制分支。,调用方提供满足参数类型、取值语义和默认值约定的输入；所属软件单元已经初始化并满足关联需求约束,返回 `FairValueGap` 类型结果；静态扫描未发现直接外部副作用,未发现显式 raise,未检测到直接副作用,在调用方线程同步执行,FairValueGap;float;_ts_from_str;payload.get;pd.Timestamp.utcnow;str,0,8,low,ARC-RUN,SWR-CORE-001;SWR-CORE-002;SWR-REP-001;SWR-ARC-001;SWR-ARC-002;SWR-CFG-001;SWR-NFR-002;SWR-NFR-004,,静态分析与组件级验证,已按实现建立基线
FUN-0B04667D7D,UNIT-D3D34BC712,src/run/archive/store.py,235,_encode_structure_event,internal,(row: StructureEvent),`row`（StructureEvent）：当前记录行,"返回 `dict[str, Any]` 类型结果","编码市场结构事件；返回 `dict[str, Any]` 类型结果。",按源码执行顺序经过 `_ts_to_str`；包含 1 个条件、循环、异常或模式匹配分支，分支结果汇入返回或状态更新。,调用方提供满足参数类型、取值语义和默认值约定的输入；所属软件单元已经初始化并满足关联需求约束,"返回 `dict[str, Any]` 类型结果；静态扫描未发现直接外部副作用",未发现显式 raise,未检测到直接副作用,在调用方线程同步执行,_ts_to_str,1,9,low,ARC-RUN,SWR-CORE-001;SWR-CORE-002;SWR-REP-001;SWR-ARC-001;SWR-ARC-002;SWR-CFG-001;SWR-NFR-002;SWR-NFR-004,,静态分析与组件级验证,已按实现建立基线
FUN-5ADE499DEF,UNIT-D3D34BC712,src/run/archive/store.py,246,_decode_structure_event,internal,"(payload: dict[str, Any])","`payload`（dict[str, Any]）：结构化载荷",返回 `StructureEvent` 类型结果,解码市场结构事件；返回 `StructureEvent` 类型结果。,按源码执行顺序经过 `StructureEvent` → `_ts_from_str` → `payload.get` → `pd.Timestamp.utcnow`；不包含显式控制分支。,调用方提供满足参数类型、取值语义和默认值约定的输入；所属软件单元已经初始化并满足关联需求约束,返回 `StructureEvent` 类型结果；静态扫描未发现直接外部副作用,未发现显式 raise,未检测到直接副作用,在调用方线程同步执行,StructureEvent;float;_ts_from_str;payload.get;pd.Timestamp.utcnow,0,9,low,ARC-RUN,SWR-CORE-001;SWR-CORE-002;SWR-REP-001;SWR-ARC-001;SWR-ARC-002;SWR-CFG-001;SWR-NFR-002;SWR-NFR-004,,静态分析与组件级验证,已按实现建立基线
FUN-57B7676118,UNIT-D3D34BC712,src/run/archive/store.py,257,_encode_liquidity,internal,(row: LiquidityZone),`row`（LiquidityZone）：当前记录行,"返回 `dict[str, Any]` 类型结果","编码流动性结构；返回 `dict[str, Any]` 类型结果。",直接通过表达式、字段访问或常量完成处理；不包含显式控制分支。,调用方提供满足参数类型、取值语义和默认值约定的输入；所属软件单元已经初始化并满足关联需求约束,"返回 `dict[str, Any]` 类型结果；静态扫描未发现直接外部副作用",未发现显式 raise,未检测到直接副作用,在调用方线程同步执行,none,0,8,low,ARC-RUN,SWR-CORE-001;SWR-CORE-002;SWR-REP-001;SWR-ARC-001;SWR-ARC-002;SWR-CFG-001;SWR-NFR-002;SWR-NFR-004,,静态分析与组件级验证,已按实现建立基线
FUN-AD119574F9,UNIT-D3D34BC712,src/run/archive/store.py,267,_decode_liquidity,internal,"(payload: dict[str, Any])","`payload`（dict[str, Any]）：结构化载荷",返回 `LiquidityZone` 类型结果,解码流动性结构；返回 `LiquidityZone` 类型结果。,按源码执行顺序经过 `LiquidityZone` → `payload.get`；不包含显式控制分支。,调用方提供满足参数类型、取值语义和默认值约定的输入；所属软件单元已经初始化并满足关联需求约束,返回 `LiquidityZone` 类型结果；静态扫描未发现直接外部副作用,未发现显式 raise,未检测到直接副作用,在调用方线程同步执行,LiquidityZone;float;str;payload.get;bool,0,8,low,ARC-RUN,SWR-CORE-001;SWR-CORE-002;SWR-REP-001;SWR-ARC-001;SWR-ARC-002;SWR-CFG-001;SWR-NFR-002;SWR-NFR-004,,静态分析与组件级验证,已按实现建立基线
FUN-4982E87C7F,UNIT-D3D34BC712,src/run/archive/store.py,277,encode_analysis,public,(analysis: TimeframeAnalysis),`analysis`（TimeframeAnalysis）：当前分析结果,"返回 `dict[str, Any]` 类型结果","编码`analysis`；返回 `dict[str, Any]` 类型结果。",按源码执行顺序经过 `_encode_order_block` → `_encode_fvg` → `_encode_liquidity` → `_encode_structure_event`；不包含显式控制分支。,调用方提供满足参数类型、取值语义和默认值约定的输入；所属软件单元已经初始化并满足关联需求约束,"返回 `dict[str, Any]` 类型结果；静态扫描未发现直接外部副作用",未发现显式 raise,未检测到直接副作用,在调用方线程同步执行,_encode_order_block;_encode_fvg;_encode_liquidity;_encode_structure_event,0,21,medium,ARC-RUN,SWR-CORE-001;SWR-CORE-002;SWR-REP-001;SWR-ARC-001;SWR-ARC-002;SWR-CFG-001;SWR-NFR-002;SWR-NFR-004,tests/unit/test_run_archive.py,直接动态测试,已按实现建立基线
FUN-6C9F997021,UNIT-D3D34BC712,src/run/archive/store.py,300,decode_analysis,public,"(payload: dict[str, Any])","`payload`（dict[str, Any]）：结构化载荷",返回 `TimeframeAnalysis` 类型结果,解码`analysis`；返回 `TimeframeAnalysis` 类型结果。,按源码执行顺序经过 `TimeframeAnalysis` → `payload.get` → `_decode_order_block` → `isinstance` → `_decode_fvg` → `_decode_liquidity` → `_decode_structure_event`；不包含显式控制分支。,调用方提供满足参数类型、取值语义和默认值约定的输入；所属软件单元已经初始化并满足关联需求约束,返回 `TimeframeAnalysis` 类型结果；静态扫描未发现直接外部副作用,未发现显式 raise,未检测到直接副作用,在调用方线程同步执行,TimeframeAnalysis;str;payload.get;_decode_order_block;isinstance;_decode_fvg;_decode_liquidity;_decode_structure_event,0,21,medium,ARC-RUN,SWR-CORE-001;SWR-CORE-002;SWR-REP-001;SWR-ARC-001;SWR-ARC-002;SWR-CFG-001;SWR-NFR-002;SWR-NFR-004,tests/unit/test_run_archive.py,直接动态测试,已按实现建立基线
FUN-789E3F37FA,UNIT-D3D34BC712,src/run/archive/store.py,323,_frame_to_json,internal,(df: pd.DataFrame),`df`（pd.DataFrame）：输入数据表,"返回 `dict[str, Any]` 类型结果","构建`frame_to_json`；返回 `dict[str, Any]` 类型结果。",按源码执行顺序经过 `df.copy` → `getattr` → `out.index.tz_convert` → `ts.isoformat` → `pd.to_datetime` → `values.tolist` → `out.where` → `pd.notna`；包含 1 个条件、循环、异常或模式匹配分支，分支结果汇入返回或状态更新。,调用方提供满足参数类型、取值语义和默认值约定的输入；所属软件单元已经初始化并满足关联需求约束,"返回 `dict[str, Any]` 类型结果；静态扫描未发现直接外部副作用",未发现显式 raise,未检测到直接副作用,在调用方线程同步执行,df.copy;getattr;out.index.tz_convert;ts.isoformat;pd.to_datetime;str;values.tolist;out.where;pd.notna,1,10,low,ARC-RUN,SWR-CORE-001;SWR-CORE-002;SWR-REP-001;SWR-ARC-001;SWR-ARC-002;SWR-CFG-001;SWR-NFR-002;SWR-NFR-004,,静态分析与组件级验证,已按实现建立基线
FUN-8A5C077425,UNIT-D3D34BC712,src/run/archive/store.py,335,_frame_from_json,internal,"(payload: dict[str, Any])","`payload`（dict[str, Any]）：结构化载荷",返回 `pd.DataFrame` 类型结果,根据JSON 数据构建数据表；返回 `pd.DataFrame` 类型结果。,按源码执行顺序经过 `pd.DataFrame` → `pd.to_datetime`；不包含显式控制分支。,调用方提供满足参数类型、取值语义和默认值约定的输入；所属软件单元已经初始化并满足关联需求约束,返回 `pd.DataFrame` 类型结果；静态扫描未发现直接外部副作用,未发现显式 raise,未检测到直接副作用,在调用方线程同步执行,pd.DataFrame;pd.to_datetime,0,4,low,ARC-RUN,SWR-CORE-001;SWR-CORE-002;SWR-REP-001;SWR-ARC-001;SWR-ARC-002;SWR-CFG-001;SWR-NFR-002;SWR-NFR-004,,静态分析与组件级验证,已按实现建立基线
FUN-FF14E13C2D,UNIT-D3D34BC712,src/run/archive/store.py,341,_external_to_json,internal,(external: ExternalFactors),`external`（ExternalFactors）：由调用方提供的 `external` 输入对象,"返回 `dict[str, Any]` 类型结果","构建`external_to_json`；返回 `dict[str, Any]` 类型结果。",按源码执行顺序经过 `item.to_dict` → `event.to_dict` → `quote.to_dict`；不包含显式控制分支。,调用方提供满足参数类型、取值语义和默认值约定的输入；所属软件单元已经初始化并满足关联需求约束,"返回 `dict[str, Any]` 类型结果；静态扫描未发现直接外部副作用",未发现显式 raise,未检测到直接副作用,在调用方线程同步执行,list;item.to_dict;event.to_dict;quote.to_dict,0,13,low,ARC-RUN,SWR-CORE-001;SWR-CORE-002;SWR-REP-001;SWR-ARC-001;SWR-ARC-002;SWR-CFG-001;SWR-NFR-002;SWR-NFR-004,,静态分析与组件级验证,已按实现建立基线
FUN-A2A4E2C638,UNIT-D3D34BC712,src/run/archive/store.py,356,_external_from_json,internal,"(payload: dict[str, Any])","`payload`（dict[str, Any]）：结构化载荷",返回 `ExternalFactors` 类型结果,根据JSON 数据构建外部数据快照；返回 `ExternalFactors` 类型结果。,按源码执行顺序经过 `payload.get` → `ExternalFactors` → `HeadlineItem` → `row.get` → `isinstance` → `CalendarEvent` → `MacroQuote`；不包含显式控制分支。,调用方提供满足参数类型、取值语义和默认值约定的输入；所属软件单元已经初始化并满足关联需求约束,返回 `ExternalFactors` 类型结果；静态扫描未发现直接外部副作用,未发现显式 raise,未检测到直接副作用,在调用方线程同步执行,payload.get;ExternalFactors;str;HeadlineItem;row.get;isinstance;CalendarEvent;float;MacroQuote,0,47,medium,ARC-RUN,SWR-CORE-001;SWR-CORE-002;SWR-REP-001;SWR-ARC-001;SWR-ARC-002;SWR-CFG-001;SWR-NFR-002;SWR-NFR-004,,静态分析与组件级验证,已按实现建立基线
FUN-31C24783FE,UNIT-D3D34BC712,src/run/archive/store.py,405,_fetch_payload,internal,(fetched: DataFetchResult),`fetched`（DataFetchResult）：数据获取结果,"返回 `dict[str, Any]` 类型结果","获取结构化载荷；可能影响文件系统；返回 `dict[str, Any]` 类型结果。",按源码执行顺序经过 `_frame_to_json` → `fetched.raw.items` → `_external_to_json` → `artifact_envelope`；不包含显式控制分支。,调用方提供满足参数类型、取值语义和默认值约定的输入；所属软件单元已经初始化并满足关联需求约束；相关路径满足读取或写入权限及目录边界,"返回 `dict[str, Any]` 类型结果；可观察变化限于文件系统",未发现显式 raise,文件系统读写,在调用方线程同步执行,_frame_to_json;fetched.raw.items;_external_to_json;artifact_envelope,0,8,low,ARC-RUN,SWR-CORE-001;SWR-CORE-002;SWR-REP-001;SWR-ARC-001;SWR-ARC-002;SWR-CFG-001;SWR-NFR-002;SWR-NFR-004,,静态分析与组件级验证,已按实现建立基线
FUN-76805B2FC9,UNIT-D3D34BC712,src/run/archive/store.py,415,load_fetch,public,(run_id: str),`run_id`（str）：对象标识,返回 `DataFetchResult` 类型结果,加载`fetch`；可能影响外部接口；返回 `DataFetchResult` 类型结果。,按源码执行顺序经过 `run_dir` → `load_manifest` → `get` → `manifest.get` → `path.is_file` → `FileNotFoundError` → `migrate_fetch_payload` → `json.loads`；包含 1 个条件、循环、异常或模式匹配分支，分支结果汇入返回或状态更新。,调用方提供满足参数类型、取值语义和默认值约定的输入；所属软件单元已经初始化并满足关联需求约束；外部客户端、凭据、网络和超时策略已按运行配置准备,返回 `DataFetchResult` 类型结果；可观察变化限于外部接口,FileNotFoundError,外部接口 I/O,在调用方线程同步执行,run_dir;load_manifest;str;get;manifest.get;path.is_file;FileNotFoundError;migrate_fetch_payload;json.loads;path.read_text;payload.get;_frame_from_json;migrate_frame_payload;raw_payload.items;_external_from_json;DataFetchResult,1,16,high,ARC-RUN,SWR-CORE-001;SWR-CORE-002;SWR-REP-001;SWR-ARC-001;SWR-ARC-002;SWR-CFG-001;SWR-NFR-002;SWR-NFR-004,tests/unit/test_run_archive.py,直接动态测试,已按实现建立基线
FUN-A0B5F157C2,UNIT-D3D34BC712,src/run/archive/store.py,433,load_enriched,public,(run_id: str),`run_id`（str）：对象标识,"返回 `dict[str, pd.DataFrame]` 类型结果","加载`enriched`；返回 `dict[str, pd.DataFrame]` 类型结果。",按源码执行顺序经过 `run_dir` → `load_manifest` → `get` → `manifest.get` → `enriched_spec.get` → `enriched_dir.is_dir` → `FileNotFoundError` → `sorted`；包含 3 个条件、循环、异常或模式匹配分支，分支结果汇入返回或状态更新。,调用方提供满足参数类型、取值语义和默认值约定的输入；所属软件单元已经初始化并满足关联需求约束,"返回 `dict[str, pd.DataFrame]` 类型结果；静态扫描未发现直接外部副作用",FileNotFoundError,未检测到直接副作用,在调用方线程同步执行,run_dir;load_manifest;get;manifest.get;str;enriched_spec.get;enriched_dir.is_dir;FileNotFoundError;sorted;enriched_dir.glob;json.loads;path.read_text;migrate_frame_payload;_frame_from_json,3,15,medium,ARC-RUN,SWR-CORE-001;SWR-CORE-002;SWR-REP-001;SWR-ARC-001;SWR-ARC-002;SWR-CFG-001;SWR-NFR-002;SWR-NFR-004,,静态分析与组件级验证,已按实现建立基线
FUN-E23A10F8EE,UNIT-D3D34BC712,src/run/archive/store.py,450,load_analyses,public,"(run_id: str, enriched: dict[str, pd.DataFrame])","`run_id`（str）：对象标识；`enriched`（dict[str, pd.DataFrame]）：已补充指标的行情数据","返回 `dict[str, TimeframeAnalysis]` 类型结果","加载`analyses`；返回 `dict[str, TimeframeAnalysis]` 类型结果。",按源码执行顺序经过 `run_dir` → `load_manifest` → `get` → `manifest.get` → `path.is_file` → `json.loads` → `path.read_text` → `migrate_analyses_payload`；包含 1 个条件、循环、异常或模式匹配分支，分支结果汇入返回或状态更新。,调用方提供满足参数类型、取值语义和默认值约定的输入；所属软件单元已经初始化并满足关联需求约束,"返回 `dict[str, TimeframeAnalysis]` 类型结果；静态扫描未发现直接外部副作用",未发现显式 raise,未检测到直接副作用,在调用方线程同步执行,run_dir;load_manifest;str;get;manifest.get;path.is_file;json.loads;path.read_text;migrate_analyses_payload;decode_analysis;payload.items;isinstance;log.warning;analyze_timeframe;enriched.items,1,17,medium,ARC-RUN,SWR-CORE-001;SWR-CORE-002;SWR-REP-001;SWR-ARC-001;SWR-ARC-002;SWR-CFG-001;SWR-NFR-002;SWR-NFR-004,tests/unit/test_run_archive.py,直接动态测试,已按实现建立基线
FUN-2C07F0C57C,UNIT-D3D34BC712,src/run/archive/store.py,469,load_archive_meta,public,(run_id: str),`run_id`（str）：对象标识,"返回 `dict[str, Any]` 类型结果","加载`archive_meta`；返回 `dict[str, Any]` 类型结果。",按源码执行顺序经过 `run_dir` → `upgrade_manifest_if_needed` → `load_manifest` → `meta_path.is_file` → `json.loads` → `meta_path.read_text`；包含 1 个条件、循环、异常或模式匹配分支，分支结果汇入返回或状态更新。,调用方提供满足参数类型、取值语义和默认值约定的输入；所属软件单元已经初始化并满足关联需求约束,"返回 `dict[str, Any]` 类型结果；静态扫描未发现直接外部副作用",未发现显式 raise,未检测到直接副作用,在调用方线程同步执行,run_dir;upgrade_manifest_if_needed;load_manifest;meta_path.is_file;json.loads;meta_path.read_text,1,9,high,ARC-RUN,SWR-CORE-001;SWR-CORE-002;SWR-REP-001;SWR-ARC-001;SWR-ARC-002;SWR-CFG-001;SWR-NFR-002;SWR-NFR-004,,静态分析与组件级验证,已按实现建立基线
FUN-426B01B9BC,UNIT-D3D34BC712,src/run/archive/store.py,480,load_report,public,(run_id: str),`run_id`（str）：对象标识,"返回 `dict[str, Any]` 类型结果","加载报告；返回 `dict[str, Any]` 类型结果。",按源码执行顺序经过 `run_dir` → `load_manifest` → `get` → `manifest.get` → `path.is_file` → `FileNotFoundError` → `json.loads` → `path.read_text`；包含 1 个条件、循环、异常或模式匹配分支，分支结果汇入返回或状态更新。,调用方提供满足参数类型、取值语义和默认值约定的输入；所属软件单元已经初始化并满足关联需求约束,"返回 `dict[str, Any]` 类型结果；静态扫描未发现直接外部副作用",FileNotFoundError,未检测到直接副作用,在调用方线程同步执行,run_dir;load_manifest;str;get;manifest.get;path.is_file;FileNotFoundError;json.loads;path.read_text,1,8,medium,ARC-RUN,SWR-CORE-001;SWR-CORE-002;SWR-REP-001;SWR-ARC-001;SWR-ARC-002;SWR-CFG-001;SWR-NFR-002;SWR-NFR-004,tests/unit/test_run_archive.py,直接动态测试,已按实现建立基线
FUN-D5F0D013D7,UNIT-D3D34BC712,src/run/archive/store.py,490,load_bundle,public,(run_id: str),`run_id`（str）：对象标识,"返回 `tuple[dict[str, Any], dict[str, pd.DataFrame], dict[str, TimeframeAnalysis]]` 类型结果","加载`bundle`；返回 `tuple[dict[str, Any], dict[str, pd.DataFrame], dict[str, TimeframeAnalysis]]` 类型结果。",按源码执行顺序经过 `run_dir` → `inspect_archive` → `ValueError` → `join` → `upgrade_manifest_if_needed` → `load_report` → `get` → `manifest.get`；包含 2 个条件、循环、异常或模式匹配分支，分支结果汇入返回或状态更新。,调用方提供满足参数类型、取值语义和默认值约定的输入；所属软件单元已经初始化并满足关联需求约束,"返回 `tuple[dict[str, Any], dict[str, pd.DataFrame], dict[str, TimeframeAnalysis]]` 类型结果；静态扫描未发现直接外部副作用",ValueError,未检测到直接副作用,在调用方线程同步执行,run_dir;inspect_archive;ValueError;join;upgrade_manifest_if_needed;list;load_report;int;get;manifest.get;normalize_report;load_warnings.extend;load_enriched;load_analyses;report.setdefault;log.warning,2,39,medium,ARC-RUN,SWR-CORE-001;SWR-CORE-002;SWR-REP-001;SWR-ARC-001;SWR-ARC-002;SWR-CFG-001;SWR-NFR-002;SWR-NFR-004,tests/unit/test_run_archive.py,直接动态测试,已按实现建立基线
FUN-57BBEB8EC6,UNIT-D3D34BC712,src/run/archive/store.py,531,load_archive_5m_bars,public,(run_id: str),`run_id`（str）：对象标识,返回 `pd.DataFrame` 类型结果,加载`archive_5m_bars`；返回 `pd.DataFrame` 类型结果。,按源码执行顺序经过 `load_fetch` → `FileNotFoundError`；包含 1 个条件、循环、异常或模式匹配分支，分支结果汇入返回或状态更新。,调用方提供满足参数类型、取值语义和默认值约定的输入；所属软件单元已经初始化并满足关联需求约束,返回 `pd.DataFrame` 类型结果；静态扫描未发现直接外部副作用,FileNotFoundError,未检测到直接副作用,在调用方线程同步执行,load_fetch;FileNotFoundError,1,6,high,ARC-RUN,SWR-CORE-001;SWR-CORE-002;SWR-REP-001;SWR-ARC-001;SWR-ARC-002;SWR-CFG-001;SWR-NFR-002;SWR-NFR-004,,静态分析与组件级验证,已按实现建立基线
FUN-5B44894270,UNIT-D3D34BC712,src/run/archive/store.py,539,_failure_payload,internal,"(reason: str, *, step: str | None=None)",`reason`（str）：判定或拒绝原因；`step`（str | None）：由调用方提供的 `step` 输入对象；默认值 `None`,"返回 `dict[str, Any]` 类型结果","构建`failure_payload`；返回 `dict[str, Any]` 类型结果。",按源码执行顺序经过 `isoformat` → `datetime.now`；不包含显式控制分支。,调用方提供满足参数类型、取值语义和默认值约定的输入；所属软件单元已经初始化并满足关联需求约束,"返回 `dict[str, Any]` 类型结果；静态扫描未发现直接外部副作用",未发现显式 raise,未检测到直接副作用,在调用方线程同步执行,isoformat;datetime.now,0,6,low,ARC-RUN,SWR-CORE-001;SWR-CORE-002;SWR-REP-001;SWR-ARC-001;SWR-ARC-002;SWR-CFG-001;SWR-NFR-002;SWR-NFR-004,,静态分析与组件级验证,已按实现建立基线
FUN-8665B343FA,UNIT-D3D34BC712,src/run/archive/store.py,547,_stub_failure_report,internal,"(*, run_config: RunConfig, reason: str, generation_steps: list[dict] | None=None, llm_io: list[dict] | None=None, current_price: float | None=None)",`run_config`（RunConfig）：运行配置；`reason`（str）：判定或拒绝原因；`generation_steps`（list[dict] | None）：执行步骤集合；默认值 `None`；`llm_io`（list[dict] | None）：由 `llm_io` 表示的输入集合；默认值 `None`；`current_price`（float | None）：当前市场价格；默认值 `None`,"返回 `dict[str, Any]` 类型结果","构建`stub_failure_report`；返回 `dict[str, Any]` 类型结果。",按源码执行顺序经过 `run_config.normalized` → `format_utc8` → `isoformat` → `datetime.now` → `cfg.to_dict` → `cfg.fingerprint`；包含 1 个条件、循环、异常或模式匹配分支，分支结果汇入返回或状态更新。,调用方提供满足参数类型、取值语义和默认值约定的输入；所属软件单元已经初始化并满足关联需求约束,"返回 `dict[str, Any]` 类型结果；静态扫描未发现直接外部副作用",未发现显式 raise,未检测到直接副作用,在调用方线程同步执行,run_config.normalized;format_utc8;isoformat;datetime.now;cfg.to_dict;cfg.fingerprint,1,26,low,ARC-RUN,SWR-CORE-001;SWR-CORE-002;SWR-REP-001;SWR-ARC-001;SWR-ARC-002;SWR-CFG-001;SWR-NFR-002;SWR-NFR-004,,静态分析与组件级验证,已按实现建立基线
FUN-70CED3EDBA,UNIT-D3D34BC712,src/run/archive/store.py,575,_persist_archive_folder,internal,"(run_id: str, *, run_config: RunConfig, summary: dict[str, Any], report: dict[str, Any], fetched: DataFetchResult | None=None, enriched: dict[str, pd.DataFrame] | None=None, analyses: dict[str, TimeframeAnalysis] | None=None, failure: dict[str, Any] | None=None)","`run_id`（str）：对象标识；`run_config`（RunConfig）：运行配置；`summary`（dict[str, Any]）：摘要内容；`report`（dict[str, Any]）：分析报告；`fetched`（DataFetchResult | None）：数据获取结果；默认值 `None`；`enriched`（dict[str, pd.DataFrame] | None）：已补充指标的行情数据；默认值 `None`；`analyses`（dict[str, TimeframeAnalysis] | None）：各时间框架分析结果；默认值 `None`；`failure`（dict[str, Any] | None）：由 `failure` 表示的键值映射；默认值 `None`",返回 `Path` 类型结果,归档`persist_folder`；可能影响文件系统、外部接口；返回 `Path` 类型结果。,按源码执行顺序经过 `run_dir` → `target.mkdir` → `isoformat` → `datetime.now` → `run_config.normalized` → `write_text` → `json.dumps` → `_fetch_payload`；包含 5 个条件、循环、异常或模式匹配分支，分支结果汇入返回或状态更新。,调用方提供满足参数类型、取值语义和默认值约定的输入；所属软件单元已经初始化并满足关联需求约束；外部客户端、凭据、网络和超时策略已按运行配置准备；相关路径满足读取或写入权限及目录边界,返回 `Path` 类型结果；可观察变化限于文件系统、外部接口,未发现显式 raise,外部接口 I/O；文件系统读写,在调用方线程同步执行,run_dir;target.mkdir;isoformat;datetime.now;run_config.normalized;write_text;json.dumps;_fetch_payload;_sanitize_json;encode_analysis;analyses.items;artifact_envelope;enriched_dir.mkdir;enriched.items;_frame_to_json;str;summary.get;build_manifest;cfg.to_dict;cfg.fingerprint,5,102,high,ARC-RUN,SWR-CORE-001;SWR-CORE-002;SWR-REP-001;SWR-ARC-001;SWR-ARC-002;SWR-CFG-001;SWR-NFR-002;SWR-NFR-004,,静态分析与组件级验证,已按实现建立基线
FUN-B471DF422D,UNIT-D3D34BC712,src/run/archive/store.py,679,archive_failure_run,public,"(run_id: str, reason: str, *, run_config: RunConfig, elapsed_s: float, fetched: DataFetchResult | None=None, enriched: dict[str, pd.DataFrame] | None=None, analyses: dict[str, TimeframeAnalysis] | None=None, report: dict[str, Any] | None=None, failure_step: str | None=None)","`run_id`（str）：对象标识；`reason`（str）：判定或拒绝原因；`run_config`（RunConfig）：运行配置；`elapsed_s`（float）：由 `elapsed_s` 表示的数值参数；`fetched`（DataFetchResult | None）：数据获取结果；默认值 `None`；`enriched`（dict[str, pd.DataFrame] | None）：已补充指标的行情数据；默认值 `None`；`analyses`（dict[str, TimeframeAnalysis] | None）：各时间框架分析结果；默认值 `None`；`report`（dict[str, Any] | None）：分析报告；默认值 `None`；`failure_step`（str | None）：由调用方提供的 `failure_step` 输入对象；默认值 `None`",返回 `Path | None` 类型结果,归档`failure_run`；可能影响共享状态；返回 `Path | None` 类型结果。,按源码执行顺序经过 `run_dir` → `target.exists` → `load_archive_meta` → `existing.get` → `get_progress` → `prog.snapshot` → `prog.llm_io_snapshot` → `s.get`；包含 11 个条件、循环、异常或模式匹配分支，分支结果汇入返回或状态更新。,调用方提供满足参数类型、取值语义和默认值约定的输入；所属软件单元已经初始化并满足关联需求约束,返回 `Path | None` 类型结果；可观察变化限于共享状态,未发现显式 raise,共享状态变更,在调用方线程同步执行,run_dir;target.exists;load_archive_meta;str;existing.get;get_progress;prog.snapshot;prog.llm_io_snapshot;s.get;fetched.raw.get;float;_stub_failure_report;report.setdefault;get;report.get;round;_persist_archive_folder;_failure_payload,11,70,high,ARC-RUN,SWR-CORE-001;SWR-CORE-002;SWR-REP-001;SWR-ARC-001;SWR-ARC-002;SWR-CFG-001;SWR-NFR-002;SWR-NFR-004,tests/unit/test_archive_transfer.py,直接动态测试,已按实现建立基线
FUN-4DDA0D21B3,UNIT-D3D34BC712,src/run/archive/store.py,751,load_forensic_bundle,public,(run_id: str),`run_id`（str）：对象标识,"返回 `tuple[dict[str, Any], dict[str, pd.DataFrame], dict[str, TimeframeAnalysis]]` 类型结果","加载`forensic_bundle`；返回 `tuple[dict[str, Any], dict[str, pd.DataFrame], dict[str, TimeframeAnalysis]]` 类型结果。",按源码执行顺序经过 `run_dir` → `directory.is_dir` → `FileNotFoundError` → `inspect_archive` → `upgrade_manifest_if_needed` → `manifest.get` → `load_report` → `get`；包含 9 个条件、循环、异常或模式匹配分支，分支结果汇入返回或状态更新。,调用方提供满足参数类型、取值语义和默认值约定的输入；所属软件单元已经初始化并满足关联需求约束,"返回 `tuple[dict[str, Any], dict[str, pd.DataFrame], dict[str, TimeframeAnalysis]]` 类型结果；静态扫描未发现直接外部副作用",FileNotFoundError,未检测到直接副作用,在调用方线程同步执行,run_dir;directory.is_dir;FileNotFoundError;inspect_archive;upgrade_manifest_if_needed;manifest.get;load_report;int;get;normalize_report;failure_path.is_file;json.loads;failure_path.read_text;str;failure.get;isinstance;RunConfig.from_dict;_stub_failure_report;list;load_enriched,9,57,medium,ARC-RUN,SWR-CORE-001;SWR-CORE-002;SWR-REP-001;SWR-ARC-001;SWR-ARC-002;SWR-CFG-001;SWR-NFR-002;SWR-NFR-004,tests/unit/test_archive_transfer.py,直接动态测试,已按实现建立基线
FUN-7D1305AEC2,UNIT-D3D34BC712,src/run/archive/store.py,810,archive_run,public,"(run_id: str, *, fetched: DataFetchResult, report: dict[str, Any], enriched: dict[str, pd.DataFrame], analyses: dict[str, TimeframeAnalysis], run_config: RunConfig, elapsed_s: float)","`run_id`（str）：对象标识；`fetched`（DataFetchResult）：数据获取结果；`report`（dict[str, Any]）：分析报告；`enriched`（dict[str, pd.DataFrame]）：已补充指标的行情数据；`analyses`（dict[str, TimeframeAnalysis]）：各时间框架分析结果；`run_config`（RunConfig）：运行配置；`elapsed_s`（float）：由 `elapsed_s` 表示的数值参数",返回 `Path` 类型结果,归档`run`；返回 `Path` 类型结果。,按源码执行顺序经过 `run_config.normalized` → `report.get` → `meta.get` → `assert_pipeline_replay_ready` → `get` → `round` → `_persist_archive_folder`；包含 1 个条件、循环、异常或模式匹配分支，分支结果汇入返回或状态更新。,调用方提供满足参数类型、取值语义和默认值约定的输入；所属软件单元已经初始化并满足关联需求约束,返回 `Path` 类型结果；静态扫描未发现直接外部副作用,未发现显式 raise,未检测到直接副作用,在调用方线程同步执行,run_config.normalized;report.get;str;meta.get;assert_pipeline_replay_ready;get;round;_persist_archive_folder,1,32,high,ARC-RUN,SWR-CORE-001;SWR-CORE-002;SWR-REP-001;SWR-ARC-001;SWR-ARC-002;SWR-CFG-001;SWR-NFR-002;SWR-NFR-004,tests/unit/test_archive_optimizations.py;tests/unit/test_archive_transfer.py;tests/unit/test_orchestrator_hooks.py;tests/unit/test_run_archive.py,直接动态测试,已按实现建立基线
FUN-8992FE197D,UNIT-3365BE69B6,src/run/archive/transfer.py,22,export_archive_zip,public,(run_id: str),`run_id`（str）：对象标识,返回 `bytes` 类型结果,导出运行归档压缩包；返回 `bytes` 类型结果。,按源码执行顺序经过 `run_dir` → `directory.is_dir` → `FileNotFoundError` → `io.BytesIO` → `zipfile.ZipFile` → `sorted` → `directory.rglob` → `path.is_file`；包含 3 个条件、循环、异常或模式匹配分支，分支结果汇入返回或状态更新。,调用方提供满足参数类型、取值语义和默认值约定的输入；所属软件单元已经初始化并满足关联需求约束,返回 `bytes` 类型结果；静态扫描未发现直接外部副作用,FileNotFoundError,未检测到直接副作用,在调用方线程同步执行,run_dir;directory.is_dir;FileNotFoundError;io.BytesIO;zipfile.ZipFile;sorted;directory.rglob;path.is_file;as_posix;path.relative_to;zf.write;zf.writestr;json.dumps;buf.getvalue,3,21,high,ARC-RUN,SWR-CORE-001;SWR-CORE-002;SWR-REP-001;SWR-ARC-001;SWR-ARC-002;SWR-CFG-001;SWR-NFR-002;SWR-NFR-004,tests/unit/test_archive_transfer.py,直接动态测试,已按实现建立基线
FUN-41BB437461,UNIT-3365BE69B6,src/run/archive/transfer.py,45,import_archive_zip,public,"(data: bytes, *, run_id: str | None=None, overwrite: bool=False)",`data`（bytes）：输入数据；`run_id`（str | None）：对象标识；默认值 `None`；`overwrite`（bool）：控制对应行为是否启用的布尔值；默认值 `False`,返回 `str` 类型结果,导入运行归档压缩包；可能影响文件系统；返回 `str` 类型结果。,按源码执行顺序经过 `archives_root` → `root.mkdir` → `zipfile.ZipFile` → `io.BytesIO` → `zf.namelist` → `json.loads` → `decode` → `zf.read`；包含 10 个条件、循环、异常或模式匹配分支，分支结果汇入返回或状态更新。,调用方提供满足参数类型、取值语义和默认值约定的输入；所属软件单元已经初始化并满足关联需求约束；相关路径满足读取或写入权限及目录边界,返回 `str` 类型结果；可观察变化限于文件系统,FileExistsError；ValueError,文件系统读写,在调用方线程同步执行,archives_root;root.mkdir;zipfile.ZipFile;io.BytesIO;zf.namelist;json.loads;decode;zf.read;name.split;name.endswith;ValueError;str;bundle_meta.get;len;next;iter;run_dir;target.exists;FileExistsError;target.mkdir,10,50,high,ARC-RUN,SWR-CORE-001;SWR-CORE-002;SWR-REP-001;SWR-ARC-001;SWR-ARC-002;SWR-CFG-001;SWR-NFR-002;SWR-NFR-004,tests/unit/test_archive_transfer.py,直接动态测试,已按实现建立基线
FUN-B62302B4EE,UNIT-E124606847,src/run/config.py,22,RunConfig.normalized,public,(self),无显式输入参数,返回 `'RunConfig'` 类型结果,生成`normalized`结果；返回 `'RunConfig'` 类型结果。,按源码执行顺序经过 `strip` → `RunConfig`；包含 2 个条件、循环、异常或模式匹配分支，分支结果汇入返回或状态更新。,无需调用方提供显式参数；所属软件单元已经初始化并满足关联需求约束,返回 `'RunConfig'` 类型结果；静态扫描未发现直接外部副作用,未发现显式 raise,未检测到直接副作用,在调用方线程同步执行,strip;str;RunConfig;bool,2,11,medium,ARC-RUN,SWR-CORE-001;SWR-CORE-002;SWR-REP-001;SWR-ARC-001;SWR-ARC-002;SWR-CFG-001;SWR-NFR-002;SWR-NFR-004,tests/integration/test_offline_report_contract.py;tests/unit/test_archive_compat.py;tests/unit/test_archive_optimizations.py;tests/unit/test_generation_worker.py;tests/unit/test_orchestrator_hooks.py;tests/unit/test_run_archive.py;tests/unit/test_run_config.py;tests/unit/test_run_config_panel.py,直接动态测试,已按实现建立基线
FUN-F162ED7246,UNIT-E124606847,src/run/config.py,34,RunConfig.to_dict,public,(self),无显式输入参数,"返回 `dict[str, object]` 类型结果","将当前对象转换为可序列化字典；返回 `dict[str, object]` 类型结果。",按源码执行顺序经过 `asdict` → `self.normalized`；不包含显式控制分支。,无需调用方提供显式参数；所属软件单元已经初始化并满足关联需求约束,"返回 `dict[str, object]` 类型结果；静态扫描未发现直接外部副作用",未发现显式 raise,未检测到直接副作用,在调用方线程同步执行,asdict;self.normalized,0,2,medium,ARC-RUN,SWR-CORE-001;SWR-CORE-002;SWR-REP-001;SWR-ARC-001;SWR-ARC-002;SWR-CFG-001;SWR-NFR-002;SWR-NFR-004,tests/unit/test_run_config.py,直接动态测试,已按实现建立基线
FUN-64A2707A8E,UNIT-E124606847,src/run/config.py,37,RunConfig.fingerprint,public,(self),无显式输入参数,返回 `str` 类型结果,生成`fingerprint`文本；返回 `str` 类型结果。,按源码执行顺序经过 `json.dumps` → `self.to_dict` → `hexdigest` → `hashlib.sha256` → `raw.encode`；不包含显式控制分支。,无需调用方提供显式参数；所属软件单元已经初始化并满足关联需求约束,返回 `str` 类型结果；静态扫描未发现直接外部副作用,未发现显式 raise,未检测到直接副作用,在调用方线程同步执行,json.dumps;self.to_dict;hexdigest;hashlib.sha256;raw.encode,0,3,medium,ARC-RUN,SWR-CORE-001;SWR-CORE-002;SWR-REP-001;SWR-ARC-001;SWR-ARC-002;SWR-CFG-001;SWR-NFR-002;SWR-NFR-004,tests/unit/test_run_archive.py;tests/unit/test_run_config.py;tests/unit/test_run_config_panel.py,直接动态测试,已按实现建立基线
FUN-B640F9DEEC,UNIT-E124606847,src/run/config.py,42,RunConfig.from_dict,public,"(cls, data: dict[str, Any] | None)","`data`（dict[str, Any] | None）：输入数据",返回 `'RunConfig'` 类型结果,根据`dict`构建`当前对象`；返回 `'RunConfig'` 类型结果。,按源码执行顺序经过 `cls` → `fields` → `migrated.items` → `filtered.get` → `normalized`；包含 3 个条件、循环、异常或模式匹配分支，分支结果汇入返回或状态更新。,调用方提供满足参数类型、取值语义和默认值约定的输入；所属软件单元已经初始化并满足关联需求约束,返回 `'RunConfig'` 类型结果；静态扫描未发现直接外部副作用,未发现显式 raise,未检测到直接副作用,在调用方线程同步执行,cls;dict;fields;migrated.items;filtered.get;normalized,3,13,medium,ARC-RUN,SWR-CORE-001;SWR-CORE-002;SWR-REP-001;SWR-ARC-001;SWR-ARC-002;SWR-CFG-001;SWR-NFR-002;SWR-NFR-004,,静态分析与组件级验证,已按实现建立基线
FUN-F263AF19A6,UNIT-E124606847,src/run/config.py,57,coerce_run_config,public,(value: object),`value`（object）：待处理值,返回 `RunConfig | None` 类型结果,执行`coerce_config`；返回 `RunConfig | None` 类型结果。,按源码执行顺序经过 `isinstance` → `value.normalized` → `RunConfig.from_dict`；包含 2 个条件、循环、异常或模式匹配分支，分支结果汇入返回或状态更新。,调用方提供满足参数类型、取值语义和默认值约定的输入；所属软件单元已经初始化并满足关联需求约束,返回 `RunConfig | None` 类型结果；静态扫描未发现直接外部副作用,未发现显式 raise,未检测到直接副作用,在调用方线程同步执行,isinstance;value.normalized;RunConfig.from_dict,2,6,medium,ARC-RUN,SWR-CORE-001;SWR-CORE-002;SWR-REP-001;SWR-ARC-001;SWR-ARC-002;SWR-CFG-001;SWR-NFR-002;SWR-NFR-004,tests/unit/test_run_config.py,直接动态测试,已按实现建立基线
FUN-BB1B3B8B1F,UNIT-E124606847,src/run/config.py,65,run_config_widget_state,public,(config: RunConfig),`config`（RunConfig）：运行配置,"返回 `dict[str, object]` 类型结果","执行`config_widget_state`；返回 `dict[str, object]` 类型结果。",按源码执行顺序经过 `config.normalized`；包含 1 个条件、循环、异常或模式匹配分支，分支结果汇入返回或状态更新。,调用方提供满足参数类型、取值语义和默认值约定的输入；所属软件单元已经初始化并满足关联需求约束,"返回 `dict[str, object]` 类型结果；静态扫描未发现直接外部副作用",未发现显式 raise,未检测到直接副作用,在调用方线程同步执行,config.normalized,1,7,medium,ARC-RUN,SWR-CORE-001;SWR-CORE-002;SWR-REP-001;SWR-ARC-001;SWR-ARC-002;SWR-CFG-001;SWR-NFR-002;SWR-NFR-004,tests/unit/test_run_config.py,直接动态测试,已按实现建立基线
FUN-6F8A6A5AA4,UNIT-E124606847,src/run/config.py,74,is_advanced_run_config,public,(config: RunConfig),`config`（RunConfig）：运行配置,返回 `bool` 类型结果,判断`advanced_run_config`；返回 `bool` 类型结果。,直接通过表达式、字段访问或常量完成处理；不包含显式控制分支。,调用方提供满足参数类型、取值语义和默认值约定的输入；所属软件单元已经初始化并满足关联需求约束,返回 `bool` 类型结果；静态扫描未发现直接外部副作用,未发现显式 raise,未检测到直接副作用,在调用方线程同步执行,none,0,2,medium,ARC-RUN,SWR-CORE-001;SWR-CORE-002;SWR-REP-001;SWR-ARC-001;SWR-ARC-002;SWR-CFG-001;SWR-NFR-002;SWR-NFR-004,tests/unit/test_run_config.py,直接动态测试,已按实现建立基线
FUN-3913F92B96,UNIT-E124606847,src/run/config.py,78,default_panel_run_config,public,(),无显式输入参数,返回 `RunConfig` 类型结果,执行`default_panel_config`；返回 `RunConfig` 类型结果。,按源码执行顺序经过 `RunConfig`；不包含显式控制分支。,无需调用方提供显式参数；所属软件单元已经初始化并满足关联需求约束,返回 `RunConfig` 类型结果；静态扫描未发现直接外部副作用,未发现显式 raise,未检测到直接副作用,在调用方线程同步执行,RunConfig,0,2,medium,ARC-RUN,SWR-CORE-001;SWR-CORE-002;SWR-REP-001;SWR-ARC-001;SWR-ARC-002;SWR-CFG-001;SWR-NFR-002;SWR-NFR-004,tests/unit/test_run_config.py,直接动态测试,已按实现建立基线
FUN-168D3DBADA,UNIT-E124606847,src/run/config.py,82,run_config_from_env,public,(),无显式输入参数,返回 `RunConfig` 类型结果,根据`env`构建运行配置；返回 `RunConfig` 类型结果。,按源码执行顺序经过 `normalized` → `RunConfig`；包含 1 个条件、循环、异常或模式匹配分支，分支结果汇入返回或状态更新。,无需调用方提供显式参数；所属软件单元已经初始化并满足关联需求约束,返回 `RunConfig` 类型结果；静态扫描未发现直接外部副作用,未发现显式 raise,未检测到直接副作用,在调用方线程同步执行,bool;normalized;RunConfig,1,5,medium,ARC-RUN,SWR-CORE-001;SWR-CORE-002;SWR-REP-001;SWR-ARC-001;SWR-ARC-002;SWR-CFG-001;SWR-NFR-002;SWR-NFR-004,tests/unit/test_run_config.py,直接动态测试,已按实现建立基线
FUN-529864DAC4,UNIT-E124606847,src/run/config.py,89,run_config_for_mode,public,"(mode: str, *, llm_enabled: bool=True, llm_analyst_only: str='')",`mode`（str）：运行或分析模式；`llm_enabled`（bool）：控制对应行为是否启用的布尔值；默认值 `True`；`llm_analyst_only`（str）：由 `llm_analyst_only` 表示的文本或标识；默认值 `''`,返回 `RunConfig` 类型结果,执行`config_mode`；返回 `RunConfig` 类型结果。,按源码执行顺序经过 `normalized` → `RunConfig`；包含 1 个条件、循环、异常或模式匹配分支，分支结果汇入返回或状态更新。,调用方提供满足参数类型、取值语义和默认值约定的输入；所属软件单元已经初始化并满足关联需求约束,返回 `RunConfig` 类型结果；静态扫描未发现直接外部副作用,未发现显式 raise,未检测到直接副作用,在调用方线程同步执行,normalized;RunConfig,1,9,medium,ARC-RUN,SWR-CORE-001;SWR-CORE-002;SWR-REP-001;SWR-ARC-001;SWR-ARC-002;SWR-CFG-001;SWR-NFR-002;SWR-NFR-004,tests/unit/test_archive_optimizations.py;tests/unit/test_archive_transfer.py;tests/unit/test_generation_worker.py;tests/unit/test_orchestrator_hooks.py;tests/unit/test_run_archive.py;tests/unit/test_run_config.py;tests/unit/test_run_config_panel.py;tests/unit/test_streamlit_ensure_report.py,直接动态测试,已按实现建立基线
FUN-4A55D80B54,UNIT-E124606847,src/run/config.py,100,apply_run_config,public,(run_config: RunConfig),`run_config`（RunConfig）：运行配置,无返回值（None）,应用运行配置；无返回值（None）。,按源码执行顺序经过 `set_run_config` → `run_config.normalized`；不包含显式控制分支。,调用方提供满足参数类型、取值语义和默认值约定的输入；所属软件单元已经初始化并满足关联需求约束,无返回值（None）；静态扫描未发现直接外部副作用,未发现显式 raise,未检测到直接副作用,在调用方线程同步执行,set_run_config;run_config.normalized,0,4,medium,ARC-RUN,SWR-CORE-001;SWR-CORE-002;SWR-REP-001;SWR-ARC-001;SWR-ARC-002;SWR-CFG-001;SWR-NFR-002;SWR-NFR-004,tests/unit/test_run_config.py,直接动态测试,已按实现建立基线
FUN-2ED9157CF0,UNIT-8A8BC190AA,src/run/context.py,14,set_run_config,public,(config: RunConfig),`config`（RunConfig）：运行配置,返回 `Token` 类型结果,执行`set_config`；返回 `Token` 类型结果。,按源码执行顺序经过 `_run_config.set` → `config.normalized`；不包含显式控制分支。,调用方提供满足参数类型、取值语义和默认值约定的输入；所属软件单元已经初始化并满足关联需求约束,返回 `Token` 类型结果；静态扫描未发现直接外部副作用,未发现显式 raise,未检测到直接副作用,在调用方线程同步执行,_run_config.set;config.normalized,0,3,medium,ARC-RUN,SWR-CORE-001;SWR-CORE-002;SWR-REP-001;SWR-ARC-001;SWR-ARC-002;SWR-CFG-001;SWR-NFR-002;SWR-NFR-004,tests/unit/test_generation_worker.py;tests/unit/test_run_config.py,直接动态测试,已按实现建立基线
FUN-68BFB62AAD,UNIT-8A8BC190AA,src/run/context.py,19,reset_run_config,public,(token: Token),`token`（Token）：标记或认证令牌,无返回值（None）,重置运行配置；无返回值（None）。,按源码执行顺序经过 `_run_config.reset`；不包含显式控制分支。,调用方提供满足参数类型、取值语义和默认值约定的输入；所属软件单元已经初始化并满足关联需求约束,无返回值（None）；静态扫描未发现直接外部副作用,未发现显式 raise,未检测到直接副作用,在调用方线程同步执行,_run_config.reset,0,2,medium,ARC-RUN,SWR-CORE-001;SWR-CORE-002;SWR-REP-001;SWR-ARC-001;SWR-ARC-002;SWR-CFG-001;SWR-NFR-002;SWR-NFR-004,tests/unit/test_generation_worker.py;tests/unit/test_run_config.py,直接动态测试,已按实现建立基线
FUN-30B017175D,UNIT-8A8BC190AA,src/run/context.py,23,get_run_config,public,(),无显式输入参数,返回 `RunConfig` 类型结果,获取运行配置；返回 `RunConfig` 类型结果。,按源码执行顺序经过 `_run_config.get` → `run_config_from_env`；包含 1 个条件、循环、异常或模式匹配分支，分支结果汇入返回或状态更新。,无需调用方提供显式参数；所属软件单元已经初始化并满足关联需求约束,返回 `RunConfig` 类型结果；静态扫描未发现直接外部副作用,未发现显式 raise,未检测到直接副作用,在调用方线程同步执行,_run_config.get;run_config_from_env,1,5,medium,ARC-RUN,SWR-CORE-001;SWR-CORE-002;SWR-REP-001;SWR-ARC-001;SWR-ARC-002;SWR-CFG-001;SWR-NFR-002;SWR-NFR-004,tests/unit/test_orchestrator_hooks.py;tests/unit/test_run_config.py,直接动态测试,已按实现建立基线
FUN-D24ED90856,UNIT-8A8BC190AA,src/run/context.py,31,run_config_scope,public,(config: RunConfig),`config`（RunConfig）：运行配置,返回 `Iterator[RunConfig]` 类型结果,执行`config_scope`；返回 `Iterator[RunConfig]` 类型结果。,按源码执行顺序经过 `set_run_config` → `config.normalized` → `reset_run_config`；包含 1 个条件、循环、异常或模式匹配分支，分支结果汇入返回或状态更新。,调用方提供满足参数类型、取值语义和默认值约定的输入；所属软件单元已经初始化并满足关联需求约束,返回 `Iterator[RunConfig]` 类型结果；静态扫描未发现直接外部副作用,未发现显式 raise,未检测到直接副作用,在调用方线程同步执行,set_run_config;config.normalized;reset_run_config,1,7,medium,ARC-RUN,SWR-CORE-001;SWR-CORE-002;SWR-REP-001;SWR-ARC-001;SWR-ARC-002;SWR-CFG-001;SWR-NFR-002;SWR-NFR-004,tests/unit/test_run_config.py,直接动态测试,已按实现建立基线
FUN-3CAA01A6D9,UNIT-8A8BC190AA,src/run/context.py,40,generation_mode,public,(),无显式输入参数,返回 `str` 类型结果,生成`generation_mode`文本；返回 `str` 类型结果。,按源码执行顺序经过 `get_run_config`；不包含显式控制分支。,无需调用方提供显式参数；所属软件单元已经初始化并满足关联需求约束,返回 `str` 类型结果；静态扫描未发现直接外部副作用,未发现显式 raise,未检测到直接副作用,在调用方线程同步执行,get_run_config,0,2,medium,ARC-RUN,SWR-CORE-001;SWR-CORE-002;SWR-REP-001;SWR-ARC-001;SWR-ARC-002;SWR-CFG-001;SWR-NFR-002;SWR-NFR-004,tests/integration/test_offline_report_contract.py;tests/unit/test_advice_v2.py;tests/unit/test_generation_worker.py;tests/unit/test_orchestrator_hooks.py;tests/unit/test_run_config.py,直接动态测试,已按实现建立基线
FUN-133165C18D,UNIT-8A8BC190AA,src/run/context.py,44,llm_advisor_enabled,public,(),无显式输入参数,返回 `bool` 类型结果,判断`llm_advisor_enabled`条件是否成立；返回 `bool` 类型结果。,按源码执行顺序经过 `get_run_config`；不包含显式控制分支。,无需调用方提供显式参数；所属软件单元已经初始化并满足关联需求约束,返回 `bool` 类型结果；静态扫描未发现直接外部副作用,未发现显式 raise,未检测到直接副作用,在调用方线程同步执行,get_run_config;bool,0,3,medium,ARC-RUN,SWR-CORE-001;SWR-CORE-002;SWR-REP-001;SWR-ARC-001;SWR-ARC-002;SWR-CFG-001;SWR-NFR-002;SWR-NFR-004,,静态分析与组件级验证,已按实现建立基线
FUN-018351C88A,UNIT-7DF4993AB3,src/run/pipeline_run.py,10,set_current_run_id,public,(run_id: str | None),`run_id`（str | None）：对象标识,无返回值（None）,执行`set_current_id`；无返回值（None）。,按源码执行顺序经过 `_current_run_id.set`；不包含显式控制分支。,调用方提供满足参数类型、取值语义和默认值约定的输入；所属软件单元已经初始化并满足关联需求约束,无返回值（None）；静态扫描未发现直接外部副作用,未发现显式 raise,未检测到直接副作用,在调用方线程同步执行,_current_run_id.set,0,2,medium,ARC-RUN,SWR-CORE-001;SWR-CORE-002;SWR-REP-001;SWR-ARC-001;SWR-ARC-002;SWR-CFG-001;SWR-NFR-002;SWR-NFR-004,,静态分析与组件级验证,已按实现建立基线
FUN-7AB49A40BF,UNIT-7DF4993AB3,src/run/pipeline_run.py,14,get_current_run_id,public,(),无显式输入参数,返回 `str | None` 类型结果,获取`current_run_id`；返回 `str | None` 类型结果。,按源码执行顺序经过 `_current_run_id.get`；不包含显式控制分支。,无需调用方提供显式参数；所属软件单元已经初始化并满足关联需求约束,返回 `str | None` 类型结果；静态扫描未发现直接外部副作用,未发现显式 raise,未检测到直接副作用,在调用方线程同步执行,_current_run_id.get,0,2,medium,ARC-RUN,SWR-CORE-001;SWR-CORE-002;SWR-REP-001;SWR-ARC-001;SWR-ARC-002;SWR-CFG-001;SWR-NFR-002;SWR-NFR-004,,静态分析与组件级验证,已按实现建立基线
FUN-C4DEAF62CB,UNIT-2E19DCA37C,src/viz/advice_view.py,39,_list,internal,"(items: list[Any], *, css: str='bullet-list')",`items`（list[Any]）：输入项集合；`css`（str）：由 `css` 表示的文本或标识；默认值 `'bullet-list'`,返回 `str` 类型结果,生成`list`文本；返回 `str` 类型结果。,按源码执行顺序经过 `join` → `html.escape`；不包含显式控制分支。,调用方提供满足参数类型、取值语义和默认值约定的输入；所属软件单元已经初始化并满足关联需求约束,返回 `str` 类型结果；静态扫描未发现直接外部副作用,未发现显式 raise,未检测到直接副作用,在调用方线程同步执行,join;html.escape;str,0,2,low,ARC-VIZ,SWR-ADV-002;SWR-ADV-004;SWR-ARC-002;SWR-UI-001;SWR-UI-002,,静态分析与组件级验证,已按实现建立基线
FUN-26E9639F08,UNIT-2E19DCA37C,src/viz/advice_view.py,43,render_advice_report,public,"(report: dict[str, Any], data: dict, analyses: dict)","`report`（dict[str, Any]）：分析报告；`data`（dict）：输入数据；`analyses`（dict）：各时间框架分析结果",无返回值（None）,渲染`advice_report`；无返回值（None）。,按源码执行顺序经过 `report.get` → `advice.get` → `get` → `_BIAS_CN.get` → `_CONFIDENCE_CN.get` → `_DECISION_CN.get` → `html.escape` → `st.markdown`；包含 4 个条件、循环、异常或模式匹配分支，分支结果汇入返回或状态更新。,调用方提供满足参数类型、取值语义和默认值约定的输入；所属软件单元已经初始化并满足关联需求约束,无返回值（None）；静态扫描未发现直接外部副作用,未发现显式 raise,未检测到直接副作用,在调用方线程同步执行,report.get;str;advice.get;get;_BIAS_CN.get;_CONFIDENCE_CN.get;_DECISION_CN.get;html.escape;float;st.markdown;isinstance;setup.get;zone.get;st.columns;_list;list;join;st.info;alt.get;st.expander,4,95,medium,ARC-VIZ,SWR-ADV-002;SWR-ADV-004;SWR-ARC-002;SWR-UI-001;SWR-UI-002,,静态分析与组件级验证,已按实现建立基线
FUN-0A1B4EDDD8,UNIT-8B3827F5EC,src/viz/external_data_view.py,14,_source_tags,internal,(sources: list[str]),`sources`（list[str]）：由 `sources` 表示的输入集合,返回 `str` 类型结果,生成`source_tags`文本；返回 `str` 类型结果。,按源码执行顺序经过 `join` → `html.escape`；不包含显式控制分支。,调用方提供满足参数类型、取值语义和默认值约定的输入；所属软件单元已经初始化并满足关联需求约束,返回 `str` 类型结果；静态扫描未发现直接外部副作用,未发现显式 raise,未检测到直接副作用,在调用方线程同步执行,join;html.escape;str,0,6,low,ARC-VIZ,SWR-ADV-002;SWR-ADV-004;SWR-ARC-002;SWR-UI-001;SWR-UI-002,tests/unit/test_external_data_view.py,直接动态测试,已按实现建立基线
FUN-1E2FEBD33E,UNIT-8B3827F5EC,src/viz/external_data_view.py,22,external_snapshot_from_fetch,public,(fetched: DataFetchResult),`fetched`（DataFetchResult）：数据获取结果,"返回 `dict[str, Any]` 类型结果","根据`fetch`构建`external_snapshot`；返回 `dict[str, Any]` 类型结果。",按源码执行顺序经过 `event.to_dict` → `h.to_dict` → `m.to_dict`；不包含显式控制分支。,调用方提供满足参数类型、取值语义和默认值约定的输入；所属软件单元已经初始化并满足关联需求约束,"返回 `dict[str, Any]` 类型结果；静态扫描未发现直接外部副作用",未发现显式 raise,未检测到直接副作用,在调用方线程同步执行,event.to_dict;list;h.to_dict;m.to_dict,0,20,medium,ARC-VIZ,SWR-ADV-002;SWR-ADV-004;SWR-ARC-002;SWR-UI-001;SWR-UI-002,tests/unit/test_external_data_view.py;tests/unit/test_orchestrator_hooks.py,直接动态测试,已按实现建立基线
FUN-73C9145028,UNIT-8B3827F5EC,src/viz/external_data_view.py,44,external_payload_from_report,public,"(report: dict, data: dict | None=None)",`report`（dict）：分析报告；`data`（dict | None）：输入数据；默认值 `None`,"返回 `dict[str, Any]` 类型结果","根据报告构建`external_payload`；返回 `dict[str, Any]` 类型结果。",按源码执行顺序经过 `report.get` → `ext.get` → `data.items` → `ext.setdefault` → `get`；包含 2 个条件、循环、异常或模式匹配分支，分支结果汇入返回或状态更新。,调用方提供满足参数类型、取值语义和默认值约定的输入；所属软件单元已经初始化并满足关联需求约束,"返回 `dict[str, Any]` 类型结果；静态扫描未发现直接外部副作用",未发现显式 raise,未检测到直接副作用,在调用方线程同步执行,dict;report.get;list;ext.get;len;data.items;ext.setdefault;get,2,14,medium,ARC-VIZ,SWR-ADV-002;SWR-ADV-004;SWR-ARC-002;SWR-UI-001;SWR-UI-002,tests/unit/test_external_data_view.py,直接动态测试,已按实现建立基线
FUN-75474C9286,UNIT-8B3827F5EC,src/viz/external_data_view.py,60,_render_headline_list,internal,"(items: list[dict], *, empty: str)",`items`（list[dict]）：输入项集合；`empty`（str）：由 `empty` 表示的文本或标识,返回 `str` 类型结果,渲染`headline_list`；返回 `str` 类型结果。,按源码执行顺序经过 `html.escape` → `h.get` → `rows.append` → `join`；包含 4 个条件、循环、异常或模式匹配分支，分支结果汇入返回或状态更新。,调用方提供满足参数类型、取值语义和默认值约定的输入；所属软件单元已经初始化并满足关联需求约束,返回 `str` 类型结果；静态扫描未发现直接外部副作用,未发现显式 raise,未检测到直接副作用,在调用方线程同步执行,html.escape;str;h.get;rows.append;join,4,12,low,ARC-VIZ,SWR-ADV-002;SWR-ADV-004;SWR-ARC-002;SWR-UI-001;SWR-UI-002,,静态分析与组件级验证,已按实现建立基线
FUN-15A26B9540,UNIT-8B3827F5EC,src/viz/external_data_view.py,74,_render_calendar_rows,internal,"(payload: dict[str, Any])","`payload`（dict[str, Any]）：结构化载荷",返回 `str` 类型结果,渲染`calendar_rows`；返回 `str` 类型结果。,按源码执行顺序经过 `payload.get` → `join` → `html.escape` → `e.get`；包含 4 个条件、循环、异常或模式匹配分支，分支结果汇入返回或状态更新。,调用方提供满足参数类型、取值语义和默认值约定的输入；所属软件单元已经初始化并满足关联需求约束,返回 `str` 类型结果；静态扫描未发现直接外部副作用,未发现显式 raise,未检测到直接副作用,在调用方线程同步执行,payload.get;join;html.escape;str;e.get,4,17,low,ARC-VIZ,SWR-ADV-002;SWR-ADV-004;SWR-ARC-002;SWR-UI-001;SWR-UI-002,,静态分析与组件级验证,已按实现建立基线
FUN-6CDBB0B77D,UNIT-8B3827F5EC,src/viz/external_data_view.py,93,render_external_data_content,public,"(payload: dict[str, Any])","`payload`（dict[str, Any]）：结构化载荷",无返回值（None）,渲染`external_data_content`；无返回值（None）。,按源码执行顺序经过 `payload.get` → `_source_tags` → `isinstance` → `_render_headline_list` → `join` → `html.escape` → `_render_calendar_rows` → `p.get`；包含 11 个条件、循环、异常或模式匹配分支，分支结果汇入返回或状态更新。,调用方提供满足参数类型、取值语义和默认值约定的输入；所属软件单元已经初始化并满足关联需求约束,无返回值（None）；静态扫描未发现直接外部副作用,未发现显式 raise,未检测到直接副作用,在调用方线程同步执行,payload.get;_source_tags;isinstance;_render_headline_list;join;html.escape;str;_render_calendar_rows;p.get;sorted;bars.items;m.get;derived_bits.append;st.markdown,11,94,medium,ARC-VIZ,SWR-ADV-002;SWR-ADV-004;SWR-ARC-002;SWR-UI-001;SWR-UI-002,,静态分析与组件级验证,已按实现建立基线
FUN-6B50C51729,UNIT-8B3827F5EC,src/viz/external_data_view.py,189,render_external_data_page,public,"(payload: dict[str, Any])","`payload`（dict[str, Any]）：结构化载荷",无返回值（None）,渲染`external_data_page`；无返回值（None）。,按源码执行顺序经过 `payload.get` → `render_page_hero` → `render_external_data_content`；包含 1 个条件、循环、异常或模式匹配分支，分支结果汇入返回或状态更新。,调用方提供满足参数类型、取值语义和默认值约定的输入；所属软件单元已经初始化并满足关联需求约束,无返回值（None）；静态扫描未发现直接外部副作用,未发现显式 raise,未检测到直接副作用,在调用方线程同步执行,payload.get;render_page_hero;render_external_data_content,1,9,medium,ARC-VIZ,SWR-ADV-002;SWR-ADV-004;SWR-ARC-002;SWR-UI-001;SWR-UI-002,,静态分析与组件级验证,已按实现建立基线
FUN-91DD83B0A6,UNIT-E27519993B,src/viz/generation_state.py,24,GenerationJob.key,public,(self),无显式输入参数,返回 `str` 类型结果,生成`key`文本；返回 `str` 类型结果。,直接通过表达式、字段访问或常量完成处理；不包含显式控制分支。,无需调用方提供显式参数；所属软件单元已经初始化并满足关联需求约束,返回 `str` 类型结果；静态扫描未发现直接外部副作用,未发现显式 raise,未检测到直接副作用,在调用方线程同步执行,none,0,2,medium,ARC-VIZ,SWR-ADV-002;SWR-ADV-004;SWR-ARC-002;SWR-UI-001;SWR-UI-002,tests/unit/test_archive_compat.py;tests/unit/test_indicators.py;tests/unit/test_run_config_panel.py,直接动态测试,已按实现建立基线
FUN-A28F3CE7DB,UNIT-E27519993B,src/viz/generation_state.py,32,purge_expired,public,(),无显式输入参数,无返回值（None）,执行`purge_expired`处理；无返回值（None）。,按源码执行顺序经过 `time.monotonic` → `_STORE.items` → `_STORE.pop`；包含 1 个条件、循环、异常或模式匹配分支，分支结果汇入返回或状态更新。,无需调用方提供显式参数；所属软件单元已经初始化并满足关联需求约束,无返回值（None）；静态扫描未发现直接外部副作用,未发现显式 raise,未检测到直接副作用,在调用方线程同步执行,time.monotonic;_STORE.items;_STORE.pop,1,6,medium,ARC-VIZ,SWR-ADV-002;SWR-ADV-004;SWR-ARC-002;SWR-UI-001;SWR-UI-002,,静态分析与组件级验证,已按实现建立基线
FUN-FAB2A1BB76,UNIT-E27519993B,src/viz/generation_state.py,40,access_job,public,(job_key: str),`job_key`（str）：索引键,返回 `GenerationJob | None` 类型结果,生成`access_job`结果；返回 `GenerationJob | None` 类型结果。,按源码执行顺序经过 `purge_expired` → `_STORE.get`；不包含显式控制分支。,调用方提供满足参数类型、取值语义和默认值约定的输入；所属软件单元已经初始化并满足关联需求约束,返回 `GenerationJob | None` 类型结果；静态扫描未发现直接外部副作用,未发现显式 raise,未检测到直接副作用,在调用方线程同步执行,purge_expired;_STORE.get,0,4,medium,ARC-VIZ,SWR-ADV-002;SWR-ADV-004;SWR-ARC-002;SWR-UI-001;SWR-UI-002,tests/unit/test_generation_worker.py;tests/unit/test_module_sync_telemetry.py;tests/unit/test_streamlit_ensure_report.py,直接动态测试,已按实现建立基线
FUN-BCB1DF87B1,UNIT-E27519993B,src/viz/generation_state.py,46,get_job,public,"(job_key: str, *, session_id: str)",`job_key`（str）：索引键；`session_id`（str）：对象标识,返回 `GenerationJob | None` 类型结果,获取`job`；返回 `GenerationJob | None` 类型结果。,按源码执行顺序经过 `purge_expired` → `_STORE.get`；包含 1 个条件、循环、异常或模式匹配分支，分支结果汇入返回或状态更新。,调用方提供满足参数类型、取值语义和默认值约定的输入；所属软件单元已经初始化并满足关联需求约束,返回 `GenerationJob | None` 类型结果；静态扫描未发现直接外部副作用,未发现显式 raise,未检测到直接副作用,在调用方线程同步执行,purge_expired;_STORE.get,1,7,medium,ARC-VIZ,SWR-ADV-002;SWR-ADV-004;SWR-ARC-002;SWR-UI-001;SWR-UI-002,tests/unit/test_streamlit_ensure_report.py,直接动态测试,已按实现建立基线
FUN-E4EE868B95,UNIT-E27519993B,src/viz/generation_state.py,55,create_job,public,"(session_id: str, generation_id: str)",`session_id`（str）：对象标识；`generation_id`（str）：对象标识,返回 `GenerationJob` 类型结果,创建`job`；返回 `GenerationJob` 类型结果。,按源码执行顺序经过 `purge_expired` → `GenerationJob`；不包含显式控制分支。,调用方提供满足参数类型、取值语义和默认值约定的输入；所属软件单元已经初始化并满足关联需求约束,返回 `GenerationJob` 类型结果；静态扫描未发现直接外部副作用,未发现显式 raise,未检测到直接副作用,在调用方线程同步执行,purge_expired;GenerationJob,0,6,medium,ARC-VIZ,SWR-ADV-002;SWR-ADV-004;SWR-ARC-002;SWR-UI-001;SWR-UI-002,tests/unit/test_generation_worker.py;tests/unit/test_streamlit_ensure_report.py,直接动态测试,已按实现建立基线
FUN-0D53C85F3B,UNIT-E27519993B,src/viz/generation_state.py,63,drop_job,public,"(job_key: str, *, session_id: str)",`job_key`（str）：索引键；`session_id`（str）：对象标识,无返回值（None）,执行`drop_job`处理；无返回值（None）。,按源码执行顺序经过 `_STORE.get` → `_STORE.pop`；包含 1 个条件、循环、异常或模式匹配分支，分支结果汇入返回或状态更新。,调用方提供满足参数类型、取值语义和默认值约定的输入；所属软件单元已经初始化并满足关联需求约束,无返回值（None）；静态扫描未发现直接外部副作用,未发现显式 raise,未检测到直接副作用,在调用方线程同步执行,_STORE.get;_STORE.pop,1,5,medium,ARC-VIZ,SWR-ADV-002;SWR-ADV-004;SWR-ARC-002;SWR-UI-001;SWR-UI-002,,静态分析与组件级验证,已按实现建立基线
FUN-5614348EB6,UNIT-E27519993B,src/viz/generation_state.py,70,update_live,public,"(job_key: str, snapshot: dict[str, Any])","`job_key`（str）：索引键；`snapshot`（dict[str, Any]）：由 `snapshot` 表示的键值映射",无返回值（None）,更新`live`；无返回值（None）。,按源码执行顺序经过 `_STORE.get`；包含 1 个条件、循环、异常或模式匹配分支，分支结果汇入返回或状态更新。,调用方提供满足参数类型、取值语义和默认值约定的输入；所属软件单元已经初始化并满足关联需求约束,无返回值（None）；静态扫描未发现直接外部副作用,未发现显式 raise,未检测到直接副作用,在调用方线程同步执行,_STORE.get,1,5,medium,ARC-VIZ,SWR-ADV-002;SWR-ADV-004;SWR-ARC-002;SWR-UI-001;SWR-UI-002,tests/unit/test_module_sync_telemetry.py,直接动态测试,已按实现建立基线
FUN-2029E693A6,UNIT-4C9DB5733A,src/viz/generation_worker.py,24,_is_streaming_llm_record,internal,(rec: dict),`rec`（dict）：由 `rec` 表示的键值映射,返回 `bool` 类型结果,判断流式 LLM 调用记录；返回 `bool` 类型结果。,按源码执行顺序经过 `rec.get`；包含 2 个条件、循环、异常或模式匹配分支，分支结果汇入返回或状态更新。,调用方提供满足参数类型、取值语义和默认值约定的输入；所属软件单元已经初始化并满足关联需求约束,返回 `bool` 类型结果；静态扫描未发现直接外部副作用,未发现显式 raise,未检测到直接副作用,在调用方线程同步执行,rec.get,2,6,low,ARC-VIZ,SWR-ADV-002;SWR-ADV-004;SWR-ARC-002;SWR-UI-001;SWR-UI-002,,静态分析与组件级验证,已按实现建立基线
FUN-52FE00A287,UNIT-4C9DB5733A,src/viz/generation_worker.py,32,compact_llm_io_for_live,public,(records: list[dict]),`records`（list[dict]）：结构化记录集合,返回 `list[dict]` 类型结果,构建`compact_llm_io_for_live`；返回 `list[dict]` 类型结果。,按源码执行顺序经过 `_is_streaming_llm_record` → `rec.get` → `msg.get` → `trimmed_msgs.append` → `compacted.append`；包含 8 个条件、循环、异常或模式匹配分支，分支结果汇入返回或状态更新。,调用方提供满足参数类型、取值语义和默认值约定的输入；所属软件单元已经初始化并满足关联需求约束,返回 `list[dict]` 类型结果；静态扫描未发现直接外部副作用,未发现显式 raise,未检测到直接副作用,在调用方线程同步执行,_is_streaming_llm_record;rec.get;str;len;msg.get;trimmed_msgs.append;compacted.append,8,49,medium,ARC-VIZ,SWR-ADV-002;SWR-ADV-004;SWR-ARC-002;SWR-UI-001;SWR-UI-002,tests/unit/test_live_progress_ui.py,直接动态测试,已按实现建立基线
FUN-2FAE0CAF3C,UNIT-4C9DB5733A,src/viz/generation_worker.py,86,ModuleSyncProgressReporter.__init__,internal,"(self, job_key: str)",`job_key`（str）：索引键,无返回值（None）,初始化当前类实例并建立字段约束；无返回值（None）。,按源码执行顺序经过 `__init__` → `super` → `self._sync`；不包含显式控制分支。,调用方提供满足参数类型、取值语义和默认值约定的输入；所属软件单元已经初始化并满足关联需求约束,无返回值（None）；静态扫描未发现直接外部副作用,未发现显式 raise,未检测到直接副作用,在调用方线程同步执行,__init__;super;self._sync,0,5,low,ARC-VIZ,SWR-ADV-002;SWR-ADV-004;SWR-ARC-002;SWR-UI-001;SWR-UI-002,,静态分析与组件级验证,已按实现建立基线
FUN-309BCF8879,UNIT-4C9DB5733A,src/viz/generation_worker.py,92,ModuleSyncProgressReporter._sync,internal,(self),无显式输入参数,无返回值（None）,执行`sync`处理；无返回值（None）。,按源码执行顺序经过 `access_job` → `prev.get` → `self.snapshot` → `compact_llm_io_for_live` → `self.llm_io_snapshot` → `self._headline_from_steps` → `update_live`；包含 1 个条件、循环、异常或模式匹配分支，分支结果汇入返回或状态更新。,无需调用方提供显式参数；所属软件单元已经初始化并满足关联需求约束,无返回值（None）；静态扫描未发现直接外部副作用,未发现显式 raise,未检测到直接副作用,在调用方线程同步执行,access_job;prev.get;self.snapshot;compact_llm_io_for_live;self.llm_io_snapshot;self._headline_from_steps;update_live,1,15,low,ARC-VIZ,SWR-ADV-002;SWR-ADV-004;SWR-ARC-002;SWR-UI-001;SWR-UI-002,,静态分析与组件级验证,已按实现建立基线
FUN-A85C4E4BB0,UNIT-4C9DB5733A,src/viz/generation_worker.py,109,ModuleSyncProgressReporter._headline_from_steps,internal,(steps: list[dict]),`steps`（list[dict]）：执行步骤集合,返回 `str` 类型结果,根据`steps`构建`headline`；可能影响共享状态；返回 `str` 类型结果。,按源码执行顺序经过 `pipeline_progress_headline`；不包含显式控制分支。,调用方提供满足参数类型、取值语义和默认值约定的输入；所属软件单元已经初始化并满足关联需求约束,返回 `str` 类型结果；可观察变化限于共享状态,未发现显式 raise,共享状态变更,在调用方线程同步执行,pipeline_progress_headline,0,4,low,ARC-VIZ,SWR-ADV-002;SWR-ADV-004;SWR-ARC-002;SWR-UI-001;SWR-UI-002,,静态分析与组件级验证,已按实现建立基线
FUN-16CAB352CE,UNIT-4C9DB5733A,src/viz/generation_worker.py,114,ModuleSyncProgressReporter._on_change,internal,(self),无显式输入参数,无返回值（None）,执行`on_change`处理；无返回值（None）。,按源码执行顺序经过 `self._sync`；不包含显式控制分支。,无需调用方提供显式参数；所属软件单元已经初始化并满足关联需求约束,无返回值（None）；静态扫描未发现直接外部副作用,未发现显式 raise,未检测到直接副作用,在调用方线程同步执行,self._sync,0,2,low,ARC-VIZ,SWR-ADV-002;SWR-ADV-004;SWR-ARC-002;SWR-UI-001;SWR-UI-002,,静态分析与组件级验证,已按实现建立基线
FUN-DB5D7A17A9,UNIT-4C9DB5733A,src/viz/generation_worker.py,117,ModuleSyncProgressReporter._on_llm_chunk,internal,"(self, stage: str, chunk: str)",`stage`（str）：流水线或 Agent 阶段标识；`chunk`（str）：由 `chunk` 表示的文本或标识,无返回值（None）,执行`on_llm_chunk`处理；无返回值（None）。,按源码执行顺序经过 `_on_llm_chunk` → `super` → `time.monotonic` → `self._sync`；包含 1 个条件、循环、异常或模式匹配分支，分支结果汇入返回或状态更新。,调用方提供满足参数类型、取值语义和默认值约定的输入；所属软件单元已经初始化并满足关联需求约束,无返回值（None）；静态扫描未发现直接外部副作用,未发现显式 raise,未检测到直接副作用,在调用方线程同步执行,_on_llm_chunk;super;time.monotonic;self._sync,1,6,low,ARC-VIZ,SWR-ADV-002;SWR-ADV-004;SWR-ARC-002;SWR-UI-001;SWR-UI-002,tests/unit/test_progress.py,直接动态测试,已按实现建立基线
FUN-328CC0F106,UNIT-4C9DB5733A,src/viz/generation_worker.py,124,ModuleSyncProgressReporter.llm_begin,public,"(self, stage: str, model: str, messages: list[dict[str, str]], *, telemetry: dict | None=None)","`stage`（str）：流水线或 Agent 阶段标识；`model`（str）：模型名称或模型对象；`messages`（list[dict[str, str]]）：消息序列；`telemetry`（dict | None）：遥测记录；默认值 `None`",无返回值（None）,执行`llm_begin`处理；无返回值（None）。,按源码执行顺序经过 `llm_begin` → `super` → `self._sync`；不包含显式控制分支。,调用方提供满足参数类型、取值语义和默认值约定的输入；所属软件单元已经初始化并满足关联需求约束,无返回值（None）；静态扫描未发现直接外部副作用,未发现显式 raise,未检测到直接副作用,在调用方线程同步执行,llm_begin;super;self._sync,0,10,medium,ARC-VIZ,SWR-ADV-002;SWR-ADV-004;SWR-ARC-002;SWR-UI-001;SWR-UI-002,tests/unit/test_module_sync_telemetry.py;tests/unit/test_progress.py,直接动态测试,已按实现建立基线
FUN-B1681A5A0B,UNIT-4C9DB5733A,src/viz/generation_worker.py,135,ModuleSyncProgressReporter.llm_end,public,"(self, stage: str, output: str, *, error: str | None=None, latency_ms: int | None=None, telemetry: dict | None=None)",`stage`（str）：流水线或 Agent 阶段标识；`output`（str）：输出对象或输出路径；`error`（str | None）：错误信息或异常对象；默认值 `None`；`latency_ms`（int | None）：延迟毫秒数；默认值 `None`；`telemetry`（dict | None）：遥测记录；默认值 `None`,无返回值（None）,执行`llm_end`处理；无返回值（None）。,按源码执行顺序经过 `llm_end` → `super` → `self._sync`；不包含显式控制分支。,调用方提供满足参数类型、取值语义和默认值约定的输入；所属软件单元已经初始化并满足关联需求约束,无返回值（None）；静态扫描未发现直接外部副作用,未发现显式 raise,未检测到直接副作用,在调用方线程同步执行,llm_end;super;self._sync,0,11,medium,ARC-VIZ,SWR-ADV-002;SWR-ADV-004;SWR-ARC-002;SWR-UI-001;SWR-UI-002,tests/unit/test_module_sync_telemetry.py;tests/unit/test_progress.py,直接动态测试,已按实现建立基线
FUN-40BBCB7294,UNIT-4C9DB5733A,src/viz/generation_worker.py,147,ModuleSyncProgressReporter.fail,public,"(self, step_id: str, detail: str='')",`step_id`（str）：对象标识；`detail`（str）：详细说明文本；默认值 `''`,无返回值（None）,执行`fail`处理；无返回值（None）。,按源码执行顺序经过 `fail` → `super` → `self._sync`；不包含显式控制分支。,调用方提供满足参数类型、取值语义和默认值约定的输入；所属软件单元已经初始化并满足关联需求约束,无返回值（None）；静态扫描未发现直接外部副作用,未发现显式 raise,未检测到直接副作用,在调用方线程同步执行,fail;super;self._sync,0,3,medium,ARC-VIZ,SWR-ADV-002;SWR-ADV-004;SWR-ARC-002;SWR-UI-001;SWR-UI-002,tests/unit/test_archive_transfer.py;tests/unit/test_llm_stage_policy.py,直接动态测试,已按实现建立基线
FUN-00CA768FE8,UNIT-4C9DB5733A,src/viz/generation_worker.py,151,ModuleSyncProgressReporter.done,public,"(self, step_id: str, detail: str='')",`step_id`（str）：对象标识；`detail`（str）：详细说明文本；默认值 `''`,无返回值（None）,执行`done`处理；无返回值（None）。,按源码执行顺序经过 `done` → `super` → `self._sync`；不包含显式控制分支。,调用方提供满足参数类型、取值语义和默认值约定的输入；所属软件单元已经初始化并满足关联需求约束,无返回值（None）；静态扫描未发现直接外部副作用,未发现显式 raise,未检测到直接副作用,在调用方线程同步执行,done;super;self._sync,0,3,medium,ARC-VIZ,SWR-ADV-002;SWR-ADV-004;SWR-ARC-002;SWR-UI-001;SWR-UI-002,tests/unit/test_archive_compat.py;tests/unit/test_live_progress_ui.py;tests/unit/test_pipeline_progress_headline.py;tests/unit/test_run_archive.py;tests/unit/test_streamlit_ensure_report.py,直接动态测试,已按实现建立基线
FUN-F475F6A25B,UNIT-4C9DB5733A,src/viz/generation_worker.py,155,ModuleSyncProgressReporter.update,public,"(self, step_id: str, *, detail: str | None=None, label: str | None=None)",`step_id`（str）：对象标识；`detail`（str | None）：详细说明文本；默认值 `None`；`label`（str | None）：展示或分类标签；默认值 `None`,无返回值（None）,更新当前状态；无返回值（None）。,按源码执行顺序经过 `update` → `super` → `self._sync`；不包含显式控制分支。,调用方提供满足参数类型、取值语义和默认值约定的输入；所属软件单元已经初始化并满足关联需求约束,无返回值（None）；静态扫描未发现直接外部副作用,未发现显式 raise,未检测到直接副作用,在调用方线程同步执行,update;super;self._sync,0,3,medium,ARC-VIZ,SWR-ADV-002;SWR-ADV-004;SWR-ARC-002;SWR-UI-001;SWR-UI-002,tests/regression/test_doc_pipeline_sync.py,直接动态测试,已按实现建立基线
FUN-B77C2C5B77,UNIT-4C9DB5733A,src/viz/generation_worker.py,159,ModuleSyncProgressReporter.stage_io,public,"(self, stage: str, *, input_text: str, output_text: str, latency_ms: int | None=None, label: str | None=None)",`stage`（str）：流水线或 Agent 阶段标识；`input_text`（str）：输入文本；`output_text`（str）：输入文本；`latency_ms`（int | None）：延迟毫秒数；默认值 `None`；`label`（str | None）：展示或分类标签；默认值 `None`,无返回值（None）,执行阶段输入输出遥测处理；无返回值（None）。,按源码执行顺序经过 `stage_io` → `super` → `self._sync`；不包含显式控制分支。,调用方提供满足参数类型、取值语义和默认值约定的输入；所属软件单元已经初始化并满足关联需求约束,无返回值（None）；静态扫描未发现直接外部副作用,未发现显式 raise,未检测到直接副作用,在调用方线程同步执行,stage_io;super;self._sync,0,17,medium,ARC-VIZ,SWR-ADV-002;SWR-ADV-004;SWR-ARC-002;SWR-UI-001;SWR-UI-002,,静态分析与组件级验证,已按实现建立基线
FUN-4ADBBAE6F8,UNIT-4C9DB5733A,src/viz/generation_worker.py,178,format_generation_error,public,(exc: BaseException),`exc`（BaseException）：由调用方提供的 `exc` 输入对象,返回 `str` 类型结果,格式化`generation_error`；返回 `str` 类型结果。,按源码执行顺序经过 `isinstance` → `strip` → `getattr` → `type` → `raw.replace`；包含 5 个条件、循环、异常或模式匹配分支，分支结果汇入返回或状态更新。,调用方提供满足参数类型、取值语义和默认值约定的输入；所属软件单元已经初始化并满足关联需求约束,返回 `str` 类型结果；静态扫描未发现直接外部副作用,未发现显式 raise,未检测到直接副作用,在调用方线程同步执行,isinstance;strip;str;getattr;type;raw.replace,5,20,medium,ARC-VIZ,SWR-ADV-002;SWR-ADV-004;SWR-ARC-002;SWR-UI-001;SWR-UI-002,tests/unit/test_generation_worker.py,直接动态测试,已按实现建立基线
FUN-DE0806140C,UNIT-4C9DB5733A,src/viz/generation_worker.py,200,start_generation,public,"(job_key: str, run_config: RunConfig, *, session_id: str)",`job_key`（str）：索引键；`run_config`（RunConfig）：运行配置；`session_id`（str）：对象标识,无返回值（None）,启动`generation`；可能影响共享状态；无返回值（None）。,按源码执行顺序经过 `get_job` → `create_job` → `job_key.split` → `job.thread.is_alive` → `access_job` → `load_replay_bundle` → `log.info` → `log.exception`；包含 12 个条件、循环、异常或模式匹配分支，分支结果汇入返回或状态更新。,调用方提供满足参数类型、取值语义和默认值约定的输入；所属软件单元已经初始化并满足关联需求约束,无返回值（None）；可观察变化限于共享状态,未发现显式 raise,共享状态变更,在调用方线程同步执行,get_job;create_job;job_key.split;job.thread.is_alive;access_job;load_replay_bundle;log.info;log.exception;ModuleSyncProgressReporter;set_run_config;run_config.normalized;set_progress;time.perf_counter;clear_cache;run_analysis;setdefault;run_config.to_dict;run_config.fingerprint;get_current_run_id;archive_failure_run,12,73,medium,ARC-VIZ,SWR-ADV-002;SWR-ADV-004;SWR-ARC-002;SWR-UI-001;SWR-UI-002,tests/unit/test_generation_worker.py,直接动态测试,已按实现建立基线
FUN-EADC84CC44,UNIT-4C9DB5733A,src/viz/generation_worker.py,227,start_generation.worker,public,(),无显式输入参数,无返回值（None）,执行`worker`处理；可能影响共享状态；无返回值（None）。,按源码执行顺序经过 `ModuleSyncProgressReporter` → `set_run_config` → `run_config.normalized` → `set_progress` → `access_job` → `time.perf_counter` → `clear_cache` → `run_analysis`；包含 5 个条件、循环、异常或模式匹配分支，分支结果汇入返回或状态更新。,无需调用方提供显式参数；所属软件单元已经初始化并满足关联需求约束,无返回值（None）；可观察变化限于共享状态,未发现显式 raise,共享状态变更,在调用方线程同步执行,ModuleSyncProgressReporter;set_run_config;run_config.normalized;set_progress;access_job;time.perf_counter;clear_cache;run_analysis;setdefault;run_config.to_dict;run_config.fingerprint;log.info;log.exception;get_current_run_id;archive_failure_run;format_generation_error;reset_progress;reset_run_config;set_current_run_id,5,42,medium,ARC-VIZ,SWR-ADV-002;SWR-ADV-004;SWR-ARC-002;SWR-UI-001;SWR-UI-002,tests/unit/test_generation_worker.py;tests/unit/test_progress.py,直接动态测试,已按实现建立基线
FUN-75EB5F61B5,UNIT-4756F86A84,src/viz/llm_process_view.py,13,_meta,internal,(report: dict),`report`（dict）：分析报告,返回 `dict` 类型结果,构建`meta`；返回 `dict` 类型结果。,按源码执行顺序经过 `report.get`；不包含显式控制分支。,调用方提供满足参数类型、取值语义和默认值约定的输入；所属软件单元已经初始化并满足关联需求约束,返回 `dict` 类型结果；静态扫描未发现直接外部副作用,未发现显式 raise,未检测到直接副作用,在调用方线程同步执行,report.get,0,2,low,ARC-VIZ,SWR-ADV-002;SWR-ADV-004;SWR-ARC-002;SWR-UI-001;SWR-UI-002,,静态分析与组件级验证,已按实现建立基线
FUN-AC8E431B3E,UNIT-4756F86A84,src/viz/llm_process_view.py,17,_llm_records,internal,(meta: dict),`meta`（dict）：审计或处理元数据,返回 `list[dict]` 类型结果,构建`llm_records`；返回 `list[dict]` 类型结果。,按源码执行顺序经过 `meta.get`；不包含显式控制分支。,调用方提供满足参数类型、取值语义和默认值约定的输入；所属软件单元已经初始化并满足关联需求约束,返回 `list[dict]` 类型结果；静态扫描未发现直接外部副作用,未发现显式 raise,未检测到直接副作用,在调用方线程同步执行,list;meta.get,0,2,low,ARC-VIZ,SWR-ADV-002;SWR-ADV-004;SWR-ARC-002;SWR-UI-001;SWR-UI-002,,静态分析与组件级验证,已按实现建立基线
FUN-DEE902878C,UNIT-4756F86A84,src/viz/llm_process_view.py,21,_rule_stage_records,internal,(records: list[dict]),`records`（list[dict]）：结构化记录集合,返回 `list[dict]` 类型结果,构建`rule_stage_records`；返回 `list[dict]` 类型结果。,按源码执行顺序经过 `row.get`；不包含显式控制分支。,调用方提供满足参数类型、取值语义和默认值约定的输入；所属软件单元已经初始化并满足关联需求约束,返回 `list[dict]` 类型结果；静态扫描未发现直接外部副作用,未发现显式 raise,未检测到直接副作用,在调用方线程同步执行,row.get,0,2,low,ARC-VIZ,SWR-ADV-002;SWR-ADV-004;SWR-ARC-002;SWR-UI-001;SWR-UI-002,,静态分析与组件级验证,已按实现建立基线
FUN-81F59692E6,UNIT-4756F86A84,src/viz/llm_process_view.py,25,_llm_stage_records,internal,(records: list[dict]),`records`（list[dict]）：结构化记录集合,返回 `list[dict]` 类型结果,构建`llm_stage_records`；返回 `list[dict]` 类型结果。,按源码执行顺序经过 `row.get`；不包含显式控制分支。,调用方提供满足参数类型、取值语义和默认值约定的输入；所属软件单元已经初始化并满足关联需求约束,返回 `list[dict]` 类型结果；静态扫描未发现直接外部副作用,未发现显式 raise,未检测到直接副作用,在调用方线程同步执行,row.get,0,2,low,ARC-VIZ,SWR-ADV-002;SWR-ADV-004;SWR-ARC-002;SWR-UI-001;SWR-UI-002,,静态分析与组件级验证,已按实现建立基线
FUN-BA70001F5D,UNIT-4756F86A84,src/viz/llm_process_view.py,29,_render_advisor_trace,internal,(trace: dict | None),`trace`（dict | None）：Agent 或流水线追踪记录,无返回值（None）,渲染`advisor_trace`；无返回值（None）。,按源码执行顺序经过 `st.caption` → `st.columns` → `metric` → `trace.get` → `st.error` → `st.warning` → `isinstance` → `st.json`；包含 5 个条件、循环、异常或模式匹配分支，分支结果汇入返回或状态更新。,调用方提供满足参数类型、取值语义和默认值约定的输入；所属软件单元已经初始化并满足关联需求约束,无返回值（None）；静态扫描未发现直接外部副作用,未发现显式 raise,未检测到直接副作用,在调用方线程同步执行,st.caption;st.columns;metric;trace.get;int;st.error;str;st.warning;isinstance;st.json;st.expander,5,20,low,ARC-VIZ,SWR-ADV-002;SWR-ADV-004;SWR-ARC-002;SWR-UI-001;SWR-UI-002,,静态分析与组件级验证,已按实现建立基线
FUN-F2C66853DE,UNIT-4756F86A84,src/viz/llm_process_view.py,51,render_llm_process_page,public,(report: dict),`report`（dict）：分析报告,无返回值（None）,渲染`llm_process_page`；可能影响共享状态；无返回值（None）。,按源码执行顺序经过 `_meta` → `report.get` → `meta.get` → `_llm_records` → `render_page_hero` → `st.success` → `advice.get` → `get`；包含 6 个条件、循环、异常或模式匹配分支，分支结果汇入返回或状态更新。,调用方提供满足参数类型、取值语义和默认值约定的输入；所属软件单元已经初始化并满足关联需求约束,无返回值（None）；可观察变化限于共享状态,未发现显式 raise,共享状态变更,在调用方线程同步执行,_meta;report.get;str;meta.get;_llm_records;render_page_hero;st.success;advice.get;get;st.warning;st.info;st.tabs;render_progress_steps;st.caption;_llm_stage_records;render_llm_io_history;_rule_stage_records;st.markdown;st.code;json.dumps,6,79,medium,ARC-VIZ,SWR-ADV-002;SWR-ADV-004;SWR-ARC-002;SWR-UI-001;SWR-UI-002,tests/unit/test_llm_process_view.py,直接动态测试,已按实现建立基线
FUN-0E7ECEC1BD,UNIT-D8AB5E90B4,src/viz/page_layout.py,8,render_page_hero,public,"(title: str, subtitle: str='')",`title`（str）：由 `title` 表示的文本或标识；`subtitle`（str）：由 `subtitle` 表示的文本或标识；默认值 `''`,无返回值（None）,渲染`page_hero`；无返回值（None）。,按源码执行顺序经过 `st.markdown`；包含 1 个条件、循环、异常或模式匹配分支，分支结果汇入返回或状态更新。,调用方提供满足参数类型、取值语义和默认值约定的输入；所属软件单元已经初始化并满足关联需求约束,无返回值（None）；静态扫描未发现直接外部副作用,未发现显式 raise,未检测到直接副作用,在调用方线程同步执行,st.markdown,1,6,medium,ARC-VIZ,SWR-ADV-002;SWR-ADV-004;SWR-ARC-002;SWR-UI-001;SWR-UI-002,,静态分析与组件级验证,已按实现建立基线
FUN-2A3F14C75D,UNIT-87EC9BC982,src/viz/pipeline_progress.py,12,format_latency_ms,public,(value: object),`value`（object）：待处理值,返回 `str` 类型结果,格式化`latency_ms`；返回 `str` 类型结果。,直接通过表达式、字段访问或常量完成处理；包含 2 个条件、循环、异常或模式匹配分支，分支结果汇入返回或状态更新。,调用方提供满足参数类型、取值语义和默认值约定的输入；所属软件单元已经初始化并满足关联需求约束,返回 `str` 类型结果；静态扫描未发现直接外部副作用,未发现显式 raise,未检测到直接副作用,在调用方线程同步执行,int,2,6,medium,ARC-VIZ,SWR-ADV-002;SWR-ADV-004;SWR-ARC-002;SWR-UI-001;SWR-UI-002,,静态分析与组件级验证,已按实现建立基线
FUN-0B8C70CAE4,UNIT-87EC9BC982,src/viz/pipeline_progress.py,28,pipeline_progress_headline,public,(steps: list[dict] | None),`steps`（list[dict] | None）：执行步骤集合,返回 `str` 类型结果,生成`pipeline_progress_headline`文本；返回 `str` 类型结果。,按源码执行顺序经过 `s.get` → `step.get` → `strip` → `parts.append` → `join` → `last.get`；包含 7 个条件、循环、异常或模式匹配分支，分支结果汇入返回或状态更新。,调用方提供满足参数类型、取值语义和默认值约定的输入；所属软件单元已经初始化并满足关联需求约束,返回 `str` 类型结果；静态扫描未发现直接外部副作用,未发现显式 raise,未检测到直接副作用,在调用方线程同步执行,s.get;str;step.get;strip;parts.append;join;last.get,7,21,high,ARC-VIZ,SWR-ADV-002;SWR-ADV-004;SWR-ARC-002;SWR-UI-001;SWR-UI-002,tests/unit/test_pipeline_progress_headline.py,直接动态测试,已按实现建立基线
FUN-C1629A4DE1,UNIT-87EC9BC982,src/viz/pipeline_progress.py,51,_format_step,internal,(step: PipelineProgressStep),`step`（PipelineProgressStep）：由调用方提供的 `step` 输入对象,返回 `str` 类型结果,格式化`step`；返回 `str` 类型结果。,按源码执行顺序经过 `_STATUS_ICONS.get`；包含 6 个条件、循环、异常或模式匹配分支，分支结果汇入返回或状态更新。,调用方提供满足参数类型、取值语义和默认值约定的输入；所属软件单元已经初始化并满足关联需求约束,返回 `str` 类型结果；静态扫描未发现直接外部副作用,未发现显式 raise,未检测到直接副作用,在调用方线程同步执行,_STATUS_ICONS.get,6,14,low,ARC-VIZ,SWR-ADV-002;SWR-ADV-004;SWR-ARC-002;SWR-UI-001;SWR-UI-002,,静态分析与组件级验证,已按实现建立基线
FUN-311AE39BA2,UNIT-87EC9BC982,src/viz/pipeline_progress.py,67,render_progress_steps,public,"(steps: list[dict], *, title: str='生成步骤')",`steps`（list[dict]）：执行步骤集合；`title`（str）：由 `title` 表示的文本或标识；默认值 `'生成步骤'`,无返回值（None）,渲染`progress_steps`；可能影响共享状态；无返回值（None）。,按源码执行顺序经过 `st.markdown` → `PipelineProgressStep` → `raw.get` → `_format_step`；包含 3 个条件、循环、异常或模式匹配分支，分支结果汇入返回或状态更新。,调用方提供满足参数类型、取值语义和默认值约定的输入；所属软件单元已经初始化并满足关联需求约束,无返回值（None）；可观察变化限于共享状态,未发现显式 raise,共享状态变更,在调用方线程同步执行,st.markdown;PipelineProgressStep;raw.get;_format_step,3,14,medium,ARC-VIZ,SWR-ADV-002;SWR-ADV-004;SWR-ARC-002;SWR-UI-001;SWR-UI-002,,静态分析与组件级验证,已按实现建立基线
FUN-AD1FA5E595,UNIT-87EC9BC982,src/viz/pipeline_progress.py,83,_render_llm_io_text,internal,"(*, label: str, key: str, text: str, height: int=360)",`label`（str）：展示或分类标签；`key`（str）：索引键；`text`（str）：输入文本；`height`（int）：由 `height` 表示的数值参数；默认值 `360`,无返回值（None）,渲染`llm_io_text`；无返回值（None）。,按源码执行顺序经过 `st.markdown` → `st.text_area`；包含 1 个条件、循环、异常或模式匹配分支，分支结果汇入返回或状态更新。,调用方提供满足参数类型、取值语义和默认值约定的输入；所属软件单元已经初始化并满足关联需求约束,无返回值（None）；静态扫描未发现直接外部副作用,未发现显式 raise,未检测到直接副作用,在调用方线程同步执行,st.markdown;st.text_area,1,11,low,ARC-VIZ,SWR-ADV-002;SWR-ADV-004;SWR-ARC-002;SWR-UI-001;SWR-UI-002,,静态分析与组件级验证,已按实现建立基线
FUN-7DCBCF149D,UNIT-87EC9BC982,src/viz/pipeline_progress.py,96,_render_llm_output_panel,internal,"(*, stage: str, output: str, error: str | None=None, json_height: int=320, widget_key: str | None=None)",`stage`（str）：流水线或 Agent 阶段标识；`output`（str）：输出对象或输出路径；`error`（str | None）：错误信息或异常对象；默认值 `None`；`json_height`（int）：由 `json_height` 表示的数值参数；默认值 `320`；`widget_key`（str | None）：索引键；默认值 `None`,无返回值（None）,渲染`llm_output_panel`；无返回值（None）。,按源码执行顺序经过 `st.error` → `st.caption` → `_render_llm_io_text` → `format_llm_output`；包含 2 个条件、循环、异常或模式匹配分支，分支结果汇入返回或状态更新。,调用方提供满足参数类型、取值语义和默认值约定的输入；所属软件单元已经初始化并满足关联需求约束,无返回值（None）；静态扫描未发现直接外部副作用,未发现显式 raise,未检测到直接副作用,在调用方线程同步执行,st.error;st.caption;_render_llm_io_text;format_llm_output;len,2,21,low,ARC-VIZ,SWR-ADV-002;SWR-ADV-004;SWR-ARC-002;SWR-UI-001;SWR-UI-002,,静态分析与组件级验证,已按实现建立基线
FUN-17C606FACF,UNIT-87EC9BC982,src/viz/pipeline_progress.py,119,is_streaming_llm_record,public,(rec: dict),`rec`（dict）：由 `rec` 表示的键值映射,返回 `bool` 类型结果,判断流式 LLM 调用记录；返回 `bool` 类型结果。,按源码执行顺序经过 `rec.get`；包含 2 个条件、循环、异常或模式匹配分支，分支结果汇入返回或状态更新。,调用方提供满足参数类型、取值语义和默认值约定的输入；所属软件单元已经初始化并满足关联需求约束,返回 `bool` 类型结果；静态扫描未发现直接外部副作用,未发现显式 raise,未检测到直接副作用,在调用方线程同步执行,rec.get,2,7,medium,ARC-VIZ,SWR-ADV-002;SWR-ADV-004;SWR-ARC-002;SWR-UI-001;SWR-UI-002,tests/unit/test_pipeline_progress_live.py,直接动态测试,已按实现建立基线
FUN-D82430A62E,UNIT-87EC9BC982,src/viz/pipeline_progress.py,128,partition_llm_records_for_live,public,(records: list[dict]),`records`（list[dict]）：结构化记录集合,"返回 `tuple[list[dict], list[dict]]` 类型结果","构建`partition_llm_records_for_live`；返回 `tuple[list[dict], list[dict]]` 类型结果。",按源码执行顺序经过 `_filter_llm_io_records` → `is_streaming_llm_record`；不包含显式控制分支。,调用方提供满足参数类型、取值语义和默认值约定的输入；所属软件单元已经初始化并满足关联需求约束,"返回 `tuple[list[dict], list[dict]]` 类型结果；静态扫描未发现直接外部副作用",未发现显式 raise,未检测到直接副作用,在调用方线程同步执行,_filter_llm_io_records;is_streaming_llm_record,0,6,medium,ARC-VIZ,SWR-ADV-002;SWR-ADV-004;SWR-ARC-002;SWR-UI-001;SWR-UI-002,tests/unit/test_pipeline_progress_live.py,直接动态测试,已按实现建立基线
FUN-6534076172,UNIT-87EC9BC982,src/viz/pipeline_progress.py,136,render_live_llm_process_panel,public,"(live: dict, *, show_steps: bool=True)",`live`（dict）：由 `live` 表示的键值映射；`show_steps`（bool）：执行步骤集合；默认值 `True`,无返回值（None）,渲染`live_llm_process_panel`；可能影响共享状态；无返回值（None）。,按源码执行顺序经过 `live.get` → `render_progress_steps` → `st.divider` → `partition_llm_records_for_live` → `render_live_llm_streams` → `render_llm_io_history` → `st.caption`；包含 5 个条件、循环、异常或模式匹配分支，分支结果汇入返回或状态更新。,调用方提供满足参数类型、取值语义和默认值约定的输入；所属软件单元已经初始化并满足关联需求约束,无返回值（None）；可观察变化限于共享状态,未发现显式 raise,共享状态变更,在调用方线程同步执行,live.get;render_progress_steps;st.divider;partition_llm_records_for_live;render_live_llm_streams;render_llm_io_history;bool;st.caption,5,17,medium,ARC-VIZ,SWR-ADV-002;SWR-ADV-004;SWR-ARC-002;SWR-UI-001;SWR-UI-002,tests/unit/test_live_llm_process_panel.py,直接动态测试,已按实现建立基线
FUN-4D69BAE96D,UNIT-87EC9BC982,src/viz/pipeline_progress.py,155,render_live_llm_status_lightweight,public,(live: dict),`live`（dict）：由 `live` 表示的键值映射,无返回值（None）,渲染`live_llm_status_lightweight`；无返回值（None）。,按源码执行顺序经过 `live.get` → `partition_llm_records_for_live` → `st.markdown` → `rec.get` → `st.caption`；包含 5 个条件、循环、异常或模式匹配分支，分支结果汇入返回或状态更新。,调用方提供满足参数类型、取值语义和默认值约定的输入；所属软件单元已经初始化并满足关联需求约束,无返回值（None）；静态扫描未发现直接外部副作用,未发现显式 raise,未检测到直接副作用,在调用方线程同步执行,live.get;partition_llm_records_for_live;st.markdown;rec.get;len;str;st.caption,5,18,medium,ARC-VIZ,SWR-ADV-002;SWR-ADV-004;SWR-ARC-002;SWR-UI-001;SWR-UI-002,,静态分析与组件级验证,已按实现建立基线
FUN-C7365FB901,UNIT-87EC9BC982,src/viz/pipeline_progress.py,175,render_live_llm_streams,public,(active: list[dict]),`active`（list[dict]）：由 `active` 表示的输入集合,无返回值（None）,渲染`live_llm_streams`；无返回值（None）。,按源码执行顺序经过 `st.markdown` → `enumerate` → `rec.get` → `st.container` → `st.caption` → `_render_llm_io_text` → `format_messages` → `format_llm_output`；包含 5 个条件、循环、异常或模式匹配分支，分支结果汇入返回或状态更新。,调用方提供满足参数类型、取值语义和默认值约定的输入；所属软件单元已经初始化并满足关联需求约束,无返回值（None）；静态扫描未发现直接外部副作用,未发现显式 raise,未检测到直接副作用,在调用方线程同步执行,st.markdown;enumerate;rec.get;st.container;st.caption;_render_llm_io_text;format_messages;len;format_llm_output,5,34,medium,ARC-VIZ,SWR-ADV-002;SWR-ADV-004;SWR-ARC-002;SWR-UI-001;SWR-UI-002,,静态分析与组件级验证,已按实现建立基线
FUN-C8F614EA56,UNIT-87EC9BC982,src/viz/pipeline_progress.py,211,_filter_llm_io_records,internal,(records: list[dict]),`records`（list[dict]）：结构化记录集合,返回 `list[dict]` 类型结果,筛选LLM 输入输出记录；返回 `list[dict]` 类型结果。,按源码执行顺序经过 `any` → `r.get`；包含 1 个条件、循环、异常或模式匹配分支，分支结果汇入返回或状态更新。,调用方提供满足参数类型、取值语义和默认值约定的输入；所属软件单元已经初始化并满足关联需求约束,返回 `list[dict]` 类型结果；静态扫描未发现直接外部副作用,未发现显式 raise,未检测到直接副作用,在调用方线程同步执行,any;r.get,1,17,low,ARC-VIZ,SWR-ADV-002;SWR-ADV-004;SWR-ARC-002;SWR-UI-001;SWR-UI-002,,静态分析与组件级验证,已按实现建立基线
FUN-FA5A1C7F41,UNIT-87EC9BC982,src/viz/pipeline_progress.py,230,render_llm_io_history,public,"(records: list[dict], *, title: str='智能体 I/O', expand_last: bool=False)",`records`（list[dict]）：结构化记录集合；`title`（str）：由 `title` 表示的文本或标识；默认值 `'智能体 I/O'`；`expand_last`（bool）：控制对应行为是否启用的布尔值；默认值 `False`,无返回值（None）,渲染`llm_io_history`；无返回值（None）。,按源码执行顺序经过 `_filter_llm_io_records` → `st.caption` → `st.markdown` → `enumerate` → `rec.get` → `format_latency_ms` → `st.expander` → `_render_llm_io_text`；包含 13 个条件、循环、异常或模式匹配分支，分支结果汇入返回或状态更新。,调用方提供满足参数类型、取值语义和默认值约定的输入；所属软件单元已经初始化并满足关联需求约束,无返回值（None）；静态扫描未发现直接外部副作用,未发现显式 raise,未检测到直接副作用,在调用方线程同步执行,_filter_llm_io_records;st.caption;st.markdown;enumerate;rec.get;format_latency_ms;str;st.expander;len;_render_llm_io_text;format_messages;st.error;format_llm_output;format_llm_narrative,13,48,medium,ARC-VIZ,SWR-ADV-002;SWR-ADV-004;SWR-ARC-002;SWR-UI-001;SWR-UI-002,,静态分析与组件级验证,已按实现建立基线
FUN-0D15B0AFCC,UNIT-87EC9BC982,src/viz/pipeline_progress.py,283,StreamlitProgressReporter.__init__,internal,"(self, *, progress_slot=None, llm_slot=None)",`progress_slot`（实现约定类型）：由调用方提供的 `progress_slot` 输入对象；默认值 `None`；`llm_slot`（实现约定类型）：由调用方提供的 `llm_slot` 输入对象；默认值 `None`,无返回值（None）,初始化当前类实例并建立字段约束；无返回值（None）。,按源码执行顺序经过 `__init__` → `super` → `st.empty` → `self._paint`；不包含显式控制分支。,调用方提供满足参数类型、取值语义和默认值约定的输入；所属软件单元已经初始化并满足关联需求约束,无返回值（None）；静态扫描未发现直接外部副作用,未发现显式 raise,未检测到直接副作用,在调用方线程同步执行,__init__;super;st.empty;self._paint,0,7,low,ARC-VIZ,SWR-ADV-002;SWR-ADV-004;SWR-ARC-002;SWR-UI-001;SWR-UI-002,,静态分析与组件级验证,已按实现建立基线
FUN-CF6DFF11C9,UNIT-87EC9BC982,src/viz/pipeline_progress.py,291,StreamlitProgressReporter._paint,internal,"(self, headline: str)",`headline`（str）：由 `headline` 表示的文本或标识,无返回值（None）,执行`paint`处理；无返回值（None）。,按源码执行顺序经过 `_format_step` → `join` → `self._slot.info`；包含 1 个条件、循环、异常或模式匹配分支，分支结果汇入返回或状态更新。,调用方提供满足参数类型、取值语义和默认值约定的输入；所属软件单元已经初始化并满足关联需求约束,无返回值（None）；静态扫描未发现直接外部副作用,未发现显式 raise,未检测到直接副作用,在调用方线程同步执行,_format_step;join;self._slot.info,1,4,low,ARC-VIZ,SWR-ADV-002;SWR-ADV-004;SWR-ARC-002;SWR-UI-001;SWR-UI-002,,静态分析与组件级验证,已按实现建立基线
FUN-518E29C44C,UNIT-87EC9BC982,src/viz/pipeline_progress.py,296,StreamlitProgressReporter._on_change,internal,(self),无显式输入参数,无返回值（None）,执行`on_change`处理；无返回值（None）。,按源码执行顺序经过 `next` → `reversed` → `self._paint`；包含 3 个条件、循环、异常或模式匹配分支，分支结果汇入返回或状态更新。,无需调用方提供显式参数；所属软件单元已经初始化并满足关联需求约束,无返回值（None）；静态扫描未发现直接外部副作用,未发现显式 raise,未检测到直接副作用,在调用方线程同步执行,next;reversed;self._paint,3,11,low,ARC-VIZ,SWR-ADV-002;SWR-ADV-004;SWR-ARC-002;SWR-UI-001;SWR-UI-002,,静态分析与组件级验证,已按实现建立基线
FUN-25B5BBB645,UNIT-87EC9BC982,src/viz/pipeline_progress.py,308,StreamlitProgressReporter._on_llm_begin,internal,"(self, stage: str, model: str, messages: list[dict[str, str]], label: str)","`stage`（str）：流水线或 Agent 阶段标识；`model`（str）：模型名称或模型对象；`messages`（list[dict[str, str]]）：消息序列；`label`（str）：展示或分类标签",无返回值（None）,执行`on_llm_begin`处理；无返回值（None）。,按源码执行顺序经过 `st.markdown` → `st.expander` → `expander.caption` → `expander.text_area` → `format_messages` → `expander.empty` → `output_box.markdown`；包含 2 个条件、循环、异常或模式匹配分支，分支结果汇入返回或状态更新。,调用方提供满足参数类型、取值语义和默认值约定的输入；所属软件单元已经初始化并满足关联需求约束,无返回值（None）；静态扫描未发现直接外部副作用,未发现显式 raise,未检测到直接副作用,在调用方线程同步执行,st.markdown;st.expander;expander.caption;expander.text_area;format_messages;expander.empty;output_box.markdown,2,21,low,ARC-VIZ,SWR-ADV-002;SWR-ADV-004;SWR-ARC-002;SWR-UI-001;SWR-UI-002,,静态分析与组件级验证,已按实现建立基线
FUN-4D2F1F7990,UNIT-87EC9BC982,src/viz/pipeline_progress.py,330,StreamlitProgressReporter.run_llm_stream,public,"(self, stage: str, chunk_iter)",`stage`（str）：流水线或 Agent 阶段标识；`chunk_iter`（实现约定类型）：由调用方提供的 `chunk_iter` 输入对象,返回 `str` 类型结果,执行LLM 流式响应；返回 `str` 类型结果。,按源码执行顺序经过 `self._llm_blocks.get` → `run_llm_stream` → `super` → `st.write_stream` → `_gen`；包含 2 个条件、循环、异常或模式匹配分支，分支结果汇入返回或状态更新。,调用方提供满足参数类型、取值语义和默认值约定的输入；所属软件单元已经初始化并满足关联需求约束,返回 `str` 类型结果；静态扫描未发现直接外部副作用,未发现显式 raise,未检测到直接副作用,在调用方线程同步执行,self._llm_blocks.get;run_llm_stream;super;st.write_stream;_gen,2,13,medium,ARC-VIZ,SWR-ADV-002;SWR-ADV-004;SWR-ARC-002;SWR-UI-001;SWR-UI-002,,静态分析与组件级验证,已按实现建立基线
FUN-F822A4E8CF,UNIT-87EC9BC982,src/viz/pipeline_progress.py,335,StreamlitProgressReporter.run_llm_stream._gen,internal,(),无显式输入参数,无返回值（隐式 None）,执行`gen`处理；无返回值（隐式 None）。,直接通过表达式、字段访问或常量完成处理；包含 1 个条件、循环、异常或模式匹配分支，分支结果汇入返回或状态更新。,无需调用方提供显式参数；所属软件单元已经初始化并满足关联需求约束,无返回值（隐式 None）；静态扫描未发现直接外部副作用,未发现显式 raise,未检测到直接副作用,在调用方线程同步执行,none,1,4,low,ARC-VIZ,SWR-ADV-002;SWR-ADV-004;SWR-ARC-002;SWR-UI-001;SWR-UI-002,,静态分析与组件级验证,已按实现建立基线
FUN-85E51E2BA9,UNIT-87EC9BC982,src/viz/pipeline_progress.py,344,StreamlitProgressReporter._on_llm_end,internal,"(self, stage: str, output: str, *, error: str | None=None)",`stage`（str）：流水线或 Agent 阶段标识；`output`（str）：输出对象或输出路径；`error`（str | None）：错误信息或异常对象；默认值 `None`,无返回值（None）,执行`on_llm_end`处理；无返回值（None）。,按源码执行顺序经过 `self._llm_blocks.get` → `self._find_llm` → `format_latency_ms` → `markdown` → `error` → `container` → `_render_llm_output_panel`；包含 7 个条件、循环、异常或模式匹配分支，分支结果汇入返回或状态更新。,调用方提供满足参数类型、取值语义和默认值约定的输入；所属软件单元已经初始化并满足关联需求约束,无返回值（None）；静态扫描未发现直接外部副作用,未发现显式 raise,未检测到直接副作用,在调用方线程同步执行,self._llm_blocks.get;self._find_llm;format_latency_ms;markdown;error;container;_render_llm_output_panel,7,22,low,ARC-VIZ,SWR-ADV-002;SWR-ADV-004;SWR-ARC-002;SWR-UI-001;SWR-UI-002,,静态分析与组件级验证,已按实现建立基线
FUN-A18A4822F2,UNIT-87EC9BC982,src/viz/pipeline_progress.py,367,StreamlitProgressReporter.complete,public,"(self, *, ok: bool=True)",`ok`（bool）：控制对应行为是否启用的布尔值；默认值 `True`,无返回值（None）,执行`complete`处理；无返回值（None）。,按源码执行顺序经过 `self._slot.success` → `next` → `reversed` → `self._paint` → `self._slot.error`；包含 3 个条件、循环、异常或模式匹配分支，分支结果汇入返回或状态更新。,调用方提供满足参数类型、取值语义和默认值约定的输入；所属软件单元已经初始化并满足关联需求约束,无返回值（None）；静态扫描未发现直接外部副作用,未发现显式 raise,未检测到直接副作用,在调用方线程同步执行,self._slot.success;next;reversed;self._paint;self._slot.error,3,11,medium,ARC-VIZ,SWR-ADV-002;SWR-ADV-004;SWR-ARC-002;SWR-UI-001;SWR-UI-002,tests/unit/test_archive_compat.py;tests/unit/test_run_archive.py,直接动态测试,已按实现建立基线
FUN-52C23750B5,UNIT-A63D87A7BB,src/viz/replay_loader.py,14,_upgrade_to_advice_v2,internal,"(run_id: str, bundle: tuple[dict[str, Any], dict[str, pd.DataFrame], dict[str, Any]])","`run_id`（str）：对象标识；`bundle`（tuple[dict[str, Any], dict[str, pd.DataFrame], dict[str, Any]]）：由 `bundle` 表示的键值映射","返回 `tuple[dict[str, Any], dict[str, pd.DataFrame], dict[str, Any]]` 类型结果","构建`upgrade_to_advice_v2`；返回 `tuple[dict[str, Any], dict[str, pd.DataFrame], dict[str, Any]]` 类型结果。",按源码执行顺序经过 `report.get` → `load_fetch` → `ExternalFactors` → `get` → `replay_warnings.append` → `assemble_market_context` → `pd.Timestamp` → `parsed.tz_localize`；包含 4 个条件、循环、异常或模式匹配分支，分支结果汇入返回或状态更新。,调用方提供满足参数类型、取值语义和默认值约定的输入；所属软件单元已经初始化并满足关联需求约束,"返回 `tuple[dict[str, Any], dict[str, pd.DataFrame], dict[str, Any]]` 类型结果；静态扫描未发现直接外部副作用",未发现显式 raise,未检测到直接副作用,在调用方线程同步执行,report.get;load_fetch;ExternalFactors;str;get;replay_warnings.append;assemble_market_context;pd.Timestamp;parsed.tz_localize;parsed.to_pydatetime;build_advice_packet;build_advice_report;update,4,45,medium,ARC-VIZ,SWR-ADV-002;SWR-ADV-004;SWR-ARC-002;SWR-UI-001;SWR-UI-002,,静态分析与组件级验证,已按实现建立基线
FUN-2838D79653,UNIT-A63D87A7BB,src/viz/replay_loader.py,61,load_replay_bundle,public,(run_config: RunConfig),`run_config`（RunConfig）：运行配置,"返回 `tuple[dict[str, Any], dict[str, pd.DataFrame], dict[str, Any]]` 类型结果","加载`replay_bundle`；返回 `tuple[dict[str, Any], dict[str, pd.DataFrame], dict[str, Any]]` 类型结果。",按源码执行顺序经过 `run_config.normalized` → `ValueError` → `inspect_run_archive` → `join` → `_upgrade_to_advice_v2` → `load_bundle` → `load_forensic_bundle`；包含 7 个条件、循环、异常或模式匹配分支，分支结果汇入返回或状态更新。,调用方提供满足参数类型、取值语义和默认值约定的输入；所属软件单元已经初始化并满足关联需求约束,"返回 `tuple[dict[str, Any], dict[str, pd.DataFrame], dict[str, Any]]` 类型结果；静态扫描未发现直接外部副作用",ValueError,未检测到直接副作用,在调用方线程同步执行,run_config.normalized;ValueError;inspect_run_archive;join;_upgrade_to_advice_v2;load_bundle;load_forensic_bundle,7,27,medium,ARC-VIZ,SWR-ADV-002;SWR-ADV-004;SWR-ARC-002;SWR-UI-001;SWR-UI-002,tests/unit/test_archive_optimizations.py;tests/unit/test_generation_worker.py,直接动态测试,已按实现建立基线
FUN-6478EF0EF9,UNIT-EE18DE86B2,src/viz/run_config_panel.py,21,mode_label_to_value,public,(label: str),`label`（str）：展示或分类标签,返回 `str` 类型结果,生成`mode_label_to_value`文本；返回 `str` 类型结果。,按源码执行顺序经过 `_LABEL_TO_MODE.get`；不包含显式控制分支。,调用方提供满足参数类型、取值语义和默认值约定的输入；所属软件单元已经初始化并满足关联需求约束,返回 `str` 类型结果；静态扫描未发现直接外部副作用,未发现显式 raise,未检测到直接副作用,在调用方线程同步执行,_LABEL_TO_MODE.get,0,2,medium,ARC-VIZ,SWR-ADV-002;SWR-ADV-004;SWR-ARC-002;SWR-UI-001;SWR-UI-002,,静态分析与组件级验证,已按实现建立基线
FUN-9DF4825093,UNIT-EE18DE86B2,src/viz/run_config_panel.py,25,mode_value_to_label,public,(value: str),`value`（str）：待处理值,返回 `str` 类型结果,生成`mode_value_to_label`文本；返回 `str` 类型结果。,按源码执行顺序经过 `_MODE_TO_LABEL.get`；不包含显式控制分支。,调用方提供满足参数类型、取值语义和默认值约定的输入；所属软件单元已经初始化并满足关联需求约束,返回 `str` 类型结果；静态扫描未发现直接外部副作用,未发现显式 raise,未检测到直接副作用,在调用方线程同步执行,_MODE_TO_LABEL.get,0,2,medium,ARC-VIZ,SWR-ADV-002;SWR-ADV-004;SWR-ARC-002;SWR-UI-001;SWR-UI-002,,静态分析与组件级验证,已按实现建立基线
FUN-560A47B85B,UNIT-EE18DE86B2,src/viz/run_config_panel.py,29,_seed,internal,(),无显式输入参数,无返回值（None）,执行`seed`处理；可能影响共享状态；无返回值（None）。,按源码执行顺序经过 `st.session_state.get` → `items` → `run_config_widget_state` → `default_panel_run_config`；包含 3 个条件、循环、异常或模式匹配分支，分支结果汇入返回或状态更新。,无需调用方提供显式参数；所属软件单元已经初始化并满足关联需求约束,无返回值（None）；可观察变化限于共享状态,未发现显式 raise,共享状态变更,在调用方线程同步执行,st.session_state.get;bool;str;items;run_config_widget_state;default_panel_run_config,3,11,low,ARC-VIZ,SWR-ADV-002;SWR-ADV-004;SWR-ARC-002;SWR-UI-001;SWR-UI-002,,静态分析与组件级验证,已按实现建立基线
FUN-DFBACECC76,UNIT-EE18DE86B2,src/viz/run_config_panel.py,42,_ensure_default_replay_run_id,internal,(),无显式输入参数,无返回值（None）,确保`default_replay_run_id`；可能影响共享状态；无返回值（None）。,按源码执行顺序经过 `list_archives` → `row.get` → `st.session_state.get`；包含 2 个条件、循环、异常或模式匹配分支，分支结果汇入返回或状态更新。,无需调用方提供显式参数；所属软件单元已经初始化并满足关联需求约束,无返回值（None）；可观察变化限于共享状态,未发现显式 raise,共享状态变更,在调用方线程同步执行,list_archives;str;row.get;st.session_state.get,2,10,low,ARC-VIZ,SWR-ADV-002;SWR-ADV-004;SWR-ARC-002;SWR-UI-001;SWR-UI-002,,静态分析与组件级验证,已按实现建立基线
FUN-4712D21B11,UNIT-EE18DE86B2,src/viz/run_config_panel.py,54,selected_run_config,public,(),无显式输入参数,返回 `RunConfig` 类型结果,执行`selected_config`；可能影响共享状态；返回 `RunConfig` 类型结果。,按源码执行顺序经过 `st.session_state.get` → `strip` → `normalized` → `RunConfig` → `mode_label_to_value`；包含 2 个条件、循环、异常或模式匹配分支，分支结果汇入返回或状态更新。,无需调用方提供显式参数；所属软件单元已经初始化并满足关联需求约束,返回 `RunConfig` 类型结果；可观察变化限于共享状态,未发现显式 raise,共享状态变更,在调用方线程同步执行,st.session_state.get;strip;str;normalized;RunConfig;mode_label_to_value,2,7,medium,ARC-VIZ,SWR-ADV-002;SWR-ADV-004;SWR-ARC-002;SWR-UI-001;SWR-UI-002,tests/unit/test_run_config_panel.py,直接动态测试,已按实现建立基线
FUN-D6653FC459,UNIT-EE18DE86B2,src/viz/run_config_panel.py,63,_on_open_replay_config,internal,(),无显式输入参数,无返回值（None）,打开`on_replay_config`；可能影响共享状态；无返回值（None）。,按源码执行顺序经过 `st.session_state.pop`；不包含显式控制分支。,无需调用方提供显式参数；所属软件单元已经初始化并满足关联需求约束,无返回值（None）；可观察变化限于共享状态,未发现显式 raise,共享状态变更,在调用方线程同步执行,st.session_state.pop,0,7,low,ARC-VIZ,SWR-ADV-002;SWR-ADV-004;SWR-ARC-002;SWR-UI-001;SWR-UI-002,,静态分析与组件级验证,已按实现建立基线
FUN-8D7F136545,UNIT-EE18DE86B2,src/viz/run_config_panel.py,72,render_sidebar_replay,public,(),无显式输入参数,无返回值（None）,渲染`sidebar_replay`；无返回值（None）。,按源码执行顺序经过 `st.sidebar.markdown` → `list_archives` → `st.sidebar.caption` → `st.sidebar.button`；包含 1 个条件、循环、异常或模式匹配分支，分支结果汇入返回或状态更新。,无需调用方提供显式参数；所属软件单元已经初始化并满足关联需求约束,无返回值（None）；静态扫描未发现直接外部副作用,未发现显式 raise,未检测到直接副作用,在调用方线程同步执行,st.sidebar.markdown;list_archives;st.sidebar.caption;len;st.sidebar.button,1,11,medium,ARC-VIZ,SWR-ADV-002;SWR-ADV-004;SWR-ARC-002;SWR-UI-001;SWR-UI-002,,静态分析与组件级验证,已按实现建立基线
FUN-FEA885853A,UNIT-EE18DE86B2,src/viz/run_config_panel.py,85,_render_replay_controls,internal,(),无显式输入参数,无返回值（None）,渲染`replay_controls`；可能影响共享状态；无返回值（None）。,按源码执行顺序经过 `list_archives` → `st.checkbox` → `st.session_state.get` → `st.info` → `_ensure_default_replay_run_id` → `archive_label` → `st.selectbox` → `labels.get`；包含 2 个条件、循环、异常或模式匹配分支，分支结果汇入返回或状态更新。,无需调用方提供显式参数；所属软件单元已经初始化并满足关联需求约束,无返回值（None）；可观察变化限于共享状态,未发现显式 raise,共享状态变更,在调用方线程同步执行,list_archives;st.checkbox;st.session_state.get;st.info;_ensure_default_replay_run_id;archive_label;st.selectbox;list;labels.get,2,18,low,ARC-VIZ,SWR-ADV-002;SWR-ADV-004;SWR-ARC-002;SWR-UI-001;SWR-UI-002,,静态分析与组件级验证,已按实现建立基线
FUN-DE6787DACC,UNIT-EE18DE86B2,src/viz/run_config_panel.py,105,render_run_config_panel,public,(),无显式输入参数,无返回值（None）,渲染`run_config_panel`；可能影响共享状态；无返回值（None）。,按源码执行顺序经过 `_seed` → `render_page_hero` → `st.radio` → `mode_label_to_value` → `st.session_state.get` → `st.caption` → `_render_replay_controls` → `st.button`；包含 2 个条件、循环、异常或模式匹配分支，分支结果汇入返回或状态更新。,无需调用方提供显式参数；所属软件单元已经初始化并满足关联需求约束,无返回值（None）；可观察变化限于共享状态,未发现显式 raise,共享状态变更,在调用方线程同步执行,_seed;render_page_hero;st.radio;list;mode_label_to_value;str;st.session_state.get;st.caption;_render_replay_controls;st.button;selected_run_config;st.rerun;st.stop,2,20,medium,ARC-VIZ,SWR-ADV-002;SWR-ADV-004;SWR-ARC-002;SWR-UI-001;SWR-UI-002,,静态分析与组件级验证,已按实现建立基线
FUN-0EEC7855B3,UNIT-6FA4E87F8A,src/viz/session_keys.py,23,session_id,public,(),无显式输入参数,返回 `str` 类型结果,生成`session_id`文本；返回 `str` 类型结果。,按源码执行顺序经过 `uuid.uuid4`；包含 1 个条件、循环、异常或模式匹配分支，分支结果汇入返回或状态更新。,无需调用方提供显式参数；所属软件单元已经初始化并满足关联需求约束,返回 `str` 类型结果；静态扫描未发现直接外部副作用,未发现显式 raise,未检测到直接副作用,在调用方线程同步执行,str;uuid.uuid4,1,4,medium,ARC-VIZ,SWR-ADV-002;SWR-ADV-004;SWR-ARC-002;SWR-UI-001;SWR-UI-002,tests/unit/test_generation_worker.py;tests/unit/test_streamlit_ensure_report.py,直接动态测试,已按实现建立基线
FUN-BA937173ED,UNIT-6FA4E87F8A,src/viz/session_keys.py,29,generation_id,public,(),无显式输入参数,返回 `str` 类型结果,生成生成任务标识文本；返回 `str` 类型结果。,按源码执行顺序经过 `uuid.uuid4`；包含 1 个条件、循环、异常或模式匹配分支，分支结果汇入返回或状态更新。,无需调用方提供显式参数；所属软件单元已经初始化并满足关联需求约束,返回 `str` 类型结果；静态扫描未发现直接外部副作用,未发现显式 raise,未检测到直接副作用,在调用方线程同步执行,str;uuid.uuid4,1,4,medium,ARC-VIZ,SWR-ADV-002;SWR-ADV-004;SWR-ARC-002;SWR-UI-001;SWR-UI-002,,静态分析与组件级验证,已按实现建立基线
FUN-4D0107C2B8,UNIT-6FA4E87F8A,src/viz/session_keys.py,35,job_key,public,(),无显式输入参数,返回 `str` 类型结果,生成`job_key`文本；返回 `str` 类型结果。,按源码执行顺序经过 `session_id` → `generation_id`；不包含显式控制分支。,无需调用方提供显式参数；所属软件单元已经初始化并满足关联需求约束,返回 `str` 类型结果；静态扫描未发现直接外部副作用,未发现显式 raise,未检测到直接副作用,在调用方线程同步执行,session_id;generation_id,0,2,medium,ARC-VIZ,SWR-ADV-002;SWR-ADV-004;SWR-ARC-002;SWR-UI-001;SWR-UI-002,tests/unit/test_generation_worker.py;tests/unit/test_streamlit_ensure_report.py,直接动态测试,已按实现建立基线
FUN-47FF82AECF,UNIT-6FA4E87F8A,src/viz/session_keys.py,39,rotate_generation_id,public,(),无显式输入参数,返回 `str` 类型结果,生成`rotate_generation_id`文本；返回 `str` 类型结果。,按源码执行顺序经过 `uuid.uuid4`；不包含显式控制分支。,无需调用方提供显式参数；所属软件单元已经初始化并满足关联需求约束,返回 `str` 类型结果；静态扫描未发现直接外部副作用,未发现显式 raise,未检测到直接副作用,在调用方线程同步执行,str;uuid.uuid4,0,4,medium,ARC-VIZ,SWR-ADV-002;SWR-ADV-004;SWR-ARC-002;SWR-UI-001;SWR-UI-002,,静态分析与组件级验证,已按实现建立基线
FUN-35B294EBF2,UNIT-6FA4E87F8A,src/viz/session_keys.py,45,invalidate_report_cache,public,(),无显式输入参数,无返回值（None）,执行`invalidate_report_cache`处理；可能影响共享状态；无返回值（None）。,按源码执行顺序经过 `job_key` → `drop_job` → `session_id` → `rotate_generation_id` → `st.session_state.pop`；不包含显式控制分支。,无需调用方提供显式参数；所属软件单元已经初始化并满足关联需求约束,无返回值（None）；可观察变化限于共享状态,未发现显式 raise,共享状态变更,在调用方线程同步执行,job_key;drop_job;session_id;rotate_generation_id;st.session_state.pop,0,7,medium,ARC-VIZ,SWR-ADV-002;SWR-ADV-004;SWR-ARC-002;SWR-UI-001;SWR-UI-002,,静态分析与组件级验证,已按实现建立基线
FUN-2FD5708C36,UNIT-202DB41FE0,src/viz/streamlit_common.py,57,_session_id,internal,(),无显式输入参数,返回 `str` 类型结果,生成`session_id`文本；返回 `str` 类型结果。,按源码执行顺序经过 `uuid.uuid4`；包含 1 个条件、循环、异常或模式匹配分支，分支结果汇入返回或状态更新。,无需调用方提供显式参数；所属软件单元已经初始化并满足关联需求约束,返回 `str` 类型结果；静态扫描未发现直接外部副作用,未发现显式 raise,未检测到直接副作用,在调用方线程同步执行,str;uuid.uuid4,1,4,low,ARC-VIZ,SWR-ADV-002;SWR-ADV-004;SWR-ARC-002;SWR-UI-001;SWR-UI-002,,静态分析与组件级验证,已按实现建立基线
FUN-B7DFDE89B4,UNIT-202DB41FE0,src/viz/streamlit_common.py,63,_generation_id,internal,(),无显式输入参数,返回 `str` 类型结果,生成生成任务标识文本；返回 `str` 类型结果。,按源码执行顺序经过 `uuid.uuid4`；包含 1 个条件、循环、异常或模式匹配分支，分支结果汇入返回或状态更新。,无需调用方提供显式参数；所属软件单元已经初始化并满足关联需求约束,返回 `str` 类型结果；静态扫描未发现直接外部副作用,未发现显式 raise,未检测到直接副作用,在调用方线程同步执行,str;uuid.uuid4,1,4,low,ARC-VIZ,SWR-ADV-002;SWR-ADV-004;SWR-ARC-002;SWR-UI-001;SWR-UI-002,,静态分析与组件级验证,已按实现建立基线
FUN-675C7168FC,UNIT-202DB41FE0,src/viz/streamlit_common.py,69,_job_key,internal,(),无显式输入参数,返回 `str` 类型结果,生成`job_key`文本；返回 `str` 类型结果。,按源码执行顺序经过 `_session_id` → `_generation_id`；不包含显式控制分支。,无需调用方提供显式参数；所属软件单元已经初始化并满足关联需求约束,返回 `str` 类型结果；静态扫描未发现直接外部副作用,未发现显式 raise,未检测到直接副作用,在调用方线程同步执行,_session_id;_generation_id,0,2,low,ARC-VIZ,SWR-ADV-002;SWR-ADV-004;SWR-ARC-002;SWR-UI-001;SWR-UI-002,,静态分析与组件级验证,已按实现建立基线
FUN-4BD443C8F3,UNIT-202DB41FE0,src/viz/streamlit_common.py,73,bootstrap_env,public,(),无显式输入参数,无返回值（None）,执行`bootstrap_env`处理；可能影响文件系统、共享状态；无返回值（None）。,按源码执行顺序经过 `resolve` → `Path` → `env_path.exists` → `splitlines` → `env_path.read_text` → `line.strip` → `line.startswith` → `line.split`；包含 8 个条件、循环、异常或模式匹配分支，分支结果汇入返回或状态更新。,无需调用方提供显式参数；所属软件单元已经初始化并满足关联需求约束；相关路径满足读取或写入权限及目录边界,无返回值（None）；可观察变化限于文件系统、共享状态,未发现显式 raise,文件系统读写；共享状态变更,在调用方线程同步执行,resolve;Path;env_path.exists;splitlines;env_path.read_text;line.strip;line.startswith;line.split;key.strip;val.strip;os.environ.get;os.environ.setdefault;winreg.OpenKey;winreg.QueryValueEx;strip;server.split;winreg.CloseKey,8,32,medium,ARC-VIZ,SWR-ADV-002;SWR-ADV-004;SWR-ARC-002;SWR-UI-001;SWR-UI-002,,静态分析与组件级验证,已按实现建立基线
FUN-CD1E50E1DE,UNIT-202DB41FE0,src/viz/streamlit_common.py,107,missing_runtime_dependencies,public,(),无显式输入参数,返回 `list[str]` 类型结果,构建`missing_runtime_dependencies`；返回 `list[str]` 类型结果。,按源码执行顺序经过 `missing.append`；包含 1 个条件、循环、异常或模式匹配分支，分支结果汇入返回或状态更新。,无需调用方提供显式参数；所属软件单元已经初始化并满足关联需求约束,返回 `list[str]` 类型结果；静态扫描未发现直接外部副作用,未发现显式 raise,未检测到直接副作用,在调用方线程同步执行,missing.append,1,8,medium,ARC-VIZ,SWR-ADV-002;SWR-ADV-004;SWR-ARC-002;SWR-UI-001;SWR-UI-002,,静态分析与组件级验证,已按实现建立基线
FUN-86E5501024,UNIT-202DB41FE0,src/viz/streamlit_common.py,117,render_runtime_dependency_banner,public,(),无显式输入参数,无返回值（None）,渲染`runtime_dependency_banner`；无返回值（None）。,按源码执行顺序经过 `missing_runtime_dependencies` → `st.error` → `join`；包含 1 个条件、循环、异常或模式匹配分支，分支结果汇入返回或状态更新。,无需调用方提供显式参数；所属软件单元已经初始化并满足关联需求约束,无返回值（None）；静态扫描未发现直接外部副作用,未发现显式 raise,未检测到直接副作用,在调用方线程同步执行,missing_runtime_dependencies;st.error;join,1,10,medium,ARC-VIZ,SWR-ADV-002;SWR-ADV-004;SWR-ARC-002;SWR-UI-001;SWR-UI-002,,静态分析与组件级验证,已按实现建立基线
FUN-D2BE30AF9F,UNIT-202DB41FE0,src/viz/streamlit_common.py,129,page_setup,public,(),无显式输入参数,无返回值（None）,执行`page_setup`处理；无返回值（None）。,按源码执行顺序经过 `bootstrap_env` → `setup_logging` → `st.markdown`；不包含显式控制分支。,无需调用方提供显式参数；所属软件单元已经初始化并满足关联需求约束,无返回值（None）；静态扫描未发现直接外部副作用,未发现显式 raise,未检测到直接副作用,在调用方线程同步执行,bootstrap_env;setup_logging;st.markdown,0,6,medium,ARC-VIZ,SWR-ADV-002;SWR-ADV-004;SWR-ARC-002;SWR-UI-001;SWR-UI-002,,静态分析与组件级验证,已按实现建立基线
FUN-AFF4DBD771,UNIT-202DB41FE0,src/viz/streamlit_common.py,137,init_page,public,"(*, title_suffix: str='')",`title_suffix`（str）：由 `title_suffix` 表示的文本或标识；默认值 `''`,无返回值（None）,初始化`page`；无返回值（None）。,按源码执行顺序经过 `bootstrap_env` → `setup_logging` → `st.set_page_config` → `st.markdown`；包含 1 个条件、循环、异常或模式匹配分支，分支结果汇入返回或状态更新。,调用方提供满足参数类型、取值语义和默认值约定的输入；所属软件单元已经初始化并满足关联需求约束,无返回值（None）；静态扫描未发现直接外部副作用,未发现显式 raise,未检测到直接副作用,在调用方线程同步执行,bootstrap_env;setup_logging;st.set_page_config;st.markdown,1,10,medium,ARC-VIZ,SWR-ADV-002;SWR-ADV-004;SWR-ARC-002;SWR-UI-001;SWR-UI-002,,静态分析与组件级验证,已按实现建立基线
FUN-4A59A3158D,UNIT-202DB41FE0,src/viz/streamlit_common.py,149,_on_request_reconfigure,internal,(),无显式输入参数,无返回值（None）,执行`on_request_reconfigure`处理；可能影响共享状态；无返回值（None）。,按源码执行顺序经过 `log.info` → `st.session_state.pop`；不包含显式控制分支。,无需调用方提供显式参数；所属软件单元已经初始化并满足关联需求约束,无返回值（None）；可观察变化限于共享状态,未发现显式 raise,共享状态变更,在调用方线程同步执行,log.info;st.session_state.pop,0,7,low,ARC-VIZ,SWR-ADV-002;SWR-ADV-004;SWR-ARC-002;SWR-UI-001;SWR-UI-002,,静态分析与组件级验证,已按实现建立基线
FUN-4A02EC5564,UNIT-202DB41FE0,src/viz/streamlit_common.py,158,render_sidebar_refresh_button,public,(),无显式输入参数,无返回值（None）,渲染`sidebar_refresh_button`；无返回值（None）。,按源码执行顺序经过 `st.sidebar.button`；不包含显式控制分支。,无需调用方提供显式参数；所属软件单元已经初始化并满足关联需求约束,无返回值（None）；静态扫描未发现直接外部副作用,未发现显式 raise,未检测到直接副作用,在调用方线程同步执行,st.sidebar.button,0,7,medium,ARC-VIZ,SWR-ADV-002;SWR-ADV-004;SWR-ARC-002;SWR-UI-001;SWR-UI-002,,静态分析与组件级验证,已按实现建立基线
FUN-E229DF7619,UNIT-202DB41FE0,src/viz/streamlit_common.py,167,render_sidebar_header,public,(),无显式输入参数,无返回值（None）,渲染`sidebar_header`；无返回值（None）。,按源码执行顺序经过 `st.sidebar.markdown` → `st.sidebar.caption` → `short_model_name` → `render_sidebar_replay` → `render_sidebar_refresh_button`；包含 1 个条件、循环、异常或模式匹配分支，分支结果汇入返回或状态更新。,无需调用方提供显式参数；所属软件单元已经初始化并满足关联需求约束,无返回值（None）；静态扫描未发现直接外部副作用,未发现显式 raise,未检测到直接副作用,在调用方线程同步执行,st.sidebar.markdown;st.sidebar.caption;short_model_name;render_sidebar_replay;render_sidebar_refresh_button,1,15,medium,ARC-VIZ,SWR-ADV-002;SWR-ADV-004;SWR-ARC-002;SWR-UI-001;SWR-UI-002,,静态分析与组件级验证,已按实现建立基线
FUN-943D58E197,UNIT-202DB41FE0,src/viz/streamlit_common.py,184,render_sidebar_footer,public,(data: dict | None=None),`data`（dict | None）：输入数据；默认值 `None`,无返回值（None）,渲染`sidebar_footer`；可能影响共享状态；无返回值（None）。,按源码执行顺序经过 `coerce_run_config` → `st.session_state.get` → `mode_value_to_label` → `st.sidebar.caption` → `active_config.fingerprint` → `st.sidebar.expander` → `st.table` → `indicator_table_rows`；包含 2 个条件、循环、异常或模式匹配分支，分支结果汇入返回或状态更新。,调用方提供满足参数类型、取值语义和默认值约定的输入；所属软件单元已经初始化并满足关联需求约束,无返回值（None）；可观察变化限于共享状态,未发现显式 raise,共享状态变更,在调用方线程同步执行,coerce_run_config;st.session_state.get;mode_value_to_label;st.sidebar.caption;active_config.fingerprint;st.sidebar.expander;st.table;indicator_table_rows;indicator_snapshot,2,11,medium,ARC-VIZ,SWR-ADV-002;SWR-ADV-004;SWR-ARC-002;SWR-UI-001;SWR-UI-002,,静态分析与组件级验证,已按实现建立基线
FUN-460DFFDB7C,UNIT-202DB41FE0,src/viz/streamlit_common.py,197,_resolve_confirmed_run_config,internal,(),无显式输入参数,返回 `RunConfig | None` 类型结果,解析并选择`confirmed_run_config`；可能影响共享状态；返回 `RunConfig | None` 类型结果。,按源码执行顺序经过 `coerce_run_config` → `st.session_state.get`；不包含显式控制分支。,无需调用方提供显式参数；所属软件单元已经初始化并满足关联需求约束,返回 `RunConfig | None` 类型结果；可观察变化限于共享状态,未发现显式 raise,共享状态变更,在调用方线程同步执行,coerce_run_config;st.session_state.get,0,2,low,ARC-VIZ,SWR-ADV-002;SWR-ADV-004;SWR-ARC-002;SWR-UI-001;SWR-UI-002,,静态分析与组件级验证,已按实现建立基线
FUN-9A85354A87,UNIT-202DB41FE0,src/viz/streamlit_common.py,201,_render_waiting_ui,internal,"(job_key_str: str, *, show_generation_ui: bool)",`job_key_str`（str）：由 `job_key_str` 表示的文本或标识；`show_generation_ui`（bool）：控制对应行为是否启用的布尔值,无返回值（None）,渲染`waiting_ui`；可能影响共享状态；无返回值（None）。,按源码执行顺序经过 `render_page_hero` → `st.empty` → `st.fragment` → `timedelta` → `get_job` → `_session_id` → `panel_slot.container` → `live.get`；包含 5 个条件、循环、异常或模式匹配分支，分支结果汇入返回或状态更新。,调用方提供满足参数类型、取值语义和默认值约定的输入；所属软件单元已经初始化并满足关联需求约束,无返回值（None）；可观察变化限于共享状态,未发现显式 raise,共享状态变更,在调用方线程同步执行,render_page_hero;st.empty;st.fragment;timedelta;get_job;_session_id;panel_slot.container;live.get;render_live_llm_process_panel;st.caption;pipeline_progress_headline;st.rerun;log.exception;st.warning;_live_poll,5,29,low,ARC-VIZ,SWR-ADV-002;SWR-ADV-004;SWR-ARC-002;SWR-UI-001;SWR-UI-002,,静态分析与组件级验证,已按实现建立基线
FUN-19D89F3693,UNIT-202DB41FE0,src/viz/streamlit_common.py,214,_render_waiting_ui._live_poll,internal,(),无显式输入参数,无返回值（None）,执行`live_poll`处理；可能影响共享状态；无返回值（None）。,按源码执行顺序经过 `st.fragment` → `timedelta` → `get_job` → `_session_id` → `panel_slot.container` → `live.get` → `render_live_llm_process_panel` → `st.caption`；包含 4 个条件、循环、异常或模式匹配分支，分支结果汇入返回或状态更新。,无需调用方提供显式参数；所属软件单元已经初始化并满足关联需求约束,无返回值（None）；可观察变化限于共享状态,未发现显式 raise,共享状态变更,在调用方线程同步执行,st.fragment;timedelta;get_job;_session_id;panel_slot.container;live.get;render_live_llm_process_panel;st.caption;pipeline_progress_headline;st.rerun;log.exception;st.warning,4,14,low,ARC-VIZ,SWR-ADV-002;SWR-ADV-004;SWR-ARC-002;SWR-UI-001;SWR-UI-002,,静态分析与组件级验证,已按实现建立基线
FUN-DB56A44E6C,UNIT-202DB41FE0,src/viz/streamlit_common.py,232,_render_external_waiting,internal,(job_key_str: str),`job_key_str`（str）：由 `job_key_str` 表示的文本或标识,无返回值（None）,渲染`external_waiting`；可能影响共享状态；无返回值（None）。,按源码执行顺序经过 `render_page_hero` → `st.empty` → `st.fragment` → `timedelta` → `get_job` → `_session_id` → `live.get` → `st.rerun`；包含 5 个条件、循环、异常或模式匹配分支，分支结果汇入返回或状态更新。,调用方提供满足参数类型、取值语义和默认值约定的输入；所属软件单元已经初始化并满足关联需求约束,无返回值（None）；可观察变化限于共享状态,未发现显式 raise,共享状态变更,在调用方线程同步执行,render_page_hero;st.empty;st.fragment;timedelta;get_job;_session_id;live.get;st.rerun;steps_slot.container;render_progress_steps;pipeline_progress_headline;st.info;llm_slot.container;render_live_llm_status_lightweight;log.exception;st.warning;_poll,5,37,low,ARC-VIZ,SWR-ADV-002;SWR-ADV-004;SWR-ARC-002;SWR-UI-001;SWR-UI-002,,静态分析与组件级验证,已按实现建立基线
FUN-4CB4B42E37,UNIT-202DB41FE0,src/viz/streamlit_common.py,247,_render_external_waiting._poll,internal,(),无显式输入参数,无返回值（None）,执行`poll`处理；可能影响共享状态；无返回值（None）。,按源码执行顺序经过 `st.fragment` → `timedelta` → `get_job` → `_session_id` → `live.get` → `st.rerun` → `steps_slot.container` → `render_progress_steps`；包含 5 个条件、循环、异常或模式匹配分支，分支结果汇入返回或状态更新。,无需调用方提供显式参数；所属软件单元已经初始化并满足关联需求约束,无返回值（None）；可观察变化限于共享状态,未发现显式 raise,共享状态变更,在调用方线程同步执行,st.fragment;timedelta;get_job;_session_id;live.get;st.rerun;steps_slot.container;render_progress_steps;pipeline_progress_headline;st.info;llm_slot.container;render_live_llm_status_lightweight;log.exception;st.warning,5,20,low,ARC-VIZ,SWR-ADV-002;SWR-ADV-004;SWR-ARC-002;SWR-UI-001;SWR-UI-002,,静态分析与组件级验证,已按实现建立基线
FUN-CD1636A5B5,UNIT-202DB41FE0,src/viz/streamlit_common.py,271,ensure_external_data,public,(),无显式输入参数,返回 `dict` 类型结果,确保`external_data`；可能影响共享状态；返回 `dict` 类型结果。,按源码执行顺序经过 `purge_expired` → `st.session_state.pop` → `invalidate_report_cache` → `st.session_state.get` → `render_run_config_panel` → `_resolve_confirmed_run_config` → `run_config.fingerprint` → `_job_key`；包含 10 个条件、循环、异常或模式匹配分支，分支结果汇入返回或状态更新。,无需调用方提供显式参数；所属软件单元已经初始化并满足关联需求约束,返回 `dict` 类型结果；可观察变化限于共享状态,未发现显式 raise,共享状态变更,在调用方线程同步执行,purge_expired;st.session_state.pop;invalidate_report_cache;st.session_state.get;render_run_config_panel;_resolve_confirmed_run_config;run_config.fingerprint;_job_key;load_replay_bundle;st.error;st.stop;external_payload_from_report;_generation_id;get_job;_session_id;log.exception;format_generation_error;job.live.get;start_generation;_render_external_waiting,10,56,medium,ARC-VIZ,SWR-ADV-002;SWR-ADV-004;SWR-ARC-002;SWR-UI-001;SWR-UI-002,,静态分析与组件级验证,已按实现建立基线
FUN-2543FA4F8F,UNIT-202DB41FE0,src/viz/streamlit_common.py,329,ensure_report,public,"(*, show_generation_ui: bool=True)",`show_generation_ui`（bool）：控制对应行为是否启用的布尔值；默认值 `True`,"返回 `tuple[dict, dict, dict]` 类型结果","确保报告；可能影响共享状态；返回 `tuple[dict, dict, dict]` 类型结果。",按源码执行顺序经过 `purge_expired` → `st.session_state.pop` → `invalidate_report_cache` → `st.session_state.get` → `render_run_config_panel` → `_resolve_confirmed_run_config` → `run_config.fingerprint` → `_job_key`；包含 8 个条件、循环、异常或模式匹配分支，分支结果汇入返回或状态更新。,调用方提供满足参数类型、取值语义和默认值约定的输入；所属软件单元已经初始化并满足关联需求约束,"返回 `tuple[dict, dict, dict]` 类型结果；可观察变化限于共享状态",未发现显式 raise,共享状态变更,在调用方线程同步执行,purge_expired;st.session_state.pop;invalidate_report_cache;st.session_state.get;render_run_config_panel;_resolve_confirmed_run_config;run_config.fingerprint;_job_key;_generation_id;get_job;_session_id;job.live.get;log.exception;st.markdown;render_progress_steps;st.error;format_generation_error;st.caption;st.stop;start_generation,8,49,medium,ARC-VIZ,SWR-ADV-002;SWR-ADV-004;SWR-ARC-002;SWR-UI-001;SWR-UI-002,tests/unit/test_streamlit_ensure_report.py,直接动态测试,已按实现建立基线
FUN-2268BF01CA,UNIT-202DB41FE0,src/viz/streamlit_common.py,380,_store_report_bundle,internal,"(job_key_str: str, bundle: tuple[dict, dict, dict], run_config_fingerprint: str)","`job_key_str`（str）：由 `job_key_str` 表示的文本或标识；`bundle`（tuple[dict, dict, dict]）：由 `bundle` 表示的键值映射；`run_config_fingerprint`（str）：由 `run_config_fingerprint` 表示的文本或标识","返回 `tuple[dict, dict, dict]` 类型结果","构建`store_report_bundle`；返回 `tuple[dict, dict, dict]` 类型结果。",按源码执行顺序经过 `drop_job` → `_session_id` → `_generation_id`；不包含显式控制分支。,调用方提供满足参数类型、取值语义和默认值约定的输入；所属软件单元已经初始化并满足关联需求约束,"返回 `tuple[dict, dict, dict]` 类型结果；静态扫描未发现直接外部副作用",未发现显式 raise,未检测到直接副作用,在调用方线程同步执行,drop_job;_session_id;_generation_id,0,10,low,ARC-VIZ,SWR-ADV-002;SWR-ADV-004;SWR-ARC-002;SWR-UI-001;SWR-UI-002,tests/unit/test_streamlit_ensure_report.py,直接动态测试,已按实现建立基线
